ICD.10,eng,subcategory,category
I20,Angina pectoris,ischemic_disease,cardiovascular
I20.0,Unstable angina,ischemic_disease,cardiovascular
I20.1,Angina pectoris with documented spasm,ischemic_disease,cardiovascular
I20.2,Refractory angina pectoris,ischemic_disease,cardiovascular
I20.8,Other forms of angina pectoris,ischemic_disease,cardiovascular
I20.9,"Angina pectoris, unspecified",ischemic_disease,cardiovascular
I21,Acute myocardial infarction,ischemic_disease,cardiovascular
I21.0,ST elevation (STEMI) myocardial infarction of anterior wall,ischemic_disease,cardiovascular
I21.01,ST elevation (STEMI) myocardial infarction involving left main coronary artery,ischemic_disease,cardiovascular
I21.02,ST elevation (STEMI) myocardial infarction involving left anterior descending coronary artery,ischemic_disease,cardiovascular
I21.09,ST elevation (STEMI) myocardial infarction involving other coronary artery of anterior wall,ischemic_disease,cardiovascular
I21.1,ST elevation (STEMI) myocardial infarction of inferior wall,ischemic_disease,cardiovascular
I21.11,ST elevation (STEMI) myocardial infarction involving right coronary artery,ischemic_disease,cardiovascular
I21.19,ST elevation (STEMI) myocardial infarction involving other coronary artery of inferior wall,ischemic_disease,cardiovascular
I21.2,ST elevation (STEMI) myocardial infarction of other sites,ischemic_disease,cardiovascular
I21.21,ST elevation (STEMI) myocardial infarction involving left circumflex coronary artery,ischemic_disease,cardiovascular
I21.29,ST elevation (STEMI) myocardial infarction involving other sites,ischemic_disease,cardiovascular
I21.3,ST elevation (STEMI) myocardial infarction of unspecified site,ischemic_disease,cardiovascular
I21.4,Non-ST elevation (NSTEMI) myocardial infarction,ischemic_disease,cardiovascular
I21.9,"Acute myocardial infarction, unspecified",ischemic_disease,cardiovascular
I21.A,Other type of myocardial infarction,ischemic_disease,cardiovascular
I21.A1,Myocardial infarction type 2,ischemic_disease,cardiovascular
I21.A9,Other myocardial infarction type,ischemic_disease,cardiovascular
I22,Subsequent ST elevation (STEMI) and non-ST elevation (NSTEMI) myocardial infarction,ischemic_disease,cardiovascular
I22.0,Subsequent ST elevation (STEMI) myocardial infarction of anterior wall,ischemic_disease,cardiovascular
I22.1,Subsequent ST elevation (STEMI) myocardial infarction of inferior wall,ischemic_disease,cardiovascular
I22.2,Subsequent non-ST elevation (NSTEMI) myocardial infarction,ischemic_disease,cardiovascular
I22.8,Subsequent ST elevation (STEMI) myocardial infarction of other sites,ischemic_disease,cardiovascular
I22.9,Subsequent ST elevation (STEMI) myocardial infarction of unspecified site,ischemic_disease,cardiovascular
I23,Certain current complications following ST elevation (STEMI) and non-ST elevation (NSTEMI) myocardial infarction (within the 28 day period),ischemic_disease,cardiovascular
I23.0,Hemopericardium as current complication following acute myocardial infarction,ischemic_disease,cardiovascular
I23.1,Atrial septal defect as current complication following acute myocardial infarction,ischemic_disease,cardiovascular
I23.2,Ventricular septal defect as current complication following acute myocardial infarction,ischemic_disease,cardiovascular
I23.3,Rupture of cardiac wall without hemopericardium as current complication following acute myocardial infarction,ischemic_disease,cardiovascular
I23.4,Rupture of chordae tendineae as current complication following acute myocardial infarction,ischemic_disease,cardiovascular
I23.5,Rupture of papillary muscle as current complication following acute myocardial infarction,ischemic_disease,cardiovascular
I23.6,"Thrombosis of atrium, auricular appendage, and ventricle as current complications following acute myocardial infarction",ischemic_disease,cardiovascular
I23.7,Postinfarction angina,ischemic_disease,cardiovascular
I23.8,Other current complications following acute myocardial infarction,ischemic_disease,cardiovascular
I24,Other acute ischemic heart diseases,ischemic_disease,cardiovascular
I24.0,Acute coronary thrombosis not resulting in myocardial infarction,ischemic_disease,cardiovascular
I24.1,Dressler's syndrome,ischemic_disease,cardiovascular
I24.8,Other forms of acute ischemic heart disease,ischemic_disease,cardiovascular
I24.9,"Acute ischemic heart disease, unspecified",ischemic_disease,cardiovascular
I25,Chronic ischemic heart disease,ischemic_disease,cardiovascular
I25.1,Atherosclerotic heart disease of native coronary artery,ischemic_disease,cardiovascular
I25.10,Atherosclerotic heart disease of native coronary artery without angina pectoris,ischemic_disease,cardiovascular
I25.11,Atherosclerotic heart disease of native coronary artery with angina pectoris,ischemic_disease,cardiovascular
I25.110,Atherosclerotic heart disease of native coronary artery with unstable angina pectoris,ischemic_disease,cardiovascular
I25.111,Atherosclerotic heart disease of native coronary artery with angina pectoris with documented spasm,ischemic_disease,cardiovascular
I25.112,Atherosclerosic heart disease of native coronary artery with refractory angina pectoris,ischemic_disease,cardiovascular
I25.118,Atherosclerotic heart disease of native coronary artery with other forms of angina pectoris,ischemic_disease,cardiovascular
I25.119,Atherosclerotic heart disease of native coronary artery with unspecified angina pectoris,ischemic_disease,cardiovascular
I25.2,Old myocardial infarction,ischemic_disease,cardiovascular
I25.3,Aneurysm of heart,ischemic_disease,cardiovascular
I25.4,Coronary artery aneurysm and dissection,ischemic_disease,cardiovascular
I25.41,Coronary artery aneurysm,ischemic_disease,cardiovascular
I25.42,Coronary artery dissection,ischemic_disease,cardiovascular
I25.5,Ischemic cardiomyopathy,ischemic_disease,cardiovascular
I25.6,Silent myocardial ischemia,ischemic_disease,cardiovascular
I25.7,Atherosclerosis of coronary artery bypass graft(s) and coronary artery of transplanted heart with angina pectoris,ischemic_disease,cardiovascular
I25.70,"Atherosclerosis of coronary artery bypass graft(s), unspecified, with angina pectoris",ischemic_disease,cardiovascular
I25.700,"Atherosclerosis of coronary artery bypass graft(s), unspecified, with unstable angina pectoris",ischemic_disease,cardiovascular
I25.701,"Atherosclerosis of coronary artery bypass graft(s), unspecified, with angina pectoris with documented spasm",ischemic_disease,cardiovascular
I25.702,"Atherosclerosis of coronary artery bypass graft(s), unspecified, with refractory angina pectoris",ischemic_disease,cardiovascular
I25.708,"Atherosclerosis of coronary artery bypass graft(s), unspecified, with other forms of angina pectoris",ischemic_disease,cardiovascular
I25.709,"Atherosclerosis of coronary artery bypass graft(s), unspecified, with unspecified angina pectoris",ischemic_disease,cardiovascular
I25.71,Atherosclerosis of autologous vein coronary artery bypass graft(s) with angina pectoris,ischemic_disease,cardiovascular
I25.710,Atherosclerosis of autologous vein coronary artery bypass graft(s) with unstable angina pectoris,ischemic_disease,cardiovascular
I25.711,Atherosclerosis of autologous vein coronary artery bypass graft(s) with angina pectoris with documented spasm,ischemic_disease,cardiovascular
I25.712,Atherosclerosis of autologous vein coronary artery bypass graft(s) with refractory angina pectoris,ischemic_disease,cardiovascular
I25.718,Atherosclerosis of autologous vein coronary artery bypass graft(s) with other forms of angina pectoris,ischemic_disease,cardiovascular
I25.719,Atherosclerosis of autologous vein coronary artery bypass graft(s) with unspecified angina pectoris,ischemic_disease,cardiovascular
I25.72,Atherosclerosis of autologous artery coronary artery bypass graft(s) with angina pectoris,ischemic_disease,cardiovascular
I25.720,Atherosclerosis of autologous artery coronary artery bypass graft(s) with unstable angina pectoris,ischemic_disease,cardiovascular
I25.721,Atherosclerosis of autologous artery coronary artery bypass graft(s) with angina pectoris with documented spasm,ischemic_disease,cardiovascular
I25.722,Atherosclerosis of autologous artery coronary artery bypass graft(s) with refractory angina pectoris,ischemic_disease,cardiovascular
I25.728,Atherosclerosis of autologous artery coronary artery bypass graft(s) with other forms of angina pectoris,ischemic_disease,cardiovascular
I25.729,Atherosclerosis of autologous artery coronary artery bypass graft(s) with unspecified angina pectoris,ischemic_disease,cardiovascular
I25.73,Atherosclerosis of nonautologous biological coronary artery bypass graft(s) with angina pectoris,ischemic_disease,cardiovascular
I25.730,Atherosclerosis of nonautologous biological coronary artery bypass graft(s) with unstable angina pectoris,ischemic_disease,cardiovascular
I25.731,Atherosclerosis of nonautologous biological coronary artery bypass graft(s) with angina pectoris with documented spasm,ischemic_disease,cardiovascular
I25.732,Atherosclerosis of nonautologous biological coronary artery bypass graft(s) with refractory angina pectoris,ischemic_disease,cardiovascular
I25.738,Atherosclerosis of nonautologous biological coronary artery bypass graft(s) with other forms of angina pectoris,ischemic_disease,cardiovascular
I25.739,Atherosclerosis of nonautologous biological coronary artery bypass graft(s) with unspecified angina pectoris,ischemic_disease,cardiovascular
I25.75,Atherosclerosis of native coronary artery of transplanted heart with angina pectoris,ischemic_disease,cardiovascular
I25.750,Atherosclerosis of native coronary artery of transplanted heart with unstable angina,ischemic_disease,cardiovascular
I25.751,Atherosclerosis of native coronary artery of transplanted heart with angina pectoris with documented spasm,ischemic_disease,cardiovascular
I25.752,Atherosclerosis of native coronary artery of transplanted heart with refractory angina pectoris,ischemic_disease,cardiovascular
I25.758,Atherosclerosis of native coronary artery of transplanted heart with other forms of angina pectoris,ischemic_disease,cardiovascular
I25.759,Atherosclerosis of native coronary artery of transplanted heart with unspecified angina pectoris,ischemic_disease,cardiovascular
I25.76,Atherosclerosis of bypass graft of coronary artery of transplanted heart with angina pectoris,ischemic_disease,cardiovascular
I25.760,Atherosclerosis of bypass graft of coronary artery of transplanted heart with unstable angina,ischemic_disease,cardiovascular
I25.761,Atherosclerosis of bypass graft of coronary artery of transplanted heart with angina pectoris with documented spasm,ischemic_disease,cardiovascular
I25.762,Atherosclerosis of bypass graft of coronary artery of transplanted heart with refractory angina pectoris,ischemic_disease,cardiovascular
I25.768,Atherosclerosis of bypass graft of coronary artery of transplanted heart with other forms of angina pectoris,ischemic_disease,cardiovascular
I25.769,Atherosclerosis of bypass graft of coronary artery of transplanted heart with unspecified angina pectoris,ischemic_disease,cardiovascular
I25.79,Atherosclerosis of other coronary artery bypass graft(s) with angina pectoris,ischemic_disease,cardiovascular
I25.790,Atherosclerosis of other coronary artery bypass graft(s) with unstable angina pectoris,ischemic_disease,cardiovascular
I25.791,Atherosclerosis of other coronary artery bypass graft(s) with angina pectoris with documented spasm,ischemic_disease,cardiovascular
I25.792,Atherosclerosis of other coronary artery bypass graft(s) with refractory angina pectoris,ischemic_disease,cardiovascular
I25.798,Atherosclerosis of other coronary artery bypass graft(s) with other forms of angina pectoris,ischemic_disease,cardiovascular
I25.799,Atherosclerosis of other coronary artery bypass graft(s) with unspecified angina pectoris,ischemic_disease,cardiovascular
I25.8,Other forms of chronic ischemic heart disease,ischemic_disease,cardiovascular
I25.81,Atherosclerosis of other coronary vessels without angina pectoris,ischemic_disease,cardiovascular
I25.810,Atherosclerosis of coronary artery bypass graft(s) without angina pectoris,ischemic_disease,cardiovascular
I25.811,Atherosclerosis of native coronary artery of transplanted heart without angina pectoris,ischemic_disease,cardiovascular
I25.812,Atherosclerosis of bypass graft of coronary artery of transplanted heart without angina pectoris,ischemic_disease,cardiovascular
I25.82,Chronic total occlusion of coronary artery,ischemic_disease,cardiovascular
I25.83,Coronary atherosclerosis due to lipid rich plaque,ischemic_disease,cardiovascular
I25.84,Coronary atherosclerosis due to calcified coronary lesion,ischemic_disease,cardiovascular
I25.89,Other forms of chronic ischemic heart disease,ischemic_disease,cardiovascular
I25.9,"Chronic ischemic heart disease, unspecified",ischemic_disease,cardiovascular
I47,Paroxysmal tachycardia,arrhythmia,cardiovascular
I47.0,Re-entry ventricular arrhythmia,arrhythmia,cardiovascular
I47.1,Supraventricular tachycardia,arrhythmia,cardiovascular
I47.2,Ventricular tachycardia,arrhythmia,cardiovascular
I47.20,"Ventricular tachycardia, unspecified",arrhythmia,cardiovascular
I47.21,Torsades de pointes,arrhythmia,cardiovascular
I47.29,Other ventricular tachycardia,arrhythmia,cardiovascular
I47.9,"Paroxysmal tachycardia, unspecified",arrhythmia,cardiovascular
I48,Atrial fibrillation and flutter,arrhythmia,cardiovascular
I48.0,Paroxysmal atrial fibrillation,arrhythmia,cardiovascular
I48.1,Persistent atrial fibrillation,arrhythmia,cardiovascular
I48.11,Longstanding persistent atrial fibrillation,arrhythmia,cardiovascular
I48.19,Other persistent atrial fibrillation,arrhythmia,cardiovascular
I48.2,Chronic atrial fibrillation,arrhythmia,cardiovascular
I48.20,"Chronic atrial fibrillation, unspecified",arrhythmia,cardiovascular
I48.21,Permanent atrial fibrillation,arrhythmia,cardiovascular
I48.3,Typical atrial flutter,arrhythmia,cardiovascular
I48.4,Atypical atrial flutter,arrhythmia,cardiovascular
I48.9,Unspecified atrial fibrillation and atrial flutter,arrhythmia,cardiovascular
I48.91,Unspecified atrial fibrillation,arrhythmia,cardiovascular
I48.92,Unspecified atrial flutter,arrhythmia,cardiovascular
I49,Other cardiac arrhythmias,arrhythmia,cardiovascular
I49.0,Ventricular fibrillation and flutter,arrhythmia,cardiovascular
I49.01,Ventricular fibrillation,arrhythmia,cardiovascular
I49.02,Ventricular flutter,arrhythmia,cardiovascular
I49.1,Atrial premature depolarization,arrhythmia,cardiovascular
I49.2,Junctional premature depolarization,arrhythmia,cardiovascular
I49.3,Ventricular premature depolarization,arrhythmia,cardiovascular
I49.4,Other and unspecified premature depolarization,arrhythmia,cardiovascular
I49.40,Unspecified premature depolarization,arrhythmia,cardiovascular
I49.49,Other premature depolarization,arrhythmia,cardiovascular
I49.5,Sick sinus syndrome,arrhythmia,cardiovascular
I49.8,Other specified cardiac arrhythmias,arrhythmia,cardiovascular
I49.9,"Cardiac arrhythmia, unspecified",arrhythmia,cardiovascular
I50,Heart failure,heart_failure,cardiovascular
I50.1,"Left ventricular failure, unspecified",heart_failure,cardiovascular
I50.2,Systolic (congestive) heart failure,heart_failure,cardiovascular
I50.20,Unspecified systolic (congestive) heart failure,heart_failure,cardiovascular
I50.21,Acute systolic (congestive) heart failure,heart_failure,cardiovascular
I50.22,Chronic systolic (congestive) heart failure,heart_failure,cardiovascular
I50.23,Acute on chronic systolic (congestive) heart failure,heart_failure,cardiovascular
I50.3,Diastolic (congestive) heart failure,heart_failure,cardiovascular
I50.30,Unspecified diastolic (congestive) heart failure,heart_failure,cardiovascular
I50.31,Acute diastolic (congestive) heart failure,heart_failure,cardiovascular
I50.32,Chronic diastolic (congestive) heart failure,heart_failure,cardiovascular
I50.33,Acute on chronic diastolic (congestive) heart failure,heart_failure,cardiovascular
I50.4,Combined systolic (congestive) and diastolic (congestive) heart failure,heart_failure,cardiovascular
I50.40,Unspecified combined systolic (congestive) and diastolic (congestive) heart failure,heart_failure,cardiovascular
I50.41,Acute combined systolic (congestive) and diastolic (congestive) heart failure,heart_failure,cardiovascular
I50.42,Chronic combined systolic (congestive) and diastolic (congestive) heart failure,heart_failure,cardiovascular
I50.43,Acute on chronic combined systolic (congestive) and diastolic (congestive) heart failure,heart_failure,cardiovascular
I50.8,Other heart failure,heart_failure,cardiovascular
I50.81,Right heart failure,heart_failure,cardiovascular
I50.810,"Right heart failure, unspecified",heart_failure,cardiovascular
I50.811,Acute right heart failure,heart_failure,cardiovascular
I50.812,Chronic right heart failure,heart_failure,cardiovascular
I50.813,Acute on chronic right heart failure,heart_failure,cardiovascular
I50.814,Right heart failure due to left heart failure,heart_failure,cardiovascular
I50.82,Biventricular heart failure,heart_failure,cardiovascular
I50.83,High output heart failure,heart_failure,cardiovascular
I50.84,End stage heart failure,heart_failure,cardiovascular
I50.89,Other heart failure,heart_failure,cardiovascular
I50.9,"Heart failure, unspecified",heart_failure,cardiovascular
I60,Nontraumatic subarachnoid hemorrhage,stroke,cardiovascular
I60.0,Nontraumatic subarachnoid hemorrhage from carotid siphon and bifurcation,stroke,cardiovascular
I60.00,Nontraumatic subarachnoid hemorrhage from unspecified carotid siphon and bifurcation,stroke,cardiovascular
I60.0000,Modified ranking scale 0,stroke,cardiovascular
I60.0001,Modified ranking scale 1,stroke,cardiovascular
I60.0002,Modified ranking scale 2,stroke,cardiovascular
I60.0003,Modified ranking scale 3,stroke,cardiovascular
I60.0004,Modified ranking scale 4,stroke,cardiovascular
I60.0005,Modified ranking scale 5,stroke,cardiovascular
I60.01,Nontraumatic subarachnoid hemorrhage from right carotid siphon and bifurcation,stroke,cardiovascular
I60.02,Nontraumatic subarachnoid hemorrhage from left carotid siphon and bifurcation,stroke,cardiovascular
I60.1,Nontraumatic subarachnoid hemorrhage from middle cerebral artery,stroke,cardiovascular
I60.10,Nontraumatic subarachnoid hemorrhage from unspecified middle cerebral artery,stroke,cardiovascular
I60.11,Nontraumatic subarachnoid hemorrhage from right middle cerebral artery,stroke,cardiovascular
I60.12,Nontraumatic subarachnoid hemorrhage from left middle cerebral artery,stroke,cardiovascular
I60.2,Nontraumatic subarachnoid hemorrhage from anterior communicating artery,stroke,cardiovascular
I60.3,Nontraumatic subarachnoid hemorrhage from posterior communicating artery,stroke,cardiovascular
I60.30,Nontraumatic subarachnoid hemorrhage from unspecified posterior communicating artery,stroke,cardiovascular
I60.31,Nontraumatic subarachnoid hemorrhage from right posterior communicating artery,stroke,cardiovascular
I60.32,Nontraumatic subarachnoid hemorrhage from left posterior communicating artery,stroke,cardiovascular
I60.4,Nontraumatic subarachnoid hemorrhage from basilar artery,stroke,cardiovascular
I60.5,Nontraumatic subarachnoid hemorrhage from vertebral artery,stroke,cardiovascular
I60.50,Nontraumatic subarachnoid hemorrhage from unspecified vertebral artery,stroke,cardiovascular
I60.51,Nontraumatic subarachnoid hemorrhage from right vertebral artery,stroke,cardiovascular
I60.52,Nontraumatic subarachnoid hemorrhage from left vertebral artery,stroke,cardiovascular
I60.6,Nontraumatic subarachnoid hemorrhage from other intracranial arteries,stroke,cardiovascular
I60.7,Nontraumatic subarachnoid hemorrhage from unspecified intracranial artery,stroke,cardiovascular
I60.8,Other nontraumatic subarachnoid hemorrhage,stroke,cardiovascular
I60.9,"Nontraumatic subarachnoid hemorrhage, unspecified",stroke,cardiovascular
I61,Nontraumatic intracerebral hemorrhage,stroke,cardiovascular
I61.0,"Nontraumatic intracerebral hemorrhage in hemisphere, subcortical",stroke,cardiovascular
I61.1,"Nontraumatic intracerebral hemorrhage in hemisphere, cortical",stroke,cardiovascular
I61.2,"Nontraumatic intracerebral hemorrhage in hemisphere, unspecified",stroke,cardiovascular
I61.3,Nontraumatic intracerebral hemorrhage in brain stem,stroke,cardiovascular
I61.4,Nontraumatic intracerebral hemorrhage in cerebellum,stroke,cardiovascular
I61.5,"Nontraumatic intracerebral hemorrhage, intraventricular",stroke,cardiovascular
I61.6,"Nontraumatic intracerebral hemorrhage, multiple localized",stroke,cardiovascular
I61.8,Other nontraumatic intracerebral hemorrhage,stroke,cardiovascular
I61.9,"Nontraumatic intracerebral hemorrhage, unspecified",stroke,cardiovascular
I62,Other and unspecified nontraumatic intracranial hemorrhage,stroke,cardiovascular
I62.0,Nontraumatic subdural hemorrhage,stroke,cardiovascular
I62.00,"Nontraumatic subdural hemorrhage, unspecified",stroke,cardiovascular
I62.01,Nontraumatic acute subdural hemorrhage,stroke,cardiovascular
I62.02,Nontraumatic subacute subdural hemorrhage,stroke,cardiovascular
I62.03,Nontraumatic chronic subdural hemorrhage,stroke,cardiovascular
I62.1,Nontraumatic extradural hemorrhage,stroke,cardiovascular
I62.9,"Nontraumatic intracranial hemorrhage, unspecified",stroke,cardiovascular
I63,Cerebral infarction,stroke,cardiovascular
I63.0,Cerebral infarction due to thrombosis of precerebral arteries,stroke,cardiovascular
I63.00,Cerebral infarction due to thrombosis of unspecified precerebral artery,stroke,cardiovascular
I63.01,Cerebral infarction due to thrombosis of vertebral artery,stroke,cardiovascular
I63.011,Cerebral infarction due to thrombosis of right vertebral artery,stroke,cardiovascular
I63.012,Cerebral infarction due to thrombosis of left vertebral artery,stroke,cardiovascular
I63.013,Cerebral infarction due to thrombosis of bilateral vertebral arteries,stroke,cardiovascular
I63.019,Cerebral infarction due to thrombosis of unspecified vertebral artery,stroke,cardiovascular
I63.02,Cerebral infarction due to thrombosis of basilar artery,stroke,cardiovascular
I63.03,Cerebral infarction due to thrombosis of carotid artery,stroke,cardiovascular
I63.031,Cerebral infarction due to thrombosis of right carotid artery,stroke,cardiovascular
I63.032,Cerebral infarction due to thrombosis of left carotid artery,stroke,cardiovascular
I63.033,Cerebral infarction due to thrombosis of bilateral carotid arteries,stroke,cardiovascular
I63.039,Cerebral infarction due to thrombosis of unspecified carotid artery,stroke,cardiovascular
I63.09,Cerebral infarction due to thrombosis of other precerebral artery,stroke,cardiovascular
I63.1,Cerebral infarction due to embolism of precerebral arteries,stroke,cardiovascular
I63.10,Cerebral infarction due to embolism of unspecified precerebral artery,stroke,cardiovascular
I63.11,Cerebral infarction due to embolism of vertebral artery,stroke,cardiovascular
I63.111,Cerebral infarction due to embolism of right vertebral artery,stroke,cardiovascular
I63.112,Cerebral infarction due to embolism of left vertebral artery,stroke,cardiovascular
I63.113,Cerebral infarction due to embolism of bilateral vertebral arteries,stroke,cardiovascular
I63.119,Cerebral infarction due to embolism of unspecified vertebral artery,stroke,cardiovascular
I63.12,Cerebral infarction due to embolism of basilar artery,stroke,cardiovascular
I63.13,Cerebral infarction due to embolism of carotid artery,stroke,cardiovascular
I63.131,Cerebral infarction due to embolism of right carotid artery,stroke,cardiovascular
I63.132,Cerebral infarction due to embolism of left carotid artery,stroke,cardiovascular
I63.133,Cerebral infarction due to embolism of bilateral carotid arteries,stroke,cardiovascular
I63.139,Cerebral infarction due to embolism of unspecified carotid artery,stroke,cardiovascular
I63.19,Cerebral infarction due to embolism of other precerebral artery,stroke,cardiovascular
I63.2,Cerebral infarction due to unspecified occlusion or stenosis of precerebral arteries,stroke,cardiovascular
I63.20,Cerebral infarction due to unspecified occlusion or stenosis of unspecified precerebral arteries,stroke,cardiovascular
I63.21,Cerebral infarction due to unspecified occlusion or stenosis of vertebral arteries,stroke,cardiovascular
I63.211,Cerebral infarction due to unspecified occlusion or stenosis of right vertebral artery,stroke,cardiovascular
I63.212,Cerebral infarction due to unspecified occlusion or stenosis of left vertebral artery,stroke,cardiovascular
I63.213,Cerebral infarction due to unspecified occlusion or stenosis of bilateral vertebral arteries,stroke,cardiovascular
I63.219,Cerebral infarction due to unspecified occlusion or stenosis of unspecified vertebral artery,stroke,cardiovascular
I63.22,Cerebral infarction due to unspecified occlusion or stenosis of basilar artery,stroke,cardiovascular
I63.23,Cerebral infarction due to unspecified occlusion or stenosis of carotid arteries,stroke,cardiovascular
I63.231,Cerebral infarction due to unspecified occlusion or stenosis of right carotid arteries,stroke,cardiovascular
I63.232,Cerebral infarction due to unspecified occlusion or stenosis of left carotid arteries,stroke,cardiovascular
I63.233,Cerebral infarction due to unspecified occlusion or stenosis of bilateral carotid arteries,stroke,cardiovascular
I63.239,Cerebral infarction due to unspecified occlusion or stenosis of unspecified carotid artery,stroke,cardiovascular
I63.29,Cerebral infarction due to unspecified occlusion or stenosis of other precerebral arteries,stroke,cardiovascular
I63.3,Cerebral infarction due to thrombosis of cerebral arteries,stroke,cardiovascular
I63.30,Cerebral infarction due to thrombosis of unspecified cerebral artery,stroke,cardiovascular
I63.31,Cerebral infarction due to thrombosis of middle cerebral artery,stroke,cardiovascular
I63.311,Cerebral infarction due to thrombosis of right middle cerebral artery,stroke,cardiovascular
I63.312,Cerebral infarction due to thrombosis of left middle cerebral artery,stroke,cardiovascular
I63.313,Cerebral infarction due to thrombosis of bilateral middle cerebral arteries,stroke,cardiovascular
I63.319,Cerebral infarction due to thrombosis of unspecified middle cerebral artery,stroke,cardiovascular
I63.32,Cerebral infarction due to thrombosis of anterior cerebral artery,stroke,cardiovascular
I63.321,Cerebral infarction due to thrombosis of right anterior cerebral artery,stroke,cardiovascular
I63.322,Cerebral infarction due to thrombosis of left anterior cerebral artery,stroke,cardiovascular
I63.323,Cerebral infarction due to thrombosis of bilateral anterior cerebral arteries,stroke,cardiovascular
I63.329,Cerebral infarction due to thrombosis of unspecified anterior cerebral artery,stroke,cardiovascular
I63.33,Cerebral infarction due to thrombosis of posterior cerebral artery,stroke,cardiovascular
I63.331,Cerebral infarction due to thrombosis of right posterior cerebral artery,stroke,cardiovascular
I63.332,Cerebral infarction due to thrombosis of left posterior cerebral artery,stroke,cardiovascular
I63.333,Cerebral infarction due to thrombosis of bilateral posterior cerebral arteries,stroke,cardiovascular
I63.339,Cerebral infarction due to thrombosis of unspecified posterior cerebral artery,stroke,cardiovascular
I63.34,Cerebral infarction due to thrombosis of cerebellar artery,stroke,cardiovascular
I63.341,Cerebral infarction due to thrombosis of right cerebellar artery,stroke,cardiovascular
I63.342,Cerebral infarction due to thrombosis of left cerebellar artery,stroke,cardiovascular
I63.343,Cerebral infarction due to thrombosis of bilateral cerebellar arteries,stroke,cardiovascular
I63.349,Cerebral infarction due to thrombosis of unspecified cerebellar artery,stroke,cardiovascular
I63.39,Cerebral infarction due to thrombosis of other cerebral artery,stroke,cardiovascular
I63.4,Cerebral infarction due to embolism of cerebral arteries,stroke,cardiovascular
I63.40,Cerebral infarction due to embolism of unspecified cerebral artery,stroke,cardiovascular
I63.41,Cerebral infarction due to embolism of middle cerebral artery,stroke,cardiovascular
I63.411,Cerebral infarction due to embolism of right middle cerebral artery,stroke,cardiovascular
I63.412,Cerebral infarction due to embolism of left middle cerebral artery,stroke,cardiovascular
I63.413,Cerebral infarction due to embolism of bilateral middle cerebral arteries,stroke,cardiovascular
I63.419,Cerebral infarction due to embolism of unspecified middle cerebral artery,stroke,cardiovascular
I63.42,Cerebral infarction due to embolism of anterior cerebral artery,stroke,cardiovascular
I63.421,Cerebral infarction due to embolism of right anterior cerebral artery,stroke,cardiovascular
I63.422,Cerebral infarction due to embolism of left anterior cerebral artery,stroke,cardiovascular
I63.423,Cerebral infarction due to embolism of bilateral anterior cerebral arteries,stroke,cardiovascular
I63.429,Cerebral infarction due to embolism of unspecified anterior cerebral artery,stroke,cardiovascular
I63.43,Cerebral infarction due to embolism of posterior cerebral artery,stroke,cardiovascular
I63.431,Cerebral infarction due to embolism of right posterior cerebral artery,stroke,cardiovascular
I63.432,Cerebral infarction due to embolism of left posterior cerebral artery,stroke,cardiovascular
I63.433,Cerebral infarction due to embolism of bilateral posterior cerebral arteries,stroke,cardiovascular
I63.439,Cerebral infarction due to embolism of unspecified posterior cerebral artery,stroke,cardiovascular
I63.44,Cerebral infarction due to embolism of cerebellar artery,stroke,cardiovascular
I63.441,Cerebral infarction due to embolism of right cerebellar artery,stroke,cardiovascular
I63.442,Cerebral infarction due to embolism of left cerebellar artery,stroke,cardiovascular
I63.443,Cerebral infarction due to embolism of bilateral cerebellar arteries,stroke,cardiovascular
I63.449,Cerebral infarction due to embolism of unspecified cerebellar artery,stroke,cardiovascular
I63.49,Cerebral infarction due to embolism of other cerebral artery,stroke,cardiovascular
I63.5,Cerebral infarction due to unspecified occlusion or stenosis of cerebral arteries,stroke,cardiovascular
I63.50,Cerebral infarction due to unspecified occlusion or stenosis of unspecified cerebral artery,stroke,cardiovascular
I63.51,Cerebral infarction due to unspecified occlusion or stenosis of middle cerebral artery,stroke,cardiovascular
I63.511,Cerebral infarction due to unspecified occlusion or stenosis of right middle cerebral artery,stroke,cardiovascular
I63.512,Cerebral infarction due to unspecified occlusion or stenosis of left middle cerebral artery,stroke,cardiovascular
I63.513,Cerebral infarction due to unspecified occlusion or stenosis of bilateral middle cerebral arteries,stroke,cardiovascular
I63.519,Cerebral infarction due to unspecified occlusion or stenosis of unspecified middle cerebral artery,stroke,cardiovascular
I63.52,Cerebral infarction due to unspecified occlusion or stenosis of anterior cerebral artery,stroke,cardiovascular
I63.521,Cerebral infarction due to unspecified occlusion or stenosis of right anterior cerebral artery,stroke,cardiovascular
I63.522,Cerebral infarction due to unspecified occlusion or stenosis of left anterior cerebral artery,stroke,cardiovascular
I63.523,Cerebral infarction due to unspecified occlusion or stenosis of bilateral anterior cerebral arteries,stroke,cardiovascular
I63.529,Cerebral infarction due to unspecified occlusion or stenosis of unspecified anterior cerebral artery,stroke,cardiovascular
I63.53,Cerebral infarction due to unspecified occlusion or stenosis of posterior cerebral artery,stroke,cardiovascular
I63.531,Cerebral infarction due to unspecified occlusion or stenosis of right posterior cerebral artery,stroke,cardiovascular
I63.532,Cerebral infarction due to unspecified occlusion or stenosis of left posterior cerebral artery,stroke,cardiovascular
I63.533,Cerebral infarction due to unspecified occlusion or stenosis of bilateral posterior cerebral arteries,stroke,cardiovascular
I63.539,Cerebral infarction due to unspecified occlusion or stenosis of unspecified posterior cerebral artery,stroke,cardiovascular
I63.54,Cerebral infarction due to unspecified occlusion or stenosis of cerebellar artery,stroke,cardiovascular
I63.541,Cerebral infarction due to unspecified occlusion or stenosis of right cerebellar artery,stroke,cardiovascular
I63.542,Cerebral infarction due to unspecified occlusion or stenosis of left cerebellar artery,stroke,cardiovascular
I63.543,Cerebral infarction due to unspecified occlusion or stenosis of bilateral cerebellar arteries,stroke,cardiovascular
I63.549,Cerebral infarction due to unspecified occlusion or stenosis of unspecified cerebellar artery,stroke,cardiovascular
I63.59,Cerebral infarction due to unspecified occlusion or stenosis of other cerebral artery,stroke,cardiovascular
I63.6,"Cerebral infarction due to cerebral venous thrombosis, nonpyogenic",stroke,cardiovascular
I63.8,Other cerebral infarction,stroke,cardiovascular
I63.81,Other cerebral infarction due to occlusion or stenosis of small artery,stroke,cardiovascular
I63.89,Other cerebral infarction,stroke,cardiovascular
I63.9,"Cerebral infarction, unspecified",stroke,cardiovascular
I65,"Occlusion and stenosis of precerebral arteries, not resulting in cerebral infarction",stroke,cardiovascular
I65.0,Occlusion and stenosis of vertebral artery,stroke,cardiovascular
I65.01,Occlusion and stenosis of right vertebral artery,stroke,cardiovascular
I65.02,Occlusion and stenosis of left vertebral artery,stroke,cardiovascular
I65.03,Occlusion and stenosis of bilateral vertebral arteries,stroke,cardiovascular
I65.09,Occlusion and stenosis of unspecified vertebral artery,stroke,cardiovascular
I65.1,Occlusion and stenosis of basilar artery,stroke,cardiovascular
I65.2,Occlusion and stenosis of carotid artery,stroke,cardiovascular
I65.21,Occlusion and stenosis of right carotid artery,stroke,cardiovascular
I65.22,Occlusion and stenosis of left carotid artery,stroke,cardiovascular
I65.23,Occlusion and stenosis of bilateral carotid arteries,stroke,cardiovascular
I65.29,Occlusion and stenosis of unspecified carotid artery,stroke,cardiovascular
I65.8,Occlusion and stenosis of other precerebral arteries,stroke,cardiovascular
I65.9,Occlusion and stenosis of unspecified precerebral artery,stroke,cardiovascular
I66,"Occlusion and stenosis of cerebral arteries, not resulting in cerebral infarction",stroke,cardiovascular
I66.0,Occlusion and stenosis of middle cerebral artery,stroke,cardiovascular
I66.01,Occlusion and stenosis of right middle cerebral artery,stroke,cardiovascular
I66.02,Occlusion and stenosis of left middle cerebral artery,stroke,cardiovascular
I66.03,Occlusion and stenosis of bilateral middle cerebral arteries,stroke,cardiovascular
I66.09,Occlusion and stenosis of unspecified middle cerebral artery,stroke,cardiovascular
I66.1,Occlusion and stenosis of anterior cerebral artery,stroke,cardiovascular
I66.11,Occlusion and stenosis of right anterior cerebral artery,stroke,cardiovascular
I66.12,Occlusion and stenosis of left anterior cerebral artery,stroke,cardiovascular
I66.13,Occlusion and stenosis of bilateral anterior cerebral arteries,stroke,cardiovascular
I66.19,Occlusion and stenosis of unspecified anterior cerebral artery,stroke,cardiovascular
I66.2,Occlusion and stenosis of posterior cerebral artery,stroke,cardiovascular
I66.21,Occlusion and stenosis of right posterior cerebral artery,stroke,cardiovascular
I66.22,Occlusion and stenosis of left posterior cerebral artery,stroke,cardiovascular
I66.23,Occlusion and stenosis of bilateral posterior cerebral arteries,stroke,cardiovascular
I66.29,Occlusion and stenosis of unspecified posterior cerebral artery,stroke,cardiovascular
I66.3,Occlusion and stenosis of cerebellar arteries,stroke,cardiovascular
I66.8,Occlusion and stenosis of other cerebral arteries,stroke,cardiovascular
I66.9,Occlusion and stenosis of unspecified cerebral artery,stroke,cardiovascular
I67,Other cerebrovascular diseases,stroke,cardiovascular
I67.0,"Dissection of cerebral arteries, nonruptured",stroke,cardiovascular
I67.1,"Cerebral aneurysm, nonruptured",stroke,cardiovascular
I67.2,Cerebral atherosclerosis,stroke,cardiovascular
I67.3,Progressive vascular leukoencephalopathy,stroke,cardiovascular
I67.4,Hypertensive encephalopathy,stroke,cardiovascular
I67.5,Moyamoya disease,stroke,cardiovascular
I67.6,Nonpyogenic thrombosis of intracranial venous system,stroke,cardiovascular
I67.7,"Cerebral arteritis, not elsewhere classified",stroke,cardiovascular
I67.8,Other specified cerebrovascular diseases,stroke,cardiovascular
I67.81,Acute cerebrovascular insufficiency,stroke,cardiovascular
I67.82,Cerebral ischemia,stroke,cardiovascular
I67.83,Posterior reversible encephalopathy syndrome,stroke,cardiovascular
I67.84,Cerebral vasospasm and vasoconstriction,stroke,cardiovascular
I67.841,Reversible cerebrovascular vasoconstriction syndrome,stroke,cardiovascular
I67.848,Other cerebrovascular vasospasm and vasoconstriction,stroke,cardiovascular
I67.85,Hereditary cerebrovascular diseases,stroke,cardiovascular
I67.850,Cerebral autosomal dominant arteriopathy with subcortical infarcts and leukoencephalopathy,stroke,cardiovascular
I67.858,Other hereditary cerebrovascular disease,stroke,cardiovascular
I67.89,Other cerebrovascular disease,stroke,cardiovascular
I67.9,"Cerebrovascular disease, unspecified",stroke,cardiovascular
I68,Cerebrovascular disorders in diseases classified elsewhere,stroke,cardiovascular
I68.0,Cerebral amyloid angiopathy,stroke,cardiovascular
I68.2,Cerebral arteritis in other diseases classified elsewhere,stroke,cardiovascular
I68.8,Other cerebrovascular disorders in diseases classified elsewhere,stroke,cardiovascular
I69,Sequelae of cerebrovascular disease,stroke,cardiovascular
I69.0,Sequelae of nontraumatic subarachnoid hemorrhage,stroke,cardiovascular
I69.00,Unspecified sequelae of nontraumatic subarachnoid hemorrhage,stroke,cardiovascular
I69.01,Cognitive deficits following nontraumatic subarachnoid hemorrhage,stroke,cardiovascular
I69.010,Attention and concentration deficit following nontraumatic subarachnoid hemorrhage,stroke,cardiovascular
I69.011,Memory deficit following nontraumatic subarachnoid hemorrhage,stroke,cardiovascular
I69.012,Visuospatial deficit and spatial neglect following nontraumatic subarachnoid hemorrhage,stroke,cardiovascular
I69.013,Psychomotor deficit following nontraumatic subarachnoid hemorrhage,stroke,cardiovascular
I69.014,Frontal lobe and executive function deficit following nontraumatic subarachnoid hemorrhage,stroke,cardiovascular
I69.015,Cognitive social or emotional deficit following nontraumatic subarachnoid hemorrhage,stroke,cardiovascular
I69.018,Other symptoms and signs involving cognitive functions following nontraumatic subarachnoid hemorrhage,stroke,cardiovascular
I69.019,Unspecified symptoms and signs involving cognitive functions following nontraumatic subarachnoid hemorrhage,stroke,cardiovascular
I69.02,Speech and language deficits following nontraumatic subarachnoid hemorrhage,stroke,cardiovascular
I69.020,Aphasia following nontraumatic subarachnoid hemorrhage,stroke,cardiovascular
I69.021,Dysphasia following nontraumatic subarachnoid hemorrhage,stroke,cardiovascular
I69.022,Dysarthria following nontraumatic subarachnoid hemorrhage,stroke,cardiovascular
I69.023,Fluency disorder following nontraumatic subarachnoid hemorrhage,stroke,cardiovascular
I69.028,Other speech and language deficits following nontraumatic subarachnoid hemorrhage,stroke,cardiovascular
I69.03,Monoplegia of upper limb following nontraumatic subarachnoid hemorrhage,stroke,cardiovascular
I69.031,Monoplegia of upper limb following nontraumatic subarachnoid hemorrhage affecting right dominant side,stroke,cardiovascular
I69.032,Monoplegia of upper limb following nontraumatic subarachnoid hemorrhage affecting left dominant side,stroke,cardiovascular
I69.033,Monoplegia of upper limb following nontraumatic subarachnoid hemorrhage affecting right non-dominant side,stroke,cardiovascular
I69.034,Monoplegia of upper limb following nontraumatic subarachnoid hemorrhage affecting left non-dominant side,stroke,cardiovascular
I69.039,Monoplegia of upper limb following nontraumatic subarachnoid hemorrhage affecting unspecified side,stroke,cardiovascular
I69.04,Monoplegia of lower limb following nontraumatic subarachnoid hemorrhage,stroke,cardiovascular
I69.041,Monoplegia of lower limb following nontraumatic subarachnoid hemorrhage affecting right dominant side,stroke,cardiovascular
I69.042,Monoplegia of lower limb following nontraumatic subarachnoid hemorrhage affecting left dominant side,stroke,cardiovascular
I69.043,Monoplegia of lower limb following nontraumatic subarachnoid hemorrhage affecting right non-dominant side,stroke,cardiovascular
I69.044,Monoplegia of lower limb following nontraumatic subarachnoid hemorrhage affecting left non-dominant side,stroke,cardiovascular
I69.049,Monoplegia of lower limb following nontraumatic subarachnoid hemorrhage affecting unspecified side,stroke,cardiovascular
I69.05,Hemiplegia and hemiparesis following nontraumatic subarachnoid hemorrhage,stroke,cardiovascular
I69.051,Hemiplegia and hemiparesis following nontraumatic subarachnoid hemorrhage affecting right dominant side,stroke,cardiovascular
I69.052,Hemiplegia and hemiparesis following nontraumatic subarachnoid hemorrhage affecting left dominant side,stroke,cardiovascular
I69.053,Hemiplegia and hemiparesis following nontraumatic subarachnoid hemorrhage affecting right non-dominant side,stroke,cardiovascular
I69.054,Hemiplegia and hemiparesis following nontraumatic subarachnoid hemorrhage affecting left non-dominant side,stroke,cardiovascular
I69.059,Hemiplegia and hemiparesis following nontraumatic subarachnoid hemorrhage affecting unspecified side,stroke,cardiovascular
I69.06,Other paralytic syndrome following nontraumatic subarachnoid hemorrhage,stroke,cardiovascular
I69.061,Other paralytic syndrome following nontraumatic subarachnoid hemorrhage affecting right dominant side,stroke,cardiovascular
I69.062,Other paralytic syndrome following nontraumatic subarachnoid hemorrhage affecting left dominant side,stroke,cardiovascular
I69.063,Other paralytic syndrome following nontraumatic subarachnoid hemorrhage affecting right non-dominant side,stroke,cardiovascular
I69.064,Other paralytic syndrome following nontraumatic subarachnoid hemorrhage affecting left non-dominant side,stroke,cardiovascular
I69.065,"Other paralytic syndrome following nontraumatic subarachnoid hemorrhage, bilateral",stroke,cardiovascular
I69.069,Other paralytic syndrome following nontraumatic subarachnoid hemorrhage affecting unspecified side,stroke,cardiovascular
I69.09,Other sequelae of nontraumatic subarachnoid hemorrhage,stroke,cardiovascular
I69.090,Apraxia following nontraumatic subarachnoid hemorrhage,stroke,cardiovascular
I69.091,Dysphagia following nontraumatic subarachnoid hemorrhage,stroke,cardiovascular
I69.092,Facial weakness following nontraumatic subarachnoid hemorrhage,stroke,cardiovascular
I69.093,Ataxia following nontraumatic subarachnoid hemorrhage,stroke,cardiovascular
I69.098,Other sequelae following nontraumatic subarachnoid hemorrhage,stroke,cardiovascular
I69.1,Sequelae of nontraumatic intracerebral hemorrhage,stroke,cardiovascular
I69.10,Unspecified sequelae of nontraumatic intracerebral hemorrhage,stroke,cardiovascular
I69.11,Cognitive deficits following nontraumatic intracerebral hemorrhage,stroke,cardiovascular
I69.110,Attention and concentration deficit following nontraumatic intracerebral hemorrhage,stroke,cardiovascular
I69.111,Memory deficit following nontraumatic intracerebral hemorrhage,stroke,cardiovascular
I69.112,Visuospatial deficit and spatial neglect following nontraumatic intracerebral hemorrhage,stroke,cardiovascular
I69.113,Psychomotor deficit following nontraumatic intracerebral hemorrhage,stroke,cardiovascular
I69.114,Frontal lobe and executive function deficit following nontraumatic intracerebral hemorrhage,stroke,cardiovascular
I69.115,Cognitive social or emotional deficit following nontraumatic intracerebral hemorrhage,stroke,cardiovascular
I69.118,Other symptoms and signs involving cognitive functions following nontraumatic intracerebral hemorrhage,stroke,cardiovascular
I69.119,Unspecified symptoms and signs involving cognitive functions following nontraumatic intracerebral hemorrhage,stroke,cardiovascular
I69.12,Speech and language deficits following nontraumatic intracerebral hemorrhage,stroke,cardiovascular
I69.120,Aphasia following nontraumatic intracerebral hemorrhage,stroke,cardiovascular
I69.121,Dysphasia following nontraumatic intracerebral hemorrhage,stroke,cardiovascular
I69.122,Dysarthria following nontraumatic intracerebral hemorrhage,stroke,cardiovascular
I69.123,Fluency disorder following nontraumatic intracerebral hemorrhage,stroke,cardiovascular
I69.128,Other speech and language deficits following nontraumatic intracerebral hemorrhage,stroke,cardiovascular
I69.13,Monoplegia of upper limb following nontraumatic intracerebral hemorrhage,stroke,cardiovascular
I69.131,Monoplegia of upper limb following nontraumatic intracerebral hemorrhage affecting right dominant side,stroke,cardiovascular
I69.132,Monoplegia of upper limb following nontraumatic intracerebral hemorrhage affecting left dominant side,stroke,cardiovascular
I69.133,Monoplegia of upper limb following nontraumatic intracerebral hemorrhage affecting right non-dominant side,stroke,cardiovascular
I69.134,Monoplegia of upper limb following nontraumatic intracerebral hemorrhage affecting left non-dominant side,stroke,cardiovascular
I69.139,Monoplegia of upper limb following nontraumatic intracerebral hemorrhage affecting unspecified side,stroke,cardiovascular
I69.14,Monoplegia of lower limb following nontraumatic intracerebral hemorrhage,stroke,cardiovascular
I69.141,Monoplegia of lower limb following nontraumatic intracerebral hemorrhage affecting right dominant side,stroke,cardiovascular
I69.142,Monoplegia of lower limb following nontraumatic intracerebral hemorrhage affecting left dominant side,stroke,cardiovascular
I69.143,Monoplegia of lower limb following nontraumatic intracerebral hemorrhage affecting right non-dominant side,stroke,cardiovascular
I69.144,Monoplegia of lower limb following nontraumatic intracerebral hemorrhage affecting left non-dominant side,stroke,cardiovascular
I69.149,Monoplegia of lower limb following nontraumatic intracerebral hemorrhage affecting unspecified side,stroke,cardiovascular
I69.15,Hemiplegia and hemiparesis following nontraumatic intracerebral hemorrhage,stroke,cardiovascular
I69.151,Hemiplegia and hemiparesis following nontraumatic intracerebral hemorrhage affecting right dominant side,stroke,cardiovascular
I69.152,Hemiplegia and hemiparesis following nontraumatic intracerebral hemorrhage affecting left dominant side,stroke,cardiovascular
I69.153,Hemiplegia and hemiparesis following nontraumatic intracerebral hemorrhage affecting right non-dominant side,stroke,cardiovascular
I69.154,Hemiplegia and hemiparesis following nontraumatic intracerebral hemorrhage affecting left non-dominant side,stroke,cardiovascular
I69.159,Hemiplegia and hemiparesis following nontraumatic intracerebral hemorrhage affecting unspecified side,stroke,cardiovascular
I69.16,Other paralytic syndrome following nontraumatic intracerebral hemorrhage,stroke,cardiovascular
I69.161,Other paralytic syndrome following nontraumatic intracerebral hemorrhage affecting right dominant side,stroke,cardiovascular
I69.162,Other paralytic syndrome following nontraumatic intracerebral hemorrhage affecting left dominant side,stroke,cardiovascular
I69.163,Other paralytic syndrome following nontraumatic intracerebral hemorrhage affecting right non-dominant side,stroke,cardiovascular
I69.164,Other paralytic syndrome following nontraumatic intracerebral hemorrhage affecting left non-dominant side,stroke,cardiovascular
I69.165,"Other paralytic syndrome following nontraumatic intracerebral hemorrhage, bilateral",stroke,cardiovascular
I69.169,Other paralytic syndrome following nontraumatic intracerebral hemorrhage affecting unspecified side,stroke,cardiovascular
I69.19,Other sequelae of nontraumatic intracerebral hemorrhage,stroke,cardiovascular
I69.190,Apraxia following nontraumatic intracerebral hemorrhage,stroke,cardiovascular
I69.191,Dysphagia following nontraumatic intracerebral hemorrhage,stroke,cardiovascular
I69.192,Facial weakness following nontraumatic intracerebral hemorrhage,stroke,cardiovascular
I69.193,Ataxia following nontraumatic intracerebral hemorrhage,stroke,cardiovascular
I69.198,Other sequelae of nontraumatic intracerebral hemorrhage,stroke,cardiovascular
I69.2,Sequelae of other nontraumatic intracranial hemorrhage,stroke,cardiovascular
I69.20,Unspecified sequelae of other nontraumatic intracranial hemorrhage,stroke,cardiovascular
I69.21,Cognitive deficits following other nontraumatic intracranial hemorrhage,stroke,cardiovascular
I69.210,Attention and concentration deficit following other nontraumatic intracranial hemorrhage,stroke,cardiovascular
I69.211,Memory deficit following other nontraumatic intracranial hemorrhage,stroke,cardiovascular
I69.212,Visuospatial deficit and spatial neglect following other nontraumatic intracranial hemorrhage,stroke,cardiovascular
I69.213,Psychomotor deficit following other nontraumatic intracranial hemorrhage,stroke,cardiovascular
I69.214,Frontal lobe and executive function deficit following other nontraumatic intracranial hemorrhage,stroke,cardiovascular
I69.215,Cognitive social or emotional deficit following other nontraumatic intracranial hemorrhage,stroke,cardiovascular
I69.218,Other symptoms and signs involving cognitive functions following other nontraumatic intracranial hemorrhage,stroke,cardiovascular
I69.219,Unspecified symptoms and signs involving cognitive functions following other nontraumatic intracranial hemorrhage,stroke,cardiovascular
I69.22,Speech and language deficits following other nontraumatic intracranial hemorrhage,stroke,cardiovascular
I69.220,Aphasia following other nontraumatic intracranial hemorrhage,stroke,cardiovascular
I69.221,Dysphasia following other nontraumatic intracranial hemorrhage,stroke,cardiovascular
I69.222,Dysarthria following other nontraumatic intracranial hemorrhage,stroke,cardiovascular
I69.223,Fluency disorder following other nontraumatic intracranial hemorrhage,stroke,cardiovascular
I69.228,Other speech and language deficits following other nontraumatic intracranial hemorrhage,stroke,cardiovascular
I69.23,Monoplegia of upper limb following other nontraumatic intracranial hemorrhage,stroke,cardiovascular
I69.231,Monoplegia of upper limb following other nontraumatic intracranial hemorrhage affecting right dominant side,stroke,cardiovascular
I69.232,Monoplegia of upper limb following other nontraumatic intracranial hemorrhage affecting left dominant side,stroke,cardiovascular
I69.233,Monoplegia of upper limb following other nontraumatic intracranial hemorrhage affecting right non-dominant side,stroke,cardiovascular
I69.234,Monoplegia of upper limb following other nontraumatic intracranial hemorrhage affecting left non-dominant side,stroke,cardiovascular
I69.239,Monoplegia of upper limb following other nontraumatic intracranial hemorrhage affecting unspecified side,stroke,cardiovascular
I69.24,Monoplegia of lower limb following other nontraumatic intracranial hemorrhage,stroke,cardiovascular
I69.241,Monoplegia of lower limb following other nontraumatic intracranial hemorrhage affecting right dominant side,stroke,cardiovascular
I69.242,Monoplegia of lower limb following other nontraumatic intracranial hemorrhage affecting left dominant side,stroke,cardiovascular
I69.243,Monoplegia of lower limb following other nontraumatic intracranial hemorrhage affecting right non-dominant side,stroke,cardiovascular
I69.244,Monoplegia of lower limb following other nontraumatic intracranial hemorrhage affecting left non-dominant side,stroke,cardiovascular
I69.249,Monoplegia of lower limb following other nontraumatic intracranial hemorrhage affecting unspecified side,stroke,cardiovascular
I69.25,Hemiplegia and hemiparesis following other nontraumatic intracranial hemorrhage,stroke,cardiovascular
I69.251,Hemiplegia and hemiparesis following other nontraumatic intracranial hemorrhage affecting right dominant side,stroke,cardiovascular
I69.252,Hemiplegia and hemiparesis following other nontraumatic intracranial hemorrhage affecting left dominant side,stroke,cardiovascular
I69.253,Hemiplegia and hemiparesis following other nontraumatic intracranial hemorrhage affecting right non-dominant side,stroke,cardiovascular
I69.254,Hemiplegia and hemiparesis following other nontraumatic intracranial hemorrhage affecting left non-dominant side,stroke,cardiovascular
I69.259,Hemiplegia and hemiparesis following other nontraumatic intracranial hemorrhage affecting unspecified side,stroke,cardiovascular
I69.26,Other paralytic syndrome following other nontraumatic intracranial hemorrhage,stroke,cardiovascular
I69.261,Other paralytic syndrome following other nontraumatic intracranial hemorrhage affecting right dominant side,stroke,cardiovascular
I69.262,Other paralytic syndrome following other nontraumatic intracranial hemorrhage affecting left dominant side,stroke,cardiovascular
I69.263,Other paralytic syndrome following other nontraumatic intracranial hemorrhage affecting right non-dominant side,stroke,cardiovascular
I69.264,Other paralytic syndrome following other nontraumatic intracranial hemorrhage affecting left non-dominant side,stroke,cardiovascular
I69.265,"Other paralytic syndrome following other nontraumatic intracranial hemorrhage, bilateral",stroke,cardiovascular
I69.269,Other paralytic syndrome following other nontraumatic intracranial hemorrhage affecting unspecified side,stroke,cardiovascular
I69.29,Other sequelae of other nontraumatic intracranial hemorrhage,stroke,cardiovascular
I69.290,Apraxia following other nontraumatic intracranial hemorrhage,stroke,cardiovascular
I69.291,Dysphagia following other nontraumatic intracranial hemorrhage,stroke,cardiovascular
I69.292,Facial weakness following other nontraumatic intracranial hemorrhage,stroke,cardiovascular
I69.293,Ataxia following other nontraumatic intracranial hemorrhage,stroke,cardiovascular
I69.298,Other sequelae of other nontraumatic intracranial hemorrhage,stroke,cardiovascular
I69.3,Sequelae of cerebral infarction,stroke,cardiovascular
I69.30,Unspecified sequelae of cerebral infarction,stroke,cardiovascular
I69.31,Cognitive deficits following cerebral infarction,stroke,cardiovascular
I69.310,Attention and concentration deficit following cerebral infarction,stroke,cardiovascular
I69.311,Memory deficit following cerebral infarction,stroke,cardiovascular
I69.312,Visuospatial deficit and spatial neglect following cerebral infarction,stroke,cardiovascular
I69.313,Psychomotor deficit following cerebral infarction,stroke,cardiovascular
I69.314,Frontal lobe and executive function deficit following cerebral infarction,stroke,cardiovascular
I69.315,Cognitive social or emotional deficit following cerebral infarction,stroke,cardiovascular
I69.318,Other symptoms and signs involving cognitive functions following cerebral infarction,stroke,cardiovascular
I69.319,Unspecified symptoms and signs involving cognitive functions following cerebral infarction,stroke,cardiovascular
I69.32,Speech and language deficits following cerebral infarction,stroke,cardiovascular
I69.320,Aphasia following cerebral infarction,stroke,cardiovascular
I69.321,Dysphasia following cerebral infarction,stroke,cardiovascular
I69.322,Dysarthria following cerebral infarction,stroke,cardiovascular
I69.323,Fluency disorder following cerebral infarction,stroke,cardiovascular
I69.328,Other speech and language deficits following cerebral infarction,stroke,cardiovascular
I69.33,Monoplegia of upper limb following cerebral infarction,stroke,cardiovascular
I69.331,Monoplegia of upper limb following cerebral infarction affecting right dominant side,stroke,cardiovascular
I69.332,Monoplegia of upper limb following cerebral infarction affecting left dominant side,stroke,cardiovascular
I69.333,Monoplegia of upper limb following cerebral infarction affecting right non-dominant side,stroke,cardiovascular
I69.334,Monoplegia of upper limb following cerebral infarction affecting left non-dominant side,stroke,cardiovascular
I69.339,Monoplegia of upper limb following cerebral infarction affecting unspecified side,stroke,cardiovascular
I69.34,Monoplegia of lower limb following cerebral infarction,stroke,cardiovascular
I69.341,Monoplegia of lower limb following cerebral infarction affecting right dominant side,stroke,cardiovascular
I69.342,Monoplegia of lower limb following cerebral infarction affecting left dominant side,stroke,cardiovascular
I69.343,Monoplegia of lower limb following cerebral infarction affecting right non-dominant side,stroke,cardiovascular
I69.344,Monoplegia of lower limb following cerebral infarction affecting left non-dominant side,stroke,cardiovascular
I69.349,Monoplegia of lower limb following cerebral infarction affecting unspecified side,stroke,cardiovascular
I69.35,Hemiplegia and hemiparesis following cerebral infarction,stroke,cardiovascular
I69.351,Hemiplegia and hemiparesis following cerebral infarction affecting right dominant side,stroke,cardiovascular
I69.352,Hemiplegia and hemiparesis following cerebral infarction affecting left dominant side,stroke,cardiovascular
I69.353,Hemiplegia and hemiparesis following cerebral infarction affecting right non-dominant side,stroke,cardiovascular
I69.354,Hemiplegia and hemiparesis following cerebral infarction affecting left non-dominant side,stroke,cardiovascular
I69.359,Hemiplegia and hemiparesis following cerebral infarction affecting unspecified side,stroke,cardiovascular
I69.36,Other paralytic syndrome following cerebral infarction,stroke,cardiovascular
I69.361,Other paralytic syndrome following cerebral infarction affecting right dominant side,stroke,cardiovascular
I69.362,Other paralytic syndrome following cerebral infarction affecting left dominant side,stroke,cardiovascular
I69.363,Other paralytic syndrome following cerebral infarction affecting right non-dominant side,stroke,cardiovascular
I69.364,Other paralytic syndrome following cerebral infarction affecting left non-dominant side,stroke,cardiovascular
I69.365,"Other paralytic syndrome following cerebral infarction, bilateral",stroke,cardiovascular
I69.369,Other paralytic syndrome following cerebral infarction affecting unspecified side,stroke,cardiovascular
I69.39,Other sequelae of cerebral infarction,stroke,cardiovascular
I69.390,Apraxia following cerebral infarction,stroke,cardiovascular
I69.391,Dysphagia following cerebral infarction,stroke,cardiovascular
I69.392,Facial weakness following cerebral infarction,stroke,cardiovascular
I69.393,Ataxia following cerebral infarction,stroke,cardiovascular
I69.398,Other sequelae of cerebral infarction,stroke,cardiovascular
I69.8,Sequelae of other cerebrovascular diseases,stroke,cardiovascular
I69.80,Unspecified sequelae of other cerebrovascular disease,stroke,cardiovascular
I69.81,Cognitive deficits following other cerebrovascular disease,stroke,cardiovascular
I69.810,Attention and concentration deficit following other cerebrovascular disease,stroke,cardiovascular
I69.811,Memory deficit following other cerebrovascular disease,stroke,cardiovascular
I69.812,Visuospatial deficit and spatial neglect following other cerebrovascular disease,stroke,cardiovascular
I69.813,Psychomotor deficit following other cerebrovascular disease,stroke,cardiovascular
I69.814,Frontal lobe and executive function deficit following other cerebrovascular disease,stroke,cardiovascular
I69.815,Cognitive social or emotional deficit following other cerebrovascular disease,stroke,cardiovascular
I69.818,Other symptoms and signs involving cognitive functions following other cerebrovascular disease,stroke,cardiovascular
I69.819,Unspecified symptoms and signs involving cognitive functions following other cerebrovascular disease,stroke,cardiovascular
I69.82,Speech and language deficits following other cerebrovascular disease,stroke,cardiovascular
I69.820,Aphasia following other cerebrovascular disease,stroke,cardiovascular
I69.821,Dysphasia following other cerebrovascular disease,stroke,cardiovascular
I69.822,Dysarthria following other cerebrovascular disease,stroke,cardiovascular
I69.823,Fluency disorder following other cerebrovascular disease,stroke,cardiovascular
I69.828,Other speech and language deficits following other cerebrovascular disease,stroke,cardiovascular
I69.83,Monoplegia of upper limb following other cerebrovascular disease,stroke,cardiovascular
I69.831,Monoplegia of upper limb following other cerebrovascular disease affecting right dominant side,stroke,cardiovascular
I69.832,Monoplegia of upper limb following other cerebrovascular disease affecting left dominant side,stroke,cardiovascular
I69.833,Monoplegia of upper limb following other cerebrovascular disease affecting right non-dominant side,stroke,cardiovascular
I69.834,Monoplegia of upper limb following other cerebrovascular disease affecting left non-dominant side,stroke,cardiovascular
I69.839,Monoplegia of upper limb following other cerebrovascular disease affecting unspecified side,stroke,cardiovascular
I69.84,Monoplegia of lower limb following other cerebrovascular disease,stroke,cardiovascular
I69.841,Monoplegia of lower limb following other cerebrovascular disease affecting right dominant side,stroke,cardiovascular
I69.842,Monoplegia of lower limb following other cerebrovascular disease affecting left dominant side,stroke,cardiovascular
I69.843,Monoplegia of lower limb following other cerebrovascular disease affecting right non-dominant side,stroke,cardiovascular
I69.844,Monoplegia of lower limb following other cerebrovascular disease affecting left non-dominant side,stroke,cardiovascular
I69.849,Monoplegia of lower limb following other cerebrovascular disease affecting unspecified side,stroke,cardiovascular
I69.85,Hemiplegia and hemiparesis following other cerebrovascular disease,stroke,cardiovascular
I69.851,Hemiplegia and hemiparesis following other cerebrovascular disease affecting right dominant side,stroke,cardiovascular
I69.852,Hemiplegia and hemiparesis following other cerebrovascular disease affecting left dominant side,stroke,cardiovascular
I69.853,Hemiplegia and hemiparesis following other cerebrovascular disease affecting right non-dominant side,stroke,cardiovascular
I69.854,Hemiplegia and hemiparesis following other cerebrovascular disease affecting left non-dominant side,stroke,cardiovascular
I69.859,Hemiplegia and hemiparesis following other cerebrovascular disease affecting unspecified side,stroke,cardiovascular
I69.86,Other paralytic syndrome following other cerebrovascular disease,stroke,cardiovascular
I69.861,Other paralytic syndrome following other cerebrovascular disease affecting right dominant side,stroke,cardiovascular
I69.862,Other paralytic syndrome following other cerebrovascular disease affecting left dominant side,stroke,cardiovascular
I69.863,Other paralytic syndrome following other cerebrovascular disease affecting right non-dominant side,stroke,cardiovascular
I69.864,Other paralytic syndrome following other cerebrovascular disease affecting left non-dominant side,stroke,cardiovascular
I69.865,"Other paralytic syndrome following other cerebrovascular disease, bilateral",stroke,cardiovascular
I69.869,Other paralytic syndrome following other cerebrovascular disease affecting unspecified side,stroke,cardiovascular
I69.89,Other sequelae of other cerebrovascular disease,stroke,cardiovascular
I69.890,Apraxia following other cerebrovascular disease,stroke,cardiovascular
I69.891,Dysphagia following other cerebrovascular disease,stroke,cardiovascular
I69.892,Facial weakness following other cerebrovascular disease,stroke,cardiovascular
I69.893,Ataxia following other cerebrovascular disease,stroke,cardiovascular
I69.898,Other sequelae of other cerebrovascular disease,stroke,cardiovascular
I69.9,Sequelae of unspecified cerebrovascular diseases,stroke,cardiovascular
I69.90,Unspecified sequelae of unspecified cerebrovascular disease,stroke,cardiovascular
I69.91,Cognitive deficits following unspecified cerebrovascular disease,stroke,cardiovascular
I69.910,Attention and concentration deficit following unspecified cerebrovascular disease,stroke,cardiovascular
I69.911,Memory deficit following unspecified cerebrovascular disease,stroke,cardiovascular
I69.912,Visuospatial deficit and spatial neglect following unspecified cerebrovascular disease,stroke,cardiovascular
I69.913,Psychomotor deficit following unspecified cerebrovascular disease,stroke,cardiovascular
I69.914,Frontal lobe and executive function deficit following unspecified cerebrovascular disease,stroke,cardiovascular
I69.915,Cognitive social or emotional deficit following unspecified cerebrovascular disease,stroke,cardiovascular
I69.918,Other symptoms and signs involving cognitive functions following unspecified cerebrovascular disease,stroke,cardiovascular
I69.919,Unspecified symptoms and signs involving cognitive functions following unspecified cerebrovascular disease,stroke,cardiovascular
I69.92,Speech and language deficits following unspecified cerebrovascular disease,stroke,cardiovascular
I69.920,Aphasia following unspecified cerebrovascular disease,stroke,cardiovascular
I69.921,Dysphasia following unspecified cerebrovascular disease,stroke,cardiovascular
I69.922,Dysarthria following unspecified cerebrovascular disease,stroke,cardiovascular
I69.923,Fluency disorder following unspecified cerebrovascular disease,stroke,cardiovascular
I69.928,Other speech and language deficits following unspecified cerebrovascular disease,stroke,cardiovascular
I69.93,Monoplegia of upper limb following unspecified cerebrovascular disease,stroke,cardiovascular
I69.931,Monoplegia of upper limb following unspecified cerebrovascular disease affecting right dominant side,stroke,cardiovascular
I69.932,Monoplegia of upper limb following unspecified cerebrovascular disease affecting left dominant side,stroke,cardiovascular
I69.933,Monoplegia of upper limb following unspecified cerebrovascular disease affecting right non-dominant side,stroke,cardiovascular
I69.934,Monoplegia of upper limb following unspecified cerebrovascular disease affecting left non-dominant side,stroke,cardiovascular
I69.939,Monoplegia of upper limb following unspecified cerebrovascular disease affecting unspecified side,stroke,cardiovascular
I69.94,Monoplegia of lower limb following unspecified cerebrovascular disease,stroke,cardiovascular
I69.941,Monoplegia of lower limb following unspecified cerebrovascular disease affecting right dominant side,stroke,cardiovascular
I69.942,Monoplegia of lower limb following unspecified cerebrovascular disease affecting left dominant side,stroke,cardiovascular
I69.943,Monoplegia of lower limb following unspecified cerebrovascular disease affecting right non-dominant side,stroke,cardiovascular
I69.944,Monoplegia of lower limb following unspecified cerebrovascular disease affecting left non-dominant side,stroke,cardiovascular
I69.949,Monoplegia of lower limb following unspecified cerebrovascular disease affecting unspecified side,stroke,cardiovascular
I69.95,Hemiplegia and hemiparesis following unspecified cerebrovascular disease,stroke,cardiovascular
I69.951,Hemiplegia and hemiparesis following unspecified cerebrovascular disease affecting right dominant side,stroke,cardiovascular
I69.952,Hemiplegia and hemiparesis following unspecified cerebrovascular disease affecting left dominant side,stroke,cardiovascular
I69.953,Hemiplegia and hemiparesis following unspecified cerebrovascular disease affecting right non-dominant side,stroke,cardiovascular
I69.954,Hemiplegia and hemiparesis following unspecified cerebrovascular disease affecting left non-dominant side,stroke,cardiovascular
I69.959,Hemiplegia and hemiparesis following unspecified cerebrovascular disease affecting unspecified side,stroke,cardiovascular
I69.96,Other paralytic syndrome following unspecified cerebrovascular disease,stroke,cardiovascular
I69.961,Other paralytic syndrome following unspecified cerebrovascular disease affecting right dominant side,stroke,cardiovascular
I69.962,Other paralytic syndrome following unspecified cerebrovascular disease affecting left dominant side,stroke,cardiovascular
I69.963,Other paralytic syndrome following unspecified cerebrovascular disease affecting right non-dominant side,stroke,cardiovascular
I69.964,Other paralytic syndrome following unspecified cerebrovascular disease affecting left non-dominant side,stroke,cardiovascular
I69.965,"Other paralytic syndrome following unspecified cerebrovascular disease, bilateral",stroke,cardiovascular
I69.969,Other paralytic syndrome following unspecified cerebrovascular disease affecting unspecified side,stroke,cardiovascular
I69.99,Other sequelae of unspecified cerebrovascular disease,stroke,cardiovascular
I69.990,Apraxia following unspecified cerebrovascular disease,stroke,cardiovascular
I69.991,Dysphagia following unspecified cerebrovascular disease,stroke,cardiovascular
I69.992,Facial weakness following unspecified cerebrovascular disease,stroke,cardiovascular
I69.993,Ataxia following unspecified cerebrovascular disease,stroke,cardiovascular
I69.998,Other sequelae following unspecified cerebrovascular disease,stroke,cardiovascular
N00,Acute nephritic syndrome,glomerular_disease,genitourinary
N00.0,Acute nephritic syndrome with minor glomerular abnormality,glomerular_disease,genitourinary
N00.1,Acute nephritic syndrome with focal and segmental glomerular lesions,glomerular_disease,genitourinary
N00.2,Acute nephritic syndrome with diffuse membranous glomerulonephritis,glomerular_disease,genitourinary
N00.3,Acute nephritic syndrome with diffuse mesangial proliferative glomerulonephritis,glomerular_disease,genitourinary
N00.4,Acute nephritic syndrome with diffuse endocapillary proliferative glomerulonephritis,glomerular_disease,genitourinary
N00.5,Acute nephritic syndrome with diffuse mesangiocapillary glomerulonephritis,glomerular_disease,genitourinary
N00.6,Acute nephritic syndrome with dense deposit disease,glomerular_disease,genitourinary
N00.7,Acute nephritic syndrome with diffuse crescentic glomerulonephritis,glomerular_disease,genitourinary
N00.8,Acute nephritic syndrome with other morphologic changes,glomerular_disease,genitourinary
N00.9,Acute nephritic syndrome with unspecified morphologic changes,glomerular_disease,genitourinary
N00.A,Acute nephritic syndrome with C3 glomerulonephritis,glomerular_disease,genitourinary
N01,Rapidly progressive nephritic syndrome,glomerular_disease,genitourinary
N01.0,Rapidly progressive nephritic syndrome with minor glomerular abnormality,glomerular_disease,genitourinary
N01.1,Rapidly progressive nephritic syndrome with focal and segmental glomerular lesions,glomerular_disease,genitourinary
N01.2,Rapidly progressive nephritic syndrome with diffuse membranous glomerulonephritis,glomerular_disease,genitourinary
N01.3,Rapidly progressive nephritic syndrome with diffuse mesangial proliferative glomerulonephritis,glomerular_disease,genitourinary
N01.4,Rapidly progressive nephritic syndrome with diffuse endocapillary proliferative glomerulonephritis,glomerular_disease,genitourinary
N01.5,Rapidly progressive nephritic syndrome with diffuse mesangiocapillary glomerulonephritis,glomerular_disease,genitourinary
N01.6,Rapidly progressive nephritic syndrome with dense deposit disease,glomerular_disease,genitourinary
N01.7,Rapidly progressive nephritic syndrome with diffuse crescentic glomerulonephritis,glomerular_disease,genitourinary
N01.8,Rapidly progressive nephritic syndrome with other morphologic changes,glomerular_disease,genitourinary
N01.9,Rapidly progressive nephritic syndrome with unspecified morphologic changes,glomerular_disease,genitourinary
N01.A,Rapidly progressive nephritic syndrome with C3 glomerulonephritis,glomerular_disease,genitourinary
N02,Recurrent and persistent hematuria,glomerular_disease,genitourinary
N02.0,Recurrent and persistent hematuria with minor glomerular abnormality,glomerular_disease,genitourinary
N02.1,Recurrent and persistent hematuria with focal and segmental glomerular lesions,glomerular_disease,genitourinary
N02.2,Recurrent and persistent hematuria with diffuse membranous glomerulonephritis,glomerular_disease,genitourinary
N02.3,Recurrent and persistent hematuria with diffuse mesangial proliferative glomerulonephritis,glomerular_disease,genitourinary
N02.4,Recurrent and persistent hematuria with diffuse endocapillary proliferative glomerulonephritis,glomerular_disease,genitourinary
N02.5,Recurrent and persistent hematuria with diffuse mesangiocapillary glomerulonephritis,glomerular_disease,genitourinary
N02.6,Recurrent and persistent hematuria with dense deposit disease,glomerular_disease,genitourinary
N02.7,Recurrent and persistent hematuria with diffuse crescentic glomerulonephritis,glomerular_disease,genitourinary
N02.8,Recurrent and persistent hematuria with other morphologic changes,glomerular_disease,genitourinary
N02.9,Recurrent and persistent hematuria with unspecified morphologic changes,glomerular_disease,genitourinary
N02.A,Recurrent and persistent hematuria with C3 glomerulonephritis,glomerular_disease,genitourinary
N03,Chronic nephritic syndrome,glomerular_disease,genitourinary
N03.0,Chronic nephritic syndrome with minor glomerular abnormality,glomerular_disease,genitourinary
N03.1,Chronic nephritic syndrome with focal and segmental glomerular lesions,glomerular_disease,genitourinary
N03.2,Chronic nephritic syndrome with diffuse membranous glomerulonephritis,glomerular_disease,genitourinary
N03.3,Chronic nephritic syndrome with diffuse mesangial proliferative glomerulonephritis,glomerular_disease,genitourinary
N03.4,Chronic nephritic syndrome with diffuse endocapillary proliferative glomerulonephritis,glomerular_disease,genitourinary
N03.5,Chronic nephritic syndrome with diffuse mesangiocapillary glomerulonephritis,glomerular_disease,genitourinary
N03.6,Chronic nephritic syndrome with dense deposit disease,glomerular_disease,genitourinary
N03.7,Chronic nephritic syndrome with diffuse crescentic glomerulonephritis,glomerular_disease,genitourinary
N03.8,Chronic nephritic syndrome with other morphologic changes,glomerular_disease,genitourinary
N03.9,Chronic nephritic syndrome with unspecified morphologic changes,glomerular_disease,genitourinary
N03.A,Chronic nephritic syndrome with C3 glomerulonephritis,glomerular_disease,genitourinary
N04,Nephrotic syndrome,glomerular_disease,genitourinary
N04.0,Nephrotic syndrome with minor glomerular abnormality,glomerular_disease,genitourinary
N04.1,Nephrotic syndrome with focal and segmental glomerular lesions,glomerular_disease,genitourinary
N04.2,Nephrotic syndrome with diffuse membranous glomerulonephritis,glomerular_disease,genitourinary
N04.3,Nephrotic syndrome with diffuse mesangial proliferative glomerulonephritis,glomerular_disease,genitourinary
N04.4,Nephrotic syndrome with diffuse endocapillary proliferative glomerulonephritis,glomerular_disease,genitourinary
N04.5,Nephrotic syndrome with diffuse mesangiocapillary glomerulonephritis,glomerular_disease,genitourinary
N04.6,Nephrotic syndrome with dense deposit disease,glomerular_disease,genitourinary
N04.7,Nephrotic syndrome with diffuse crescentic glomerulonephritis,glomerular_disease,genitourinary
N04.8,Nephrotic syndrome with other morphologic changes,glomerular_disease,genitourinary
N04.9,Nephrotic syndrome with unspecified morphologic changes,glomerular_disease,genitourinary
N04.A,Nephrotic syndrome with C3 glomerulonephritis,glomerular_disease,genitourinary
N05,Unspecified nephritic syndrome,glomerular_disease,genitourinary
N05.0,Unspecified nephritic syndrome with minor glomerular abnormality,glomerular_disease,genitourinary
N05.1,Unspecified nephritic syndrome with focal and segmental glomerular lesions,glomerular_disease,genitourinary
N05.2,Unspecified nephritic syndrome with diffuse membranous glomerulonephritis,glomerular_disease,genitourinary
N05.3,Unspecified nephritic syndrome with diffuse mesangial proliferative glomerulonephritis,glomerular_disease,genitourinary
N05.4,Unspecified nephritic syndrome with diffuse endocapillary proliferative glomerulonephritis,glomerular_disease,genitourinary
N05.5,Unspecified nephritic syndrome with diffuse mesangiocapillary glomerulonephritis,glomerular_disease,genitourinary
N05.6,Unspecified nephritic syndrome with dense deposit disease,glomerular_disease,genitourinary
N05.7,Unspecified nephritic syndrome with diffuse crescentic glomerulonephritis,glomerular_disease,genitourinary
N05.8,Unspecified nephritic syndrome with other morphologic changes,glomerular_disease,genitourinary
N05.9,Unspecified nephritic syndrome with unspecified morphologic changes,glomerular_disease,genitourinary
N05.A,Unspecified nephritic syndrome with C3 glomerulonephritis,glomerular_disease,genitourinary
N06,Isolated proteinuria with specified morphological lesion,glomerular_disease,genitourinary
N06.0,Isolated proteinuria with minor glomerular abnormality,glomerular_disease,genitourinary
N06.1,Isolated proteinuria with focal and segmental glomerular lesions,glomerular_disease,genitourinary
N06.2,Isolated proteinuria with diffuse membranous glomerulonephritis,glomerular_disease,genitourinary
N06.3,Isolated proteinuria with diffuse mesangial proliferative glomerulonephritis,glomerular_disease,genitourinary
N06.4,Isolated proteinuria with diffuse endocapillary proliferative glomerulonephritis,glomerular_disease,genitourinary
N06.5,Isolated proteinuria with diffuse mesangiocapillary glomerulonephritis,glomerular_disease,genitourinary
N06.6,Isolated proteinuria with dense deposit disease,glomerular_disease,genitourinary
N06.7,Isolated proteinuria with diffuse crescentic glomerulonephritis,glomerular_disease,genitourinary
N06.8,Isolated proteinuria with other morphologic lesion,glomerular_disease,genitourinary
N06.9,Isolated proteinuria with unspecified morphologic lesion,glomerular_disease,genitourinary
N06.A,Isolated proteinuria with C3 glomerulonephritis,glomerular_disease,genitourinary
N07,"Hereditary nephropathy, not elsewhere classified",glomerular_disease,genitourinary
N07.0,"Hereditary nephropathy, not elsewhere classified with minor glomerular abnormality",glomerular_disease,genitourinary
N07.1,"Hereditary nephropathy, not elsewhere classified with focal and segmental glomerular lesions",glomerular_disease,genitourinary
N07.2,"Hereditary nephropathy, not elsewhere classified with diffuse membranous glomerulonephritis",glomerular_disease,genitourinary
N07.3,"Hereditary nephropathy, not elsewhere classified with diffuse mesangial proliferative glomerulonephritis",glomerular_disease,genitourinary
N07.4,"Hereditary nephropathy, not elsewhere classified with diffuse endocapillary proliferative glomerulonephritis",glomerular_disease,genitourinary
N07.5,"Hereditary nephropathy, not elsewhere classified with diffuse mesangiocapillary glomerulonephritis",glomerular_disease,genitourinary
N07.6,"Hereditary nephropathy, not elsewhere classified with dense deposit disease",glomerular_disease,genitourinary
N07.7,"Hereditary nephropathy, not elsewhere classified with diffuse crescentic glomerulonephritis",glomerular_disease,genitourinary
N07.8,"Hereditary nephropathy, not elsewhere classified with other morphologic lesions",glomerular_disease,genitourinary
N07.9,"Hereditary nephropathy, not elsewhere classified with unspecified morphologic lesions",glomerular_disease,genitourinary
N07.A,"Hereditary nephropathy, not elsewhere classified with C3 glomerulonephritis",glomerular_disease,genitourinary
N08,Glomerular disorders in diseases classified elsewhere,glomerular_disease,genitourinary
N10,Acute pyelonephritis,renal_tubulo_interstitial,genitourinary
N11,Chronic tubulo-interstitial nephritis,renal_tubulo_interstitial,genitourinary
N11.0,Nonobstructive reflux-associated chronic pyelonephritis,renal_tubulo_interstitial,genitourinary
N11.1,Chronic obstructive pyelonephritis,renal_tubulo_interstitial,genitourinary
N11.8,Other chronic tubulo-interstitial nephritis,renal_tubulo_interstitial,genitourinary
N11.9,"Chronic tubulo-interstitial nephritis, unspecified",renal_tubulo_interstitial,genitourinary
N12,"Tubulo-interstitial nephritis, not specified as acute or chronic",renal_tubulo_interstitial,genitourinary
N13,Obstructive and reflux uropathy,renal_tubulo_interstitial,genitourinary
N13.0,Hydronephrosis with ureteropelvic junction obstruction,renal_tubulo_interstitial,genitourinary
N13.1,"Hydronephrosis with ureteral stricture, not elsewhere classified",renal_tubulo_interstitial,genitourinary
N13.2,Hydronephrosis with renal and ureteral calculous obstruction,renal_tubulo_interstitial,genitourinary
N13.3,Other and unspecified hydronephrosis,renal_tubulo_interstitial,genitourinary
N13.30,Unspecified hydronephrosis,renal_tubulo_interstitial,genitourinary
N13.39,Other hydronephrosis,renal_tubulo_interstitial,genitourinary
N13.4,Hydroureter,renal_tubulo_interstitial,genitourinary
N13.5,Crossing vessel and stricture of ureter without hydronephrosis,renal_tubulo_interstitial,genitourinary
N13.6,Pyonephrosis,renal_tubulo_interstitial,genitourinary
N13.7,Vesicoureteral-reflux,renal_tubulo_interstitial,genitourinary
N13.70,"Vesicoureteral-reflux, unspecified",renal_tubulo_interstitial,genitourinary
N13.71,Vesicoureteral-reflux without reflux nephropathy,renal_tubulo_interstitial,genitourinary
N13.72,Vesicoureteral-reflux with reflux nephropathy without hydroureter,renal_tubulo_interstitial,genitourinary
N13.721,"Vesicoureteral-reflux with reflux nephropathy without hydroureter, unilateral",renal_tubulo_interstitial,genitourinary
N13.722,"Vesicoureteral-reflux with reflux nephropathy without hydroureter, bilateral",renal_tubulo_interstitial,genitourinary
N13.729,"Vesicoureteral-reflux with reflux nephropathy without hydroureter, unspecified",renal_tubulo_interstitial,genitourinary
N13.73,Vesicoureteral-reflux with reflux nephropathy with hydroureter,renal_tubulo_interstitial,genitourinary
N13.731,"Vesicoureteral-reflux with reflux nephropathy with hydroureter, unilateral",renal_tubulo_interstitial,genitourinary
N13.732,"Vesicoureteral-reflux with reflux nephropathy with hydroureter, bilateral",renal_tubulo_interstitial,genitourinary
N13.739,"Vesicoureteral-reflux with reflux nephropathy with hydroureter, unspecified",renal_tubulo_interstitial,genitourinary
N13.8,Other obstructive and reflux uropathy,renal_tubulo_interstitial,genitourinary
N13.9,"Obstructive and reflux uropathy, unspecified",renal_tubulo_interstitial,genitourinary
N14,Drug- and heavy-metal-induced tubulo-interstitial and tubular conditions,renal_tubulo_interstitial,genitourinary
N14.0,Analgesic nephropathy,renal_tubulo_interstitial,genitourinary
N14.1,"Nephropathy induced by other drugs, medicaments and biological substances",renal_tubulo_interstitial,genitourinary
N14.11,Contrast-induced nephropathy,renal_tubulo_interstitial,genitourinary
N14.19,"Nephropathy induced by other drugs, medicaments and biological substances",renal_tubulo_interstitial,genitourinary
N14.2,"Nephropathy induced by unspecified drug, medicament or biological substance",renal_tubulo_interstitial,genitourinary
N14.3,Nephropathy induced by heavy metals,renal_tubulo_interstitial,genitourinary
N14.4,"Toxic nephropathy, not elsewhere classified",renal_tubulo_interstitial,genitourinary
N15,Other renal tubulo-interstitial diseases,renal_tubulo_interstitial,genitourinary
N15.0,Balkan nephropathy,renal_tubulo_interstitial,genitourinary
N15.1,Renal and perinephric abscess,renal_tubulo_interstitial,genitourinary
N15.8,Other specified renal tubulo-interstitial diseases,renal_tubulo_interstitial,genitourinary
N15.9,"Renal tubulo-interstitial disease, unspecified",renal_tubulo_interstitial,genitourinary
N16,Renal tubulo-interstitial disorders in diseases classified elsewhere,renal_tubulo_interstitial,genitourinary
N17,Acute kidney failure,kidney_failure,genitourinary
N17.0,Acute kidney failure with tubular necrosis,kidney_failure,genitourinary
N17.1,Acute kidney failure with acute cortical necrosis,kidney_failure,genitourinary
N17.2,Acute kidney failure with medullary necrosis,kidney_failure,genitourinary
N17.8,Other acute kidney failure,kidney_failure,genitourinary
N17.9,"Acute kidney failure, unspecified",kidney_failure,genitourinary
N18,Chronic kidney disease (CKD),kidney_failure,genitourinary
N18.1,"Chronic kidney disease, stage 1",kidney_failure,genitourinary
N18.2,"Chronic kidney disease, stage 2 (mild)",kidney_failure,genitourinary
N18.3,"Chronic kidney disease, stage 3 (moderate)",kidney_failure,genitourinary
N18.30,"Chronic kidney disease, stage 3 unspecified",kidney_failure,genitourinary
N18.31,"Chronic kidney disease, stage 3a",kidney_failure,genitourinary
N18.32,"Chronic kidney disease, stage 3b",kidney_failure,genitourinary
N18.4,"Chronic kidney disease, stage 4 (severe)",kidney_failure,genitourinary
N18.5,"Chronic kidney disease, stage 5",kidney_failure,genitourinary
N18.6,End stage renal disease,kidney_failure,genitourinary
N18.9,"Chronic kidney disease, unspecified",kidney_failure,genitourinary
N19,Unspecified kidney failure,kidney_failure,genitourinary
N40,Benign prostatic hyperplasia,genital_disease,genitourinary
N40.0,Benign prostatic hyperplasia without lower urinary tract symptoms,genital_disease,genitourinary
N40.1,Benign prostatic hyperplasia with lower urinary tract symptoms,genital_disease,genitourinary
N40.2,Nodular prostate without lower urinary tract symptoms,genital_disease,genitourinary
N40.3,Nodular prostate with lower urinary tract symptoms,genital_disease,genitourinary
N41,Inflammatory diseases of prostate,genital_disease,genitourinary
N41.0,Acute prostatitis,genital_disease,genitourinary
N41.1,Chronic prostatitis,genital_disease,genitourinary
N41.2,Abscess of prostate,genital_disease,genitourinary
N41.3,Prostatocystitis,genital_disease,genitourinary
N41.4,Granulomatous prostatitis,genital_disease,genitourinary
N41.8,Other inflammatory diseases of prostate,genital_disease,genitourinary
N41.9,"Inflammatory disease of prostate, unspecified",genital_disease,genitourinary
N42,Other and unspecified disorders of prostate,genital_disease,genitourinary
N42.0,Calculus of prostate,genital_disease,genitourinary
N42.1,Congestion and hemorrhage of prostate,genital_disease,genitourinary
N42.3,Dysplasia of prostate,genital_disease,genitourinary
N42.30,Unspecified dysplasia of prostate,genital_disease,genitourinary
N42.31,Prostatic intraepithelial neoplasia,genital_disease,genitourinary
N42.32,Atypical small acinar proliferation of prostate,genital_disease,genitourinary
N42.39,Other dysplasia of prostate,genital_disease,genitourinary
N42.8,Other specified disorders of prostate,genital_disease,genitourinary
N42.81,Prostatodynia syndrome,genital_disease,genitourinary
N42.82,Prostatosis syndrome,genital_disease,genitourinary
N42.83,Cyst of prostate,genital_disease,genitourinary
N42.89,Other specified disorders of prostate,genital_disease,genitourinary
N42.9,"Disorder of prostate, unspecified",genital_disease,genitourinary
N43,Hydrocele and spermatocele,genital_disease,genitourinary
N43.0,Encysted hydrocele,genital_disease,genitourinary
N43.1,Infected hydrocele,genital_disease,genitourinary
N43.2,Other hydrocele,genital_disease,genitourinary
N43.3,"Hydrocele, unspecified",genital_disease,genitourinary
N43.4,Spermatocele of epididymis,genital_disease,genitourinary
N43.40,"Spermatocele of epididymis, unspecified",genital_disease,genitourinary
N43.41,"Spermatocele of epididymis, single",genital_disease,genitourinary
N43.42,"Spermatocele of epididymis, multiple",genital_disease,genitourinary
N44,Noninflammatory disorders of testis,genital_disease,genitourinary
N44.0,Torsion of testis,genital_disease,genitourinary
N44.00,"Torsion of testis, unspecified",genital_disease,genitourinary
N44.01,Extravaginal torsion of spermatic cord,genital_disease,genitourinary
N44.02,Intravaginal torsion of spermatic cord,genital_disease,genitourinary
N44.03,Torsion of appendix testis,genital_disease,genitourinary
N44.04,Torsion of appendix epididymis,genital_disease,genitourinary
N44.1,Cyst of tunica albuginea testis,genital_disease,genitourinary
N44.2,Benign cyst of testis,genital_disease,genitourinary
N44.8,Other noninflammatory disorders of the testis,genital_disease,genitourinary
N45,Orchitis and epididymitis,genital_disease,genitourinary
N45.1,Epididymitis,genital_disease,genitourinary
N45.2,Orchitis,genital_disease,genitourinary
N45.3,Epididymo-orchitis,genital_disease,genitourinary
N45.4,Abscess of epididymis or testis,genital_disease,genitourinary
N46,Male infertility,genital_disease,genitourinary
N46.0,Azoospermia,genital_disease,genitourinary
N46.01,Organic azoospermia,genital_disease,genitourinary
N46.02,Azoospermia due to extratesticular causes,genital_disease,genitourinary
N46.021,Azoospermia due to drug therapy,genital_disease,genitourinary
N46.022,Azoospermia due to infection,genital_disease,genitourinary
N46.023,Azoospermia due to obstruction of efferent ducts,genital_disease,genitourinary
N46.024,Azoospermia due to radiation,genital_disease,genitourinary
N46.025,Azoospermia due to systemic disease,genital_disease,genitourinary
N46.029,Azoospermia due to other extratesticular causes,genital_disease,genitourinary
N46.1,Oligospermia,genital_disease,genitourinary
N46.11,Organic oligospermia,genital_disease,genitourinary
N46.12,Oligospermia due to extratesticular causes,genital_disease,genitourinary
N46.121,Oligospermia due to drug therapy,genital_disease,genitourinary
N46.122,Oligospermia due to infection,genital_disease,genitourinary
N46.123,Oligospermia due to obstruction of efferent ducts,genital_disease,genitourinary
N46.124,Oligospermia due to radiation,genital_disease,genitourinary
N46.125,Oligospermia due to systemic disease,genital_disease,genitourinary
N46.129,Oligospermia due to other extratesticular causes,genital_disease,genitourinary
N46.8,Other male infertility,genital_disease,genitourinary
N46.9,"Male infertility, unspecified",genital_disease,genitourinary
N47,Disorders of prepuce,genital_disease,genitourinary
N47.0,"Adherent prepuce, newborn",genital_disease,genitourinary
N47.1,Phimosis,genital_disease,genitourinary
N47.2,Paraphimosis,genital_disease,genitourinary
N47.3,Deficient foreskin,genital_disease,genitourinary
N47.4,Benign cyst of prepuce,genital_disease,genitourinary
N47.5,Adhesions of prepuce and glans penis,genital_disease,genitourinary
N47.6,Balanoposthitis,genital_disease,genitourinary
N47.7,Other inflammatory diseases of prepuce,genital_disease,genitourinary
N47.8,Other disorders of prepuce,genital_disease,genitourinary
N48,Other disorders of penis,genital_disease,genitourinary
N48.0,Leukoplakia of penis,genital_disease,genitourinary
N48.1,Balanitis,genital_disease,genitourinary
N48.2,Other inflammatory disorders of penis,genital_disease,genitourinary
N48.21,Abscess of corpus cavernosum and penis,genital_disease,genitourinary
N48.22,Cellulitis of corpus cavernosum and penis,genital_disease,genitourinary
N48.29,Other inflammatory disorders of penis,genital_disease,genitourinary
N48.3,Priapism,genital_disease,genitourinary
N48.30,"Priapism, unspecified",genital_disease,genitourinary
N48.31,Priapism due to trauma,genital_disease,genitourinary
N48.32,Priapism due to disease classified elsewhere,genital_disease,genitourinary
N48.33,"Priapism, drug-induced",genital_disease,genitourinary
N48.39,Other priapism,genital_disease,genitourinary
N48.5,Ulcer of penis,genital_disease,genitourinary
N48.6,Induration penis plastica,genital_disease,genitourinary
N48.8,Other specified disorders of penis,genital_disease,genitourinary
N48.81,Thrombosis of superficial vein of penis,genital_disease,genitourinary
N48.82,Acquired torsion of penis,genital_disease,genitourinary
N48.83,Acquired buried penis,genital_disease,genitourinary
N48.89,Other specified disorders of penis,genital_disease,genitourinary
N48.9,"Disorder of penis, unspecified",genital_disease,genitourinary
N49,"Inflammatory disorders of male genital organs, not elsewhere classified",genital_disease,genitourinary
N49.0,Inflammatory disorders of seminal vesicle,genital_disease,genitourinary
N49.1,"Inflammatory disorders of spermatic cord, tunica vaginalis and vas deferens",genital_disease,genitourinary
N49.2,Inflammatory disorders of scrotum,genital_disease,genitourinary
N49.3,Fournier gangrene,genital_disease,genitourinary
N49.8,Inflammatory disorders of other specified male genital organs,genital_disease,genitourinary
N49.9,Inflammatory disorder of unspecified male genital organ,genital_disease,genitourinary
N50,Other and unspecified disorders of male genital organs,genital_disease,genitourinary
N50.0,Atrophy of testis,genital_disease,genitourinary
N50.1,Vascular disorders of male genital organs,genital_disease,genitourinary
N50.3,Cyst of epididymis,genital_disease,genitourinary
N50.8,Other specified disorders of male genital organs,genital_disease,genitourinary
N50.81,Testicular pain,genital_disease,genitourinary
N50.811,Right testicular pain,genital_disease,genitourinary
N50.812,Left testicular pain,genital_disease,genitourinary
N50.819,"Testicular pain, unspecified",genital_disease,genitourinary
N50.82,Scrotal pain,genital_disease,genitourinary
N50.89,Other specified disorders of the male genital organs,genital_disease,genitourinary
N50.9,"Disorder of male genital organs, unspecified",genital_disease,genitourinary
N51,Disorders of male genital organs in diseases classified elsewhere,genital_disease,genitourinary
N60,Benign mammary dysplasia,genital_disease,genitourinary
N60.0,Solitary cyst of breast,genital_disease,genitourinary
N60.01,Solitary cyst of right breast,genital_disease,genitourinary
N60.02,Solitary cyst of left breast,genital_disease,genitourinary
N60.09,Solitary cyst of unspecified breast,genital_disease,genitourinary
N60.1,Diffuse cystic mastopathy,genital_disease,genitourinary
N60.11,Diffuse cystic mastopathy of right breast,genital_disease,genitourinary
N60.12,Diffuse cystic mastopathy of left breast,genital_disease,genitourinary
N60.19,Diffuse cystic mastopathy of unspecified breast,genital_disease,genitourinary
N60.2,Fibroadenosis of breast,genital_disease,genitourinary
N60.21,Fibroadenosis of right breast,genital_disease,genitourinary
N60.22,Fibroadenosis of left breast,genital_disease,genitourinary
N60.29,Fibroadenosis of unspecified breast,genital_disease,genitourinary
N60.3,Fibrosclerosis of breast,genital_disease,genitourinary
N60.31,Fibrosclerosis of right breast,genital_disease,genitourinary
N60.32,Fibrosclerosis of left breast,genital_disease,genitourinary
N60.39,Fibrosclerosis of unspecified breast,genital_disease,genitourinary
N60.4,Mammary duct ectasia,genital_disease,genitourinary
N60.41,Mammary duct ectasia of right breast,genital_disease,genitourinary
N60.42,Mammary duct ectasia of left breast,genital_disease,genitourinary
N60.49,Mammary duct ectasia of unspecified breast,genital_disease,genitourinary
N60.8,Other benign mammary dysplasias,genital_disease,genitourinary
N60.81,Other benign mammary dysplasias of right breast,genital_disease,genitourinary
N60.82,Other benign mammary dysplasias of left breast,genital_disease,genitourinary
N60.89,Other benign mammary dysplasias of unspecified breast,genital_disease,genitourinary
N60.9,Unspecified benign mammary dysplasia,genital_disease,genitourinary
N60.91,Unspecified benign mammary dysplasia of right breast,genital_disease,genitourinary
N60.92,Unspecified benign mammary dysplasia of left breast,genital_disease,genitourinary
N60.99,Unspecified benign mammary dysplasia of unspecified breast,genital_disease,genitourinary
N61,Inflammatory disorders of breast,genital_disease,genitourinary
N61.0,Mastitis without abscess,genital_disease,genitourinary
N61.1,Abscess of the breast and nipple,genital_disease,genitourinary
N61.2,Granulomatous mastitis,genital_disease,genitourinary
N61.20,"Granulomatous mastitis, unspecified breast",genital_disease,genitourinary
N61.21,"Granulomatous mastitis, right breast",genital_disease,genitourinary
N61.22,"Granulomatous mastitis, left breast",genital_disease,genitourinary
N61.23,"Granulomatous mastitis, bilateral breast",genital_disease,genitourinary
N62,Hypertrophy of breast,genital_disease,genitourinary
N63,Unspecified lump in breast,genital_disease,genitourinary
N63.0,Unspecified lump in unspecified breast,genital_disease,genitourinary
N63.1,Unspecified lump in the right breast,genital_disease,genitourinary
N63.10,"Unspecified lump in the right breast, unspecified quadrant",genital_disease,genitourinary
N63.11,"Unspecified lump in the right breast, upper outer quadrant",genital_disease,genitourinary
N63.12,"Unspecified lump in the right breast, upper inner quadrant",genital_disease,genitourinary
N63.13,"Unspecified lump in the right breast, lower outer quadrant",genital_disease,genitourinary
N63.14,"Unspecified lump in the right breast, lower inner quadrant",genital_disease,genitourinary
N63.15,"Unspecified lump in the right breast, overlapping quadrants",genital_disease,genitourinary
N63.2,Unspecified lump in the left breast,genital_disease,genitourinary
N63.20,"Unspecified lump in the left breast, unspecified quadrant",genital_disease,genitourinary
N63.21,"Unspecified lump in the left breast, upper outer quadrant",genital_disease,genitourinary
N63.22,"Unspecified lump in the left breast, upper inner quadrant",genital_disease,genitourinary
N63.23,"Unspecified lump in the left breast, lower outer quadrant",genital_disease,genitourinary
N63.24,"Unspecified lump in the left breast, lower inner quadrant",genital_disease,genitourinary
N63.25,"Unspecified lump in the left breast, overlapping quadrants",genital_disease,genitourinary
N63.3,Unspecified lump in axillary tail,genital_disease,genitourinary
N63.31,Unspecified lump in axillary tail of the right breast,genital_disease,genitourinary
N63.32,Unspecified lump in axillary tail of the left breast,genital_disease,genitourinary
N63.4,"Unspecified lump in breast, subareolar",genital_disease,genitourinary
N63.41,"Unspecified lump in right breast, subareolar",genital_disease,genitourinary
N63.42,"Unspecified lump in left breast, subareolar",genital_disease,genitourinary
N64,Other disorders of breast,genital_disease,genitourinary
N64.0,Fissure and fistula of nipple,genital_disease,genitourinary
N64.1,Fat necrosis of breast,genital_disease,genitourinary
N64.2,Atrophy of breast,genital_disease,genitourinary
N64.3,Galactorrhea not associated with childbirth,genital_disease,genitourinary
N64.4,Mastodynia,genital_disease,genitourinary
N64.5,Other signs and symptoms in breast,genital_disease,genitourinary
N64.51,Induration of breast,genital_disease,genitourinary
N64.52,Nipple discharge,genital_disease,genitourinary
N64.53,Retraction of nipple,genital_disease,genitourinary
N64.59,Other signs and symptoms in breast,genital_disease,genitourinary
N64.8,Other specified disorders of breast,genital_disease,genitourinary
N64.81,Ptosis of breast,genital_disease,genitourinary
N64.82,Hypoplasia of breast,genital_disease,genitourinary
N64.89,Other specified disorders of breast,genital_disease,genitourinary
N64.9,"Disorder of breast, unspecified",genital_disease,genitourinary
N70,Salpingitis and oophoritis,genital_disease,genitourinary
N70.0,Acute salpingitis and oophoritis,genital_disease,genitourinary
N70.01,Acute salpingitis,genital_disease,genitourinary
N70.02,Acute oophoritis,genital_disease,genitourinary
N70.03,Acute salpingitis and oophoritis,genital_disease,genitourinary
N70.1,Chronic salpingitis and oophoritis,genital_disease,genitourinary
N70.11,Chronic salpingitis,genital_disease,genitourinary
N70.12,Chronic oophoritis,genital_disease,genitourinary
N70.13,Chronic salpingitis and oophoritis,genital_disease,genitourinary
N70.9,"Salpingitis and oophoritis, unspecified",genital_disease,genitourinary
N70.91,"Salpingitis, unspecified",genital_disease,genitourinary
N70.92,"Oophoritis, unspecified",genital_disease,genitourinary
N70.93,"Salpingitis and oophoritis, unspecified",genital_disease,genitourinary
N71,"Inflammatory disease of uterus, except cervix",genital_disease,genitourinary
N71.0,Acute inflammatory disease of uterus,genital_disease,genitourinary
N71.1,Chronic inflammatory disease of uterus,genital_disease,genitourinary
N71.9,"Inflammatory disease of uterus, unspecified",genital_disease,genitourinary
N72,Inflammatory disease of cervix uteri,genital_disease,genitourinary
N73,Other female pelvic inflammatory diseases,genital_disease,genitourinary
N73.0,Acute parametritis and pelvic cellulitis,genital_disease,genitourinary
N73.1,Chronic parametritis and pelvic cellulitis,genital_disease,genitourinary
N73.2,Unspecified parametritis and pelvic cellulitis,genital_disease,genitourinary
N73.3,Female acute pelvic peritonitis,genital_disease,genitourinary
N73.4,Female chronic pelvic peritonitis,genital_disease,genitourinary
N73.5,"Female pelvic peritonitis, unspecified",genital_disease,genitourinary
N73.6,Female pelvic peritoneal adhesions (postinfective),genital_disease,genitourinary
N73.8,Other specified female pelvic inflammatory diseases,genital_disease,genitourinary
N73.9,"Female pelvic inflammatory disease, unspecified",genital_disease,genitourinary
N74,Female pelvic inflammatory disorders in diseases classified elsewhere,genital_disease,genitourinary
N75,Diseases of Bartholin's gland,genital_disease,genitourinary
N75.0,Cyst of Bartholin's gland,genital_disease,genitourinary
N75.1,Abscess of Bartholin's gland,genital_disease,genitourinary
N75.8,Other diseases of Bartholin's gland,genital_disease,genitourinary
N75.9,"Disease of Bartholin's gland, unspecified",genital_disease,genitourinary
N76,Other inflammation of vagina and vulva,genital_disease,genitourinary
N76.0,Acute vaginitis,genital_disease,genitourinary
N76.1,Subacute and chronic vaginitis,genital_disease,genitourinary
N76.2,Acute vulvitis,genital_disease,genitourinary
N76.3,Subacute and chronic vulvitis,genital_disease,genitourinary
N76.4,Abscess of vulva,genital_disease,genitourinary
N76.5,Ulceration of vagina,genital_disease,genitourinary
N76.6,Ulceration of vulva,genital_disease,genitourinary
N76.8,Other specified inflammation of vagina and vulva,genital_disease,genitourinary
N76.81,Mucositis (ulcerative) of vagina and vulva,genital_disease,genitourinary
N76.82,Fournier disease of vagina and vulva,genital_disease,genitourinary
N76.89,Other specified inflammation of vagina and vulva,genital_disease,genitourinary
N77,Vulvovaginal ulceration and inflammation in diseases classified elsewhere,genital_disease,genitourinary
N77.0,Ulceration of vulva in diseases classified elsewhere,genital_disease,genitourinary
N77.1,"Vaginitis, vulvitis and vulvovaginitis in diseases classified elsewhere",genital_disease,genitourinary
N80,Endometriosis,genital_disease,genitourinary
N80.0,Endometriosis of uterus,genital_disease,genitourinary
N80.00,"Endometriosis of the uterus, unspecified",genital_disease,genitourinary
N80.01,Superficial endometriosis of the uterus,genital_disease,genitourinary
N80.02,Deep endometriosis of the uterus,genital_disease,genitourinary
N80.03,Adenomyosis of the uterus,genital_disease,genitourinary
N80.1,Endometriosis of ovary,genital_disease,genitourinary
N80.10,"Endometriosis of ovary, unspecified depth",genital_disease,genitourinary
N80.101,"Endometriosis of right ovary, unspecified depth",genital_disease,genitourinary
N80.102,"Endometriosis of left ovary, unspecified depth",genital_disease,genitourinary
N80.103,"Endometriosis of bilateral ovaries, unspecified depth",genital_disease,genitourinary
N80.109,"Endometriosis of ovary, unspecified side, unspecified depth",genital_disease,genitourinary
N80.11,Superficial endometriosis of the ovary,genital_disease,genitourinary
N80.111,Superficial endometriosis of right ovary,genital_disease,genitourinary
N80.112,Superficial endometriosis of left ovary,genital_disease,genitourinary
N80.113,Superficial endometriosis of bilateral ovaries,genital_disease,genitourinary
N80.119,"Superficial endometriosis of ovary, unspecified ovary",genital_disease,genitourinary
N80.12,Deep endometriosis of ovary,genital_disease,genitourinary
N80.121,Deep endometriosis of right ovary,genital_disease,genitourinary
N80.122,Deep endometriosis of left ovary,genital_disease,genitourinary
N80.123,Deep endometriosis of bilateral ovaries,genital_disease,genitourinary
N80.129,"Deep endometriosis of ovary, unspecified ovary",genital_disease,genitourinary
N80.2,Endometriosis of fallopian tube,genital_disease,genitourinary
N80.20,"Endometriosis of fallopian tube, unspecified depth",genital_disease,genitourinary
N80.201,"Endometriosis of right fallopian tube, unspecified depth",genital_disease,genitourinary
N80.202,"Endometriosis of left fallopian tube, unspecified depth",genital_disease,genitourinary
N80.203,"Endometriosis of bilateral fallopian tubes, unspecified depth",genital_disease,genitourinary
N80.209,"Endometriosis of unspecified fallopian tube, unspecified depth",genital_disease,genitourinary
N80.21,Superficial endometriosis of fallopian tube,genital_disease,genitourinary
N80.211,Superficial endometriosis of right fallopian tube,genital_disease,genitourinary
N80.212,Superficial endometriosis of left fallopian tube,genital_disease,genitourinary
N80.213,Superficial endometriosis of bilateral fallopian tubes,genital_disease,genitourinary
N80.219,Superficial endometriosis of unspecified fallopian tube,genital_disease,genitourinary
N80.22,Deep endometriosis of the fallopian tube,genital_disease,genitourinary
N80.221,Deep endometriosis of right fallopian tube,genital_disease,genitourinary
N80.222,Deep endometriosis of left fallopian tube,genital_disease,genitourinary
N80.223,Deep endometriosis of bilateral fallopian tubes,genital_disease,genitourinary
N80.229,Deep endometriosis of unspecified fallopian tube,genital_disease,genitourinary
N80.3,Endometriosis of pelvic peritoneum,genital_disease,genitourinary
N80.30,"Endometriosis of pelvic peritoneum, unspecified",genital_disease,genitourinary
N80.31,Endometriosis of the anterior cul-de-sac,genital_disease,genitourinary
N80.311,Superficial endometriosis of the anterior cul-de-sac,genital_disease,genitourinary
N80.312,Deep endometriosis of the anterior cul-de-sac,genital_disease,genitourinary
N80.319,"Endometriosis of the anterior cul-de-sac, unspecified depth",genital_disease,genitourinary
N80.32,Endometriosis of the posterior cul-de-sac,genital_disease,genitourinary
N80.321,Superficial endometriosis of the posterior cul-de-sac,genital_disease,genitourinary
N80.322,Deep endometriosis of the posterior cul-de-sac,genital_disease,genitourinary
N80.329,"Endometriosis of the posterior cul-de-sac, unspecified depth",genital_disease,genitourinary
N80.33,Superficial endometriosis of the pelvic sidewall,genital_disease,genitourinary
N80.331,Superficial endometriosis of the right pelvic sidewall,genital_disease,genitourinary
N80.332,Superficial endometriosis of the left pelvic sidewall,genital_disease,genitourinary
N80.333,Superficial endometriosis of bilateral pelvic sidewall,genital_disease,genitourinary
N80.339,"Superficial endometriosis of pelvic sidewall, unspecified side",genital_disease,genitourinary
N80.34,Deep endometriosis of the pelvic sidewall,genital_disease,genitourinary
N80.341,Deep endometriosis of the right pelvic sidewall,genital_disease,genitourinary
N80.342,Deep endometriosis of the left pelvic sidewall,genital_disease,genitourinary
N80.343,Deep endometriosis of the bilateral pelvic sidewall,genital_disease,genitourinary
N80.349,"Deep endometriosis of the pelvic sidewall, unspecified side",genital_disease,genitourinary
N80.35,"Endometriosis of the pelvic sidewall, unspecified depth",genital_disease,genitourinary
N80.351,"Endometriosis of the right pelvic sidewall, unspecified depth",genital_disease,genitourinary
N80.352,"Endometriosis of the left pelvic sidewall, unspecified depth",genital_disease,genitourinary
N80.353,"Endometriosis of bilateral pelvic sidewall, unspecified depth",genital_disease,genitourinary
N80.359,"Endometriosis of pelvic sidewall, unspecified side, unspecified depth",genital_disease,genitourinary
N80.36,Superficial endometriosis of the pelvic brim,genital_disease,genitourinary
N80.361,Superficial endometriosis of the right pelvic brim,genital_disease,genitourinary
N80.362,Superficial endometriosis of the left pelvic brim,genital_disease,genitourinary
N80.363,Superficial endometriosis of bilateral pelvic brim,genital_disease,genitourinary
N80.369,"Superficial endometriosis of the pelvic brim, unspecified side",genital_disease,genitourinary
N80.37,Deep endometriosis of the pelvic brim,genital_disease,genitourinary
N80.371,Deep endometriosis of the right pelvic brim,genital_disease,genitourinary
N80.372,Deep endometriosis of the left pelvic brim,genital_disease,genitourinary
N80.373,Deep endometriosis of bilateral pelvic brim,genital_disease,genitourinary
N80.379,"Deep endometriosis of the pelvic brim, unspecified side",genital_disease,genitourinary
N80.38,"Endometriosis of the pelvic brim, unspecified depth",genital_disease,genitourinary
N80.381,"Endometriosis of the right pelvic brim, unspecified depth",genital_disease,genitourinary
N80.382,"Endometriosis of the left pelvic brim, unspecified depth",genital_disease,genitourinary
N80.383,"Endometriosis of bilateral pelvic brim, unspecified depth",genital_disease,genitourinary
N80.389,"Endometriosis of the pelvic brim, unspecified side, unspecified depth",genital_disease,genitourinary
N80.39,Endometriosis of other pelvic peritoneum,genital_disease,genitourinary
N80.391,"Superficial endometriosis of the pelvic peritoneum, other specified sites",genital_disease,genitourinary
N80.392,"Deep endometriosis of the pelvic peritoneum, other specified sites",genital_disease,genitourinary
N80.399,"Endometriosis of the pelvic peritoneum, other specified sites, unspecified depth",genital_disease,genitourinary
N80.3A,Superficial endometriosis of the uterosacral ligament(s),genital_disease,genitourinary
N80.3A1,Superficial endometriosis of the right uterosacral ligament,genital_disease,genitourinary
N80.3A2,Superficial endometriosis of the left uterosacral ligament,genital_disease,genitourinary
N80.3A3,Superficial endometriosis of the bilateral uterosacral ligament(s),genital_disease,genitourinary
N80.3A9,"Superficial endometriosis of the uterosacral ligament(s), unspecified side",genital_disease,genitourinary
N80.3B,Deep endometriosis of the uterosacral ligament(s),genital_disease,genitourinary
N80.3B1,Deep endometriosis of the right uterosacral ligament,genital_disease,genitourinary
N80.3B2,Deep endometriosis of the left uterosacral ligament,genital_disease,genitourinary
N80.3B3,Deep endometriosis of bilateral uterosacral ligament(s),genital_disease,genitourinary
N80.3B9,"Deep endometriosis of the uterosacral ligament(s), unspecified side",genital_disease,genitourinary
N80.3C,"Endometriosis of the uterosacral ligament(s), unspecified depth",genital_disease,genitourinary
N80.3C1,"Endometriosis of the right uterosacral ligament, unspecified depth",genital_disease,genitourinary
N80.3C2,"Endometriosis of the left uterosacral ligament, unspecified depth",genital_disease,genitourinary
N80.3C3,"Endometriosis of bilateral uterosacral ligament(s), unspecified depth",genital_disease,genitourinary
N80.3C9,"Endometriosis of the uterosacral ligament(s), unspecified side, unspecified depth",genital_disease,genitourinary
N80.4,Endometriosis of rectovaginal septum and vagina,genital_disease,genitourinary
N80.40,"Endometriosis of rectovaginal septum, unspecified involvement of vagina",genital_disease,genitourinary
N80.41,Endometriosis of rectovaginal septum without involvement of vagina,genital_disease,genitourinary
N80.42,Endometriosis of rectovaginal septum with involvement of vagina,genital_disease,genitourinary
N80.5,Endometriosis of intestine,genital_disease,genitourinary
N80.50,"Endometriosis of intestine, unspecified",genital_disease,genitourinary
N80.51,Endometriosis of the rectum,genital_disease,genitourinary
N80.511,Superficial endometriosis of the rectum,genital_disease,genitourinary
N80.512,Deep endometriosis of the rectum,genital_disease,genitourinary
N80.519,"Endometriosis of the rectum, unspecified depth",genital_disease,genitourinary
N80.52,Endometriosis of the sigmoid colon,genital_disease,genitourinary
N80.521,Superficial endometriosis of the sigmoid colon,genital_disease,genitourinary
N80.522,Deep endometriosis of the sigmoid colon,genital_disease,genitourinary
N80.529,"Endometriosis of the sigmoid colon, unspecified depth",genital_disease,genitourinary
N80.53,Endometriosis of the cecum,genital_disease,genitourinary
N80.531,Superficial endometriosis of the cecum,genital_disease,genitourinary
N80.532,Deep endometriosis of the cecum,genital_disease,genitourinary
N80.539,"Endometriosis of the cecum, unspecified depth",genital_disease,genitourinary
N80.54,Endometriosis of the appendix,genital_disease,genitourinary
N80.541,Superficial endometriosis of the appendix,genital_disease,genitourinary
N80.542,Deep endometriosis of the appendix,genital_disease,genitourinary
N80.549,"Endometriosis of the appendix, unspecified depth",genital_disease,genitourinary
N80.55,Endometriosis of other parts of the colon,genital_disease,genitourinary
N80.551,Superficial endometriosis of other parts of the colon,genital_disease,genitourinary
N80.552,Deep endometriosis of other parts of the colon,genital_disease,genitourinary
N80.559,"Endometriosis of other parts of the colon, unspecified depth",genital_disease,genitourinary
N80.56,Endometriosis of the small intestine,genital_disease,genitourinary
N80.561,Superficial endometriosis of the small intestine,genital_disease,genitourinary
N80.562,Deep endometriosis of the small intestine,genital_disease,genitourinary
N80.569,"Endometriosis of the small intestine, unspecified depth",genital_disease,genitourinary
N80.6,Endometriosis in cutaneous scar,genital_disease,genitourinary
N80.8,Other endometriosis,genital_disease,genitourinary
N80.9,"Endometriosis, unspecified",genital_disease,genitourinary
N80.A,Endometriosis of bladder and ureters,genital_disease,genitourinary
N80.A0,"Endometriosis of bladder, unspecified depth",genital_disease,genitourinary
N80.A1,Superficial endometriosis of bladder,genital_disease,genitourinary
N80.A2,Deep endometriosis of bladder,genital_disease,genitourinary
N80.A4,Superficial endometriosis of ureter,genital_disease,genitourinary
N80.A41,Superficial endometriosis of right ureter,genital_disease,genitourinary
N80.A42,Superficial endometriosis of left ureter,genital_disease,genitourinary
N80.A43,Superficial endometriosis of bilateral ureters,genital_disease,genitourinary
N80.A49,Superficial endometriosis of unspecified ureter,genital_disease,genitourinary
N80.A5,Deep endometriosis of ureter,genital_disease,genitourinary
N80.A51,Deep endometriosis of right ureter,genital_disease,genitourinary
N80.A52,Deep endometriosis of left ureter,genital_disease,genitourinary
N80.A53,Deep endometriosis of bilateral ureters,genital_disease,genitourinary
N80.A59,Deep endometriosis of unspecified ureter,genital_disease,genitourinary
N80.A6,"Endometriosis of ureter, unspecified depth",genital_disease,genitourinary
N80.A61,"Endometriosis of right ureter, unspecified depth",genital_disease,genitourinary
N80.A62,"Endometriosis of left ureter, unspecified depth",genital_disease,genitourinary
N80.A63,"Endometriosis of bilateral ureters, unspecified depth",genital_disease,genitourinary
N80.A69,"Endometriosis of unspecified ureter, unspecified depth",genital_disease,genitourinary
N80.B,Endometriosis of cardiothoracic space,genital_disease,genitourinary
N80.B1,Endometriosis of pleura,genital_disease,genitourinary
N80.B2,Endometriosis of lung,genital_disease,genitourinary
N80.B3,Endometriosis of diaphragm,genital_disease,genitourinary
N80.B31,Superficial endometriosis of diaphragm,genital_disease,genitourinary
N80.B32,Deep endometriosis of diaphragm,genital_disease,genitourinary
N80.B39,"Endometriosis of diaphragm, unspecified depth",genital_disease,genitourinary
N80.B4,Endometriosis of the pericardial space,genital_disease,genitourinary
N80.B5,Endometriosis of the mediastinal space,genital_disease,genitourinary
N80.B6,Endometriosis of cardiothoracic space,genital_disease,genitourinary
N80.C,Endometriosis of the abdomen,genital_disease,genitourinary
N80.C0,"Endometriosis of the abdomen, unspecified",genital_disease,genitourinary
N80.C1,Endometriosis of the anterior abdominal wall,genital_disease,genitourinary
N80.C10,"Endometriosis of the anterior abdominal wall, subcutaneous tissue",genital_disease,genitourinary
N80.C11,"Endometriosis of the anterior abdominal wall, fascia and muscular layers",genital_disease,genitourinary
N80.C19,"Endometriosis of the anterior abdominal wall, unspecified depth",genital_disease,genitourinary
N80.C2,Endometriosis of the umbilicus,genital_disease,genitourinary
N80.C3,Endometriosis of the inguinal canal,genital_disease,genitourinary
N80.C4,Endometriosis of extra-pelvic abdominal peritoneum,genital_disease,genitourinary
N80.C9,Endometriosis of other site of abdomen,genital_disease,genitourinary
N80.D,Endometriosis of the pelvic nerves,genital_disease,genitourinary
N80.D0,"Endometriosis of the pelvic nerves, unspecified",genital_disease,genitourinary
N80.D1,Endometriosis of the sacral splanchnic nerves,genital_disease,genitourinary
N80.D2,Endometriosis of the sacral nerve roots,genital_disease,genitourinary
N80.D3,Endometriosis of the obturator nerve,genital_disease,genitourinary
N80.D4,Endometriosis of the sciatic nerve,genital_disease,genitourinary
N80.D5,Endometriosis of the pudendal nerve,genital_disease,genitourinary
N80.D6,Endometriosis of the femoral nerve,genital_disease,genitourinary
N80.D9,Endometriosis of other pelvic nerve,genital_disease,genitourinary
N81,Female genital prolapse,genital_disease,genitourinary
N81.0,Urethrocele,genital_disease,genitourinary
N81.1,Cystocele,genital_disease,genitourinary
N81.10,"Cystocele, unspecified",genital_disease,genitourinary
N81.11,"Cystocele, midline",genital_disease,genitourinary
N81.12,"Cystocele, lateral",genital_disease,genitourinary
N81.2,Incomplete uterovaginal prolapse,genital_disease,genitourinary
N81.3,Complete uterovaginal prolapse,genital_disease,genitourinary
N81.4,"Uterovaginal prolapse, unspecified",genital_disease,genitourinary
N81.5,Vaginal enterocele,genital_disease,genitourinary
N81.6,Rectocele,genital_disease,genitourinary
N81.8,Other female genital prolapse,genital_disease,genitourinary
N81.81,Perineocele,genital_disease,genitourinary
N81.82,Incompetence or weakening of pubocervical tissue,genital_disease,genitourinary
N81.83,Incompetence or weakening of rectovaginal tissue,genital_disease,genitourinary
N81.84,Pelvic muscle wasting,genital_disease,genitourinary
N81.85,Cervical stump prolapse,genital_disease,genitourinary
N81.89,Other female genital prolapse,genital_disease,genitourinary
N81.9,"Female genital prolapse, unspecified",genital_disease,genitourinary
N82,Fistulae involving female genital tract,genital_disease,genitourinary
N82.0,Vesicovaginal fistula,genital_disease,genitourinary
N82.1,Other female urinary-genital tract fistulae,genital_disease,genitourinary
N82.2,Fistula of vagina to small intestine,genital_disease,genitourinary
N82.3,Fistula of vagina to large intestine,genital_disease,genitourinary
N82.4,Other female intestinal-genital tract fistulae,genital_disease,genitourinary
N82.5,Female genital tract-skin fistulae,genital_disease,genitourinary
N82.8,Other female genital tract fistulae,genital_disease,genitourinary
N82.9,"Female genital tract fistula, unspecified",genital_disease,genitourinary
N83,"Noninflammatory disorders of ovary, fallopian tube and broad ligament",genital_disease,genitourinary
N83.0,Follicular cyst of ovary,genital_disease,genitourinary
N83.00,"Follicular cyst of ovary, unspecified side",genital_disease,genitourinary
N83.01,Follicular cyst of right ovary,genital_disease,genitourinary
N83.02,Follicular cyst of left ovary,genital_disease,genitourinary
N83.1,Corpus luteum cyst,genital_disease,genitourinary
N83.10,"Corpus luteum cyst of ovary, unspecified side",genital_disease,genitourinary
N83.11,Corpus luteum cyst of right ovary,genital_disease,genitourinary
N83.12,Corpus luteum cyst of left ovary,genital_disease,genitourinary
N83.2,Other and unspecified ovarian cysts,genital_disease,genitourinary
N83.20,Unspecified ovarian cysts,genital_disease,genitourinary
N83.201,"Unspecified ovarian cyst, right side",genital_disease,genitourinary
N83.202,"Unspecified ovarian cyst, left side",genital_disease,genitourinary
N83.209,"Unspecified ovarian cyst, unspecified side",genital_disease,genitourinary
N83.29,Other ovarian cysts,genital_disease,genitourinary
N83.291,"Other ovarian cyst, right side",genital_disease,genitourinary
N83.292,"Other ovarian cyst, left side",genital_disease,genitourinary
N83.299,"Other ovarian cyst, unspecified side",genital_disease,genitourinary
N83.3,Acquired atrophy of ovary and fallopian tube,genital_disease,genitourinary
N83.31,Acquired atrophy of ovary,genital_disease,genitourinary
N83.311,Acquired atrophy of right ovary,genital_disease,genitourinary
N83.312,Acquired atrophy of left ovary,genital_disease,genitourinary
N83.319,"Acquired atrophy of ovary, unspecified side",genital_disease,genitourinary
N83.32,Acquired atrophy of fallopian tube,genital_disease,genitourinary
N83.321,Acquired atrophy of right fallopian tube,genital_disease,genitourinary
N83.322,Acquired atrophy of left fallopian tube,genital_disease,genitourinary
N83.329,"Acquired atrophy of fallopian tube, unspecified side",genital_disease,genitourinary
N83.33,Acquired atrophy of ovary and fallopian tube,genital_disease,genitourinary
N83.331,Acquired atrophy of right ovary and fallopian tube,genital_disease,genitourinary
N83.332,Acquired atrophy of left ovary and fallopian tube,genital_disease,genitourinary
N83.339,"Acquired atrophy of ovary and fallopian tube, unspecified side",genital_disease,genitourinary
N83.4,Prolapse and hernia of ovary and fallopian tube,genital_disease,genitourinary
N83.40,"Prolapse and hernia of ovary and fallopian tube, unspecified side",genital_disease,genitourinary
N83.41,Prolapse and hernia of right ovary and fallopian tube,genital_disease,genitourinary
N83.42,Prolapse and hernia of left ovary and fallopian tube,genital_disease,genitourinary
N83.5,"Torsion of ovary, ovarian pedicle and fallopian tube",genital_disease,genitourinary
N83.51,Torsion of ovary and ovarian pedicle,genital_disease,genitourinary
N83.511,Torsion of right ovary and ovarian pedicle,genital_disease,genitourinary
N83.512,Torsion of left ovary and ovarian pedicle,genital_disease,genitourinary
N83.519,"Torsion of ovary and ovarian pedicle, unspecified side",genital_disease,genitourinary
N83.52,Torsion of fallopian tube,genital_disease,genitourinary
N83.521,Torsion of right fallopian tube,genital_disease,genitourinary
N83.522,Torsion of left fallopian tube,genital_disease,genitourinary
N83.529,"Torsion of fallopian tube, unspecified side",genital_disease,genitourinary
N83.53,"Torsion of ovary, ovarian pedicle and fallopian tube",genital_disease,genitourinary
N83.6,Hematosalpinx,genital_disease,genitourinary
N83.7,Hematoma of broad ligament,genital_disease,genitourinary
N83.8,"Other noninflammatory disorders of ovary, fallopian tube and broad ligament",genital_disease,genitourinary
N83.9,"Noninflammatory disorder of ovary, fallopian tube and broad ligament, unspecified",genital_disease,genitourinary
N84,Polyp of female genital tract,genital_disease,genitourinary
N84.0,Polyp of corpus uteri,genital_disease,genitourinary
N84.1,Polyp of cervix uteri,genital_disease,genitourinary
N84.2,Polyp of vagina,genital_disease,genitourinary
N84.3,Polyp of vulva,genital_disease,genitourinary
N84.8,Polyp of other parts of female genital tract,genital_disease,genitourinary
N84.9,"Polyp of female genital tract, unspecified",genital_disease,genitourinary
N85,"Other noninflammatory disorders of uterus, except cervix",genital_disease,genitourinary
N85.0,Endometrial hyperplasia,genital_disease,genitourinary
N85.00,"Endometrial hyperplasia, unspecified",genital_disease,genitourinary
N85.01,Benign endometrial hyperplasia,genital_disease,genitourinary
N85.02,Endometrial intraepithelial neoplasia [EIN],genital_disease,genitourinary
N85.2,Hypertrophy of uterus,genital_disease,genitourinary
N85.3,Subinvolution of uterus,genital_disease,genitourinary
N85.4,Malposition of uterus,genital_disease,genitourinary
N85.5,Inversion of uterus,genital_disease,genitourinary
N85.6,Intrauterine synechiae,genital_disease,genitourinary
N85.7,Hematometra,genital_disease,genitourinary
N85.8,Other specified noninflammatory disorders of uterus,genital_disease,genitourinary
N85.9,"Noninflammatory disorder of uterus, unspecified",genital_disease,genitourinary
N85.A,Isthmocele,genital_disease,genitourinary
N86,Erosion and ectropion of cervix uteri,genital_disease,genitourinary
N87,Dysplasia of cervix uteri,genital_disease,genitourinary
N87.0,Mild cervical dysplasia,genital_disease,genitourinary
N87.1,Moderate cervical dysplasia,genital_disease,genitourinary
N87.9,"Dysplasia of cervix uteri, unspecified",genital_disease,genitourinary
N88,Other noninflammatory disorders of cervix uteri,genital_disease,genitourinary
N88.0,Leukoplakia of cervix uteri,genital_disease,genitourinary
N88.1,Old laceration of cervix uteri,genital_disease,genitourinary
N88.2,Stricture and stenosis of cervix uteri,genital_disease,genitourinary
N88.3,Incompetence of cervix uteri,genital_disease,genitourinary
N88.4,Hypertrophic elongation of cervix uteri,genital_disease,genitourinary
N88.8,Other specified noninflammatory disorders of cervix uteri,genital_disease,genitourinary
N88.9,"Noninflammatory disorder of cervix uteri, unspecified",genital_disease,genitourinary
N89,Other noninflammatory disorders of vagina,genital_disease,genitourinary
N89.0,Mild vaginal dysplasia,genital_disease,genitourinary
N89.1,Moderate vaginal dysplasia,genital_disease,genitourinary
N89.3,"Dysplasia of vagina, unspecified",genital_disease,genitourinary
N89.4,Leukoplakia of vagina,genital_disease,genitourinary
N89.5,Stricture and atresia of vagina,genital_disease,genitourinary
N89.6,Tight hymenal ring,genital_disease,genitourinary
N89.7,Hematocolpos,genital_disease,genitourinary
N89.8,Other specified noninflammatory disorders of vagina,genital_disease,genitourinary
N89.9,"Noninflammatory disorder of vagina, unspecified",genital_disease,genitourinary
N90,Other noninflammatory disorders of vulva and perineum,genital_disease,genitourinary
N90.0,Mild vulvar dysplasia,genital_disease,genitourinary
N90.1,Moderate vulvar dysplasia,genital_disease,genitourinary
N90.3,"Dysplasia of vulva, unspecified",genital_disease,genitourinary
N90.4,Leukoplakia of vulva,genital_disease,genitourinary
N90.5,Atrophy of vulva,genital_disease,genitourinary
N90.6,Hypertrophy of vulva,genital_disease,genitourinary
N90.60,Unspecified hypertrophy of vulva,genital_disease,genitourinary
N90.61,Childhood asymmetric labium majus enlargement,genital_disease,genitourinary
N90.69,Other specified hypertrophy of vulva,genital_disease,genitourinary
N90.7,Vulvar cyst,genital_disease,genitourinary
N90.8,Other specified noninflammatory disorders of vulva and perineum,genital_disease,genitourinary
N90.81,Female genital mutilation status,genital_disease,genitourinary
N90.810,"Female genital mutilation status, unspecified",genital_disease,genitourinary
N90.811,Female genital mutilation Type I status,genital_disease,genitourinary
N90.812,Female genital mutilation Type II status,genital_disease,genitourinary
N90.813,Female genital mutilation Type III status,genital_disease,genitourinary
N90.818,Other female genital mutilation status,genital_disease,genitourinary
N90.89,Other specified noninflammatory disorders of vulva and perineum,genital_disease,genitourinary
N90.9,"Noninflammatory disorder of vulva and perineum, unspecified",genital_disease,genitourinary
N91,"Absent, scanty and rare menstruation",genital_disease,genitourinary
N91.0,Primary amenorrhea,genital_disease,genitourinary
N91.1,Secondary amenorrhea,genital_disease,genitourinary
N91.2,"Amenorrhea, unspecified",genital_disease,genitourinary
N91.3,Primary oligomenorrhea,genital_disease,genitourinary
N91.4,Secondary oligomenorrhea,genital_disease,genitourinary
N91.5,"Oligomenorrhea, unspecified",genital_disease,genitourinary
N92,"Excessive, frequent and irregular menstruation",genital_disease,genitourinary
N92.0,Excessive and frequent menstruation with regular cycle,genital_disease,genitourinary
N92.1,Excessive and frequent menstruation with irregular cycle,genital_disease,genitourinary
N92.2,Excessive menstruation at puberty,genital_disease,genitourinary
N92.3,Ovulation bleeding,genital_disease,genitourinary
N92.4,Excessive bleeding in the premenopausal period,genital_disease,genitourinary
N92.5,Other specified irregular menstruation,genital_disease,genitourinary
N92.6,"Irregular menstruation, unspecified",genital_disease,genitourinary
N93,Other abnormal uterine and vaginal bleeding,genital_disease,genitourinary
N93.0,Postcoital and contact bleeding,genital_disease,genitourinary
N93.1,Pre-pubertal vaginal bleeding,genital_disease,genitourinary
N93.8,Other specified abnormal uterine and vaginal bleeding,genital_disease,genitourinary
N93.9,"Abnormal uterine and vaginal bleeding, unspecified",genital_disease,genitourinary
N94,Pain and other conditions associated with female genital organs and menstrual cycle,genital_disease,genitourinary
N94.0,Mittelschmerz,genital_disease,genitourinary
N94.1,Dyspareunia,genital_disease,genitourinary
N94.10,Unspecified dyspareunia,genital_disease,genitourinary
N94.11,Superficial (introital) dyspareunia,genital_disease,genitourinary
N94.12,Deep dyspareunia,genital_disease,genitourinary
N94.19,Other specified dyspareunia,genital_disease,genitourinary
N94.2,Vaginismus,genital_disease,genitourinary
N94.3,Premenstrual tension syndrome,genital_disease,genitourinary
N94.4,Primary dysmenorrhea,genital_disease,genitourinary
N94.5,Secondary dysmenorrhea,genital_disease,genitourinary
N94.6,"Dysmenorrhea, unspecified",genital_disease,genitourinary
N94.8,Other specified conditions associated with female genital organs and menstrual cycle,genital_disease,genitourinary
N94.81,Vulvodynia,genital_disease,genitourinary
N94.810,Vulvar vestibulitis,genital_disease,genitourinary
N94.818,Other vulvodynia,genital_disease,genitourinary
N94.819,"Vulvodynia, unspecified",genital_disease,genitourinary
N94.89,Other specified conditions associated with female genital organs and menstrual cycle,genital_disease,genitourinary
N94.9,Unspecified condition associated with female genital organs and menstrual cycle,genital_disease,genitourinary
N95,Menopausal and other perimenopausal disorders,genital_disease,genitourinary
N95.0,Postmenopausal bleeding,genital_disease,genitourinary
N95.1,Menopausal and female climacteric states,genital_disease,genitourinary
N95.2,Postmenopausal atrophic vaginitis,genital_disease,genitourinary
N95.8,Other specified menopausal and perimenopausal disorders,genital_disease,genitourinary
N95.9,Unspecified menopausal and perimenopausal disorder,genital_disease,genitourinary
N96,Recurrent pregnancy loss,genital_disease,genitourinary
N97,Female infertility,genital_disease,genitourinary
N97.0,Female infertility associated with anovulation,genital_disease,genitourinary
N97.1,Female infertility of tubal origin,genital_disease,genitourinary
N97.2,Female infertility of uterine origin,genital_disease,genitourinary
N97.8,Female infertility of other origin,genital_disease,genitourinary
N97.9,"Female infertility, unspecified",genital_disease,genitourinary
N98,Complications associated with artificial fertilization,genital_disease,genitourinary
N98.0,Infection associated with artificial insemination,genital_disease,genitourinary
N98.1,Hyperstimulation of ovaries,genital_disease,genitourinary
N98.2,Complications of attempted introduction of fertilized ovum following in vitro fertilization,genital_disease,genitourinary
N98.3,Complications of attempted introduction of embryo in embryo transfer,genital_disease,genitourinary
N98.8,Other complications associated with artificial fertilization,genital_disease,genitourinary
N98.9,"Complication associated with artificial fertilization, unspecified",genital_disease,genitourinary
N99,"Intraoperative and postprocedural complications and disorders of genitourinary system, not elsewhere classified",genital_disease,genitourinary
N99.0,Postprocedural (acute) (chronic) kidney failure,genital_disease,genitourinary
N99.1,Postprocedural urethral stricture,genital_disease,genitourinary
N99.11,"Postprocedural urethral stricture, male",genital_disease,genitourinary
N99.110,"Postprocedural urethral stricture, male, meatal",genital_disease,genitourinary
N99.111,"Postprocedural bulbous urethral stricture, male",genital_disease,genitourinary
N99.112,"Postprocedural membranous urethral stricture, male",genital_disease,genitourinary
N99.113,"Postprocedural anterior bulbous urethral stricture, male",genital_disease,genitourinary
N99.114,"Postprocedural urethral stricture, male, unspecified",genital_disease,genitourinary
N99.115,Postprocedural fossa navicularis urethral stricture,genital_disease,genitourinary
N99.116,"Postprocedural urethral stricture, male, overlapping sites",genital_disease,genitourinary
N99.12,"Postprocedural urethral stricture, female",genital_disease,genitourinary
N99.2,Postprocedural adhesions of vagina,genital_disease,genitourinary
N99.3,Prolapse of vaginal vault after hysterectomy,genital_disease,genitourinary
N99.4,Postprocedural pelvic peritoneal adhesions,genital_disease,genitourinary
N99.5,Complications of stoma of urinary tract,genital_disease,genitourinary
N99.51,Complication of cystostomy,genital_disease,genitourinary
N99.510,Cystostomy hemorrhage,genital_disease,genitourinary
N99.511,Cystostomy infection,genital_disease,genitourinary
N99.512,Cystostomy malfunction,genital_disease,genitourinary
N99.518,Other cystostomy complication,genital_disease,genitourinary
N99.52,Complication of incontinent external stoma of urinary tract,genital_disease,genitourinary
N99.520,Hemorrhage of incontinent external stoma of urinary tract,genital_disease,genitourinary
N99.521,Infection of incontinent external stoma of urinary tract,genital_disease,genitourinary
N99.522,Malfunction of incontinent external stoma of urinary tract,genital_disease,genitourinary
N99.523,Herniation of incontinent stoma of urinary tract,genital_disease,genitourinary
N99.524,Stenosis of incontinent stoma of urinary tract,genital_disease,genitourinary
N99.528,Other complication of incontinent external stoma of urinary tract,genital_disease,genitourinary
N99.53,Complication of continent stoma of urinary tract,genital_disease,genitourinary
N99.530,Hemorrhage of continent stoma of urinary tract,genital_disease,genitourinary
N99.531,Infection of continent stoma of urinary tract,genital_disease,genitourinary
N99.532,Malfunction of continent stoma of urinary tract,genital_disease,genitourinary
N99.533,Herniation of continent stoma of urinary tract,genital_disease,genitourinary
N99.534,Stenosis of continent stoma of urinary tract,genital_disease,genitourinary
N99.538,Other complication of continent stoma of urinary tract,genital_disease,genitourinary
N99.6,Intraoperative hemorrhage and hematoma of a genitourinary system organ or structure complicating a procedure,genital_disease,genitourinary
N99.61,Intraoperative hemorrhage and hematoma of a genitourinary system organ or structure complicating a genitourinary system procedure,genital_disease,genitourinary
N99.62,Intraoperative hemorrhage and hematoma of a genitourinary system organ or structure complicating other procedure,genital_disease,genitourinary
N99.7,Accidental puncture and laceration of a genitourinary system organ or structure during a procedure,genital_disease,genitourinary
N99.71,Accidental puncture and laceration of a genitourinary system organ or structure during a genitourinary system procedure,genital_disease,genitourinary
N99.72,Accidental puncture and laceration of a genitourinary system organ or structure during other procedure,genital_disease,genitourinary
N99.8,Other intraoperative and postprocedural complications and disorders of genitourinary system,genital_disease,genitourinary
N99.81,Other intraoperative complications of genitourinary system,genital_disease,genitourinary
N99.82,Postprocedural hemorrhage of a genitourinary system organ or structure following a procedure,genital_disease,genitourinary
N99.820,Postprocedural hemorrhage of a genitourinary system organ or structure following a genitourinary system procedure,genital_disease,genitourinary
N99.821,Postprocedural hemorrhage of a genitourinary system organ or structure following other procedure,genital_disease,genitourinary
N99.83,Residual ovary syndrome,genital_disease,genitourinary
N99.84,Postprocedural hematoma and seroma of a genitourinary system organ or structure following a procedure,genital_disease,genitourinary
N99.840,Postprocedural hematoma of a genitourinary system organ or structure following a genitourinary system procedure,genital_disease,genitourinary
N99.841,Postprocedural hematoma of a genitourinary system organ or structure following other procedure,genital_disease,genitourinary
N99.842,Postprocedural seroma of a genitourinary system organ or structure following a genitourinary system procedure,genital_disease,genitourinary
N99.843,Postprocedural seroma of a genitourinary system organ or structure following other procedure,genital_disease,genitourinary
N99.85,Post endometrial ablation syndrome,genital_disease,genitourinary
N99.89,Other postprocedural complications and disorders of genitourinary system,genital_disease,genitourinary
N20,Calculus of kidney and ureter,calculus,genitourinary
N20.0,Calculus of kidney,calculus,genitourinary
N20.1,Calculus of ureter,calculus,genitourinary
N20.2,Calculus of kidney with calculus of ureter,calculus,genitourinary
N20.9,"Urinary calculus, unspecified",calculus,genitourinary
N21,Calculus of lower urinary tract,calculus,genitourinary
N21.0,Calculus in bladder,calculus,genitourinary
N21.1,Calculus in urethra,calculus,genitourinary
N21.8,Other lower urinary tract calculus,calculus,genitourinary
N21.9,"Calculus of lower urinary tract, unspecified",calculus,genitourinary
N22,Calculus of urinary tract in diseases classified elsewhere,calculus,genitourinary
N23,Unspecified renal colic,calculus,genitourinary
N25,Disorders resulting from impaired renal tubular function,kidney_disease,genitourinary
N25.0,Renal osteodystrophy,kidney_disease,genitourinary
N25.1,Nephrogenic diabetes insipidus,kidney_disease,genitourinary
N25.8,Other disorders resulting from impaired renal tubular function,kidney_disease,genitourinary
N25.81,Secondary hyperparathyroidism of renal origin,kidney_disease,genitourinary
N25.89,Other disorders resulting from impaired renal tubular function,kidney_disease,genitourinary
N25.9,"Disorder resulting from impaired renal tubular function, unspecified",kidney_disease,genitourinary
N26,Unspecified contracted kidney,kidney_disease,genitourinary
N26.1,Atrophy of kidney (terminal),kidney_disease,genitourinary
N26.2,Page kidney,kidney_disease,genitourinary
N26.9,"Renal sclerosis, unspecified",kidney_disease,genitourinary
N27,Small kidney of unknown cause,kidney_disease,genitourinary
N27.0,"Small kidney, unilateral",kidney_disease,genitourinary
N27.1,"Small kidney, bilateral",kidney_disease,genitourinary
N27.9,"Small kidney, unspecified",kidney_disease,genitourinary
N28,"Other disorders of kidney and ureter, not elsewhere classified",kidney_disease,genitourinary
N28.0,Ischemia and infarction of kidney,kidney_disease,genitourinary
N28.1,"Cyst of kidney, acquired",kidney_disease,genitourinary
N28.8,Other specified disorders of kidney and ureter,kidney_disease,genitourinary
N28.81,Hypertrophy of kidney,kidney_disease,genitourinary
N28.82,Megaloureter,kidney_disease,genitourinary
N28.83,Nephroptosis,kidney_disease,genitourinary
N28.84,Pyelitis cystica,kidney_disease,genitourinary
N28.85,Pyeloureteritis cystica,kidney_disease,genitourinary
N28.86,Ureteritis cystica,kidney_disease,genitourinary
N28.89,Other specified disorders of kidney and ureter,kidney_disease,genitourinary
N28.9,"Disorder of kidney and ureter, unspecified",kidney_disease,genitourinary
N29,Other disorders of kidney and ureter in diseases classified elsewhere,kidney_disease,genitourinary
F01,Vascular dementia,dementia,mental_health_disorders
F01.5,"Vascular dementia, unspecified severity",dementia,mental_health_disorders
F01.50,"Vascular dementia, unspecified severity, without behavioral disturbance, psychotic disturbance, mood disturbance, and anxiety",dementia,mental_health_disorders
F01.51,"Vascular dementia, unspecified severity, with behavioral disturbance",dementia,mental_health_disorders
F01.511,"Vascular dementia, unspecified severity, with agitation",dementia,mental_health_disorders
F01.518,"Vascular dementia, unspecified severity, with other behavioral disturbance",dementia,mental_health_disorders
F01.52,"Vascular dementia, unspecified severity, with psychotic disturbance",dementia,mental_health_disorders
F01.53,"Vascular dementia, unspecified severity, with mood disturbance",dementia,mental_health_disorders
F01.54,"Vascular dementia, unspecified severity, with anxiety",dementia,mental_health_disorders
F01.A,"Vascular dementia, mild",dementia,mental_health_disorders
F01.A0,"Vascular dementia, mild, without behavioral disturbance, psychotic disturbance, mood disturbance, and anxiety",dementia,mental_health_disorders
F01.A1,"Vascular dementia, mild, with behavioral disturbance",dementia,mental_health_disorders
F01.A11,"Vascular dementia, mild, with agitation",dementia,mental_health_disorders
F01.A18,"Vascular dementia, mild, with other behavioral disturbance",dementia,mental_health_disorders
F01.A2,"Vascular dementia, mild, with psychotic disturbance",dementia,mental_health_disorders
F01.A3,"Vascular dementia, mild, with mood disturbance",dementia,mental_health_disorders
F01.A4,"Vascular dementia, mild, with anxiety",dementia,mental_health_disorders
F01.B,"Vascular dementia, moderate",dementia,mental_health_disorders
F01.B0,"Vascular dementia, moderate, without behavioral disturbance, psychotic disturbance, mood disturbance, and anxiety",dementia,mental_health_disorders
F01.B1,"Vascular dementia, moderate, with behavioral disturbance",dementia,mental_health_disorders
F01.B11,"Vascular dementia, moderate, with agitation",dementia,mental_health_disorders
F01.B18,"Vascular dementia, moderate, with other behavioral disturbance",dementia,mental_health_disorders
F01.B2,"Vascular dementia, moderate, with psychotic disturbance",dementia,mental_health_disorders
F01.B3,"Vascular dementia, moderate, with mood disturbance",dementia,mental_health_disorders
F01.B4,"Vascular dementia, moderate, with anxiety",dementia,mental_health_disorders
F01.C,"Vascular dementia, severe",dementia,mental_health_disorders
F01.C0,"Vascular dementia, severe, without behavioral disturbance, psychotic disturbance, mood disturbance, and anxiety",dementia,mental_health_disorders
F01.C1,"Vascular dementia, severe, with behavioral disturbance",dementia,mental_health_disorders
F01.C11,"Vascular dementia, severe, with agitation",dementia,mental_health_disorders
F01.C18,"Vascular dementia, severe, with other behavioral disturbance",dementia,mental_health_disorders
F01.C2,"Vascular dementia, severe, with psychotic disturbance",dementia,mental_health_disorders
F01.C3,"Vascular dementia, severe, with mood disturbance",dementia,mental_health_disorders
F01.C4,"Vascular dementia, severe, with anxiety",dementia,mental_health_disorders
F02,Dementia in other diseases classified elsewhere,dementia,mental_health_disorders
F02.8,"Dementia in other diseases classified elsewhere, unspecified severity",dementia,mental_health_disorders
F02.80,"Dementia in other diseases classified elsewhere, unspecified severity, without behavioral disturbance, psychotic disturbance, mood disturbance, and anxiety",dementia,mental_health_disorders
F02.81,"Dementia in other diseases classified elsewhere, unspecified severity, with behavioral disturbance",dementia,mental_health_disorders
F02.811,"Dementia in other diseases classified elsewhere, unspecified severity, with agitation",dementia,mental_health_disorders
F02.818,"Dementia in other diseases classified elsewhere, unspecified severity, with other behavioral disturbance",dementia,mental_health_disorders
F02.82,"Dementia in other diseases classified elsewhere, unspecified severity, with psychotic disturbance",dementia,mental_health_disorders
F02.83,"Dementia in other diseases classified elsewhere, unspecified severity, with mood disturbance",dementia,mental_health_disorders
F02.84,"Dementia in other diseases classified elsewhere, unspecified severity, with anxiety",dementia,mental_health_disorders
F02.A,"Dementia in other diseases classified elsewhere, mild",dementia,mental_health_disorders
F02.A0,"Dementia in other diseases classified elsewhere, mild, without behavioral disturbance, psychotic disturbance, mood disturbance, and anxiety",dementia,mental_health_disorders
F02.A1,"Dementia in other diseases classified elsewhere, mild, with behavioral disturbance",dementia,mental_health_disorders
F02.A11,"Dementia in other diseases classified elsewhere, mild, with agitation",dementia,mental_health_disorders
F02.A18,"Dementia in other diseases classified elsewhere, mild, with other behavioral disturbance",dementia,mental_health_disorders
F02.A2,"Dementia in other diseases classified elsewhere, mild, with psychotic disturbance",dementia,mental_health_disorders
F02.A3,"Dementia in other diseases classified elsewhere, mild, with mood disturbance",dementia,mental_health_disorders
F02.A4,"Dementia in other diseases classified elsewhere, mild, with anxiety",dementia,mental_health_disorders
F02.B,"Dementia in other diseases classified elsewhere, moderate",dementia,mental_health_disorders
F02.B0,"Dementia in other diseases classified elsewhere, moderate, without behavioral disturbance, psychotic disturbance, mood disturbance, and anxiety",dementia,mental_health_disorders
F02.B1,"Dementia in other diseases classified elsewhere, moderate, with behavioral disturbance",dementia,mental_health_disorders
F02.B11,"Dementia in other diseases classified elsewhere, moderate, with agitation",dementia,mental_health_disorders
F02.B18,"Dementia in other diseases classified elsewhere, moderate, with other behavioral disturbance",dementia,mental_health_disorders
F02.B2,"Dementia in other diseases classified elsewhere, moderate, with psychotic disturbance",dementia,mental_health_disorders
F02.B3,"Dementia in other diseases classified elsewhere, moderate, with mood disturbance",dementia,mental_health_disorders
F02.B4,"Dementia in other diseases classified elsewhere, moderate, with anxiety",dementia,mental_health_disorders
F02.C,"Dementia in other diseases classified elsewhere, severe",dementia,mental_health_disorders
F02.C0,"Dementia in other diseases classified elsewhere, severe, without behavioral disturbance, psychotic disturbance, mood disturbance, and anxiety",dementia,mental_health_disorders
F02.C1,"Dementia in other diseases classified elsewhere, severe, with behavioral disturbance",dementia,mental_health_disorders
F02.C11,"Dementia in other diseases classified elsewhere, severe, with agitation",dementia,mental_health_disorders
F02.C18,"Dementia in other diseases classified elsewhere, severe, with other behavioral disturbance",dementia,mental_health_disorders
F02.C2,"Dementia in other diseases classified elsewhere, severe, with psychotic disturbance",dementia,mental_health_disorders
F02.C3,"Dementia in other diseases classified elsewhere, severe, with mood disturbance",dementia,mental_health_disorders
F02.C4,"Dementia in other diseases classified elsewhere, severe, with anxiety",dementia,mental_health_disorders
F03,Unspecified dementia,dementia,mental_health_disorders
F03.9,"Unspecified dementia, unspecified severity",dementia,mental_health_disorders
F03.90,"Unspecified dementia, unspecified severity, without behavioral disturbance, psychotic disturbance, mood disturbance, and anxiety",dementia,mental_health_disorders
F03.91,"Unspecified dementia, unspecified severity, with behavioral disturbance",dementia,mental_health_disorders
F03.911,"Unspecified dementia, unspecified severity, with agitation",dementia,mental_health_disorders
F03.918,"Unspecified dementia, unspecified severity, with other behavioral disturbance",dementia,mental_health_disorders
F03.92,"Unspecified dementia, unspecified severity, with psychotic disturbance",dementia,mental_health_disorders
F03.93,"Unspecified dementia, unspecified severity, with mood disturbance",dementia,mental_health_disorders
F03.94,"Unspecified dementia, unspecified severity, with anxiety",dementia,mental_health_disorders
F03.A,"Unspecified dementia, mild",dementia,mental_health_disorders
F03.A0,"Unspecified dementia, mild, without behavioral disturbance, psychotic disturbance, mood disturbance, and anxiety",dementia,mental_health_disorders
F03.A1,"Unspecified dementia, mild, with behavioral disturbance",dementia,mental_health_disorders
F03.A11,"Unspecified dementia, mild, with agitation",dementia,mental_health_disorders
F03.A18,"Unspecified dementia, mild, with other behavioral disturbance",dementia,mental_health_disorders
F03.A2,"Unspecified dementia, mild, with psychotic disturbance",dementia,mental_health_disorders
F03.A3,"Unspecified dementia, mild, with mood disturbance",dementia,mental_health_disorders
F03.A4,"Unspecified dementia, mild, with anxiety",dementia,mental_health_disorders
F03.B,"Unspecified dementia, moderate",dementia,mental_health_disorders
F03.B0,"Unspecified dementia, moderate, without behavioral disturbance, psychotic disturbance, mood disturbance, and anxiety",dementia,mental_health_disorders
F03.B1,"Unspecified dementia, moderate, with behavioral disturbance",dementia,mental_health_disorders
F03.B11,"Unspecified dementia, moderate, with agitation",dementia,mental_health_disorders
F03.B18,"Unspecified dementia, moderate, with other behavioral disturbance",dementia,mental_health_disorders
F03.B2,"Unspecified dementia, moderate, with psychotic disturbance",dementia,mental_health_disorders
F03.B3,"Unspecified dementia, moderate, with mood disturbance",dementia,mental_health_disorders
F03.B4,"Unspecified dementia, moderate, with anxiety",dementia,mental_health_disorders
F03.C,"Unspecified dementia, severe",dementia,mental_health_disorders
F03.C0,"Unspecified dementia, severe, without behavioral disturbance, psychotic disturbance, mood disturbance, and anxiety",dementia,mental_health_disorders
F03.C1,"Unspecified dementia, severe, with behavioral disturbance",dementia,mental_health_disorders
F03.C11,"Unspecified dementia, severe, with agitation",dementia,mental_health_disorders
F03.C18,"Unspecified dementia, severe, with other behavioral disturbance",dementia,mental_health_disorders
F03.C2,"Unspecified dementia, severe, with psychotic disturbance",dementia,mental_health_disorders
F03.C3,"Unspecified dementia, severe, with mood disturbance",dementia,mental_health_disorders
F03.C4,"Unspecified dementia, severe, with anxiety",dementia,mental_health_disorders
F10,Alcohol related disorders,substance_disorder,mental_health_disorders
F10.1,Alcohol abuse,substance_disorder,mental_health_disorders
F10.10,"Alcohol abuse, uncomplicated",substance_disorder,mental_health_disorders
F10.11,"Alcohol abuse, in remission",substance_disorder,mental_health_disorders
F10.12,Alcohol abuse with intoxication,substance_disorder,mental_health_disorders
F10.120,"Alcohol abuse with intoxication, uncomplicated",substance_disorder,mental_health_disorders
F10.121,Alcohol abuse with intoxication delirium,substance_disorder,mental_health_disorders
F10.129,"Alcohol abuse with intoxication, unspecified",substance_disorder,mental_health_disorders
F10.13,"Alcohol abuse, with withdrawal",substance_disorder,mental_health_disorders
F10.130,"Alcohol abuse with withdrawal, uncomplicated",substance_disorder,mental_health_disorders
F10.131,Alcohol abuse with withdrawal delirium,substance_disorder,mental_health_disorders
F10.132,Alcohol abuse with withdrawal with perceptual disturbance,substance_disorder,mental_health_disorders
F10.139,"Alcohol abuse with withdrawal, unspecified",substance_disorder,mental_health_disorders
F10.14,Alcohol abuse with alcohol-induced mood disorder,substance_disorder,mental_health_disorders
F10.15,Alcohol abuse with alcohol-induced psychotic disorder,substance_disorder,mental_health_disorders
F10.150,Alcohol abuse with alcohol-induced psychotic disorder with delusions,substance_disorder,mental_health_disorders
F10.151,Alcohol abuse with alcohol-induced psychotic disorder with hallucinations,substance_disorder,mental_health_disorders
F10.159,"Alcohol abuse with alcohol-induced psychotic disorder, unspecified",substance_disorder,mental_health_disorders
F10.18,Alcohol abuse with other alcohol-induced disorders,substance_disorder,mental_health_disorders
F10.180,Alcohol abuse with alcohol-induced anxiety disorder,substance_disorder,mental_health_disorders
F10.181,Alcohol abuse with alcohol-induced sexual dysfunction,substance_disorder,mental_health_disorders
F10.182,Alcohol abuse with alcohol-induced sleep disorder,substance_disorder,mental_health_disorders
F10.188,Alcohol abuse with other alcohol-induced disorder,substance_disorder,mental_health_disorders
F10.19,Alcohol abuse with unspecified alcohol-induced disorder,substance_disorder,mental_health_disorders
F10.2,Alcohol dependence,substance_disorder,mental_health_disorders
F10.20,"Alcohol dependence, uncomplicated",substance_disorder,mental_health_disorders
F10.21,"Alcohol dependence, in remission",substance_disorder,mental_health_disorders
F10.22,Alcohol dependence with intoxication,substance_disorder,mental_health_disorders
F10.220,"Alcohol dependence with intoxication, uncomplicated",substance_disorder,mental_health_disorders
F10.221,Alcohol dependence with intoxication delirium,substance_disorder,mental_health_disorders
F10.229,"Alcohol dependence with intoxication, unspecified",substance_disorder,mental_health_disorders
F10.23,Alcohol dependence with withdrawal,substance_disorder,mental_health_disorders
F10.230,"Alcohol dependence with withdrawal, uncomplicated",substance_disorder,mental_health_disorders
F10.231,Alcohol dependence with withdrawal delirium,substance_disorder,mental_health_disorders
F10.232,Alcohol dependence with withdrawal with perceptual disturbance,substance_disorder,mental_health_disorders
F10.239,"Alcohol dependence with withdrawal, unspecified",substance_disorder,mental_health_disorders
F10.24,Alcohol dependence with alcohol-induced mood disorder,substance_disorder,mental_health_disorders
F10.25,Alcohol dependence with alcohol-induced psychotic disorder,substance_disorder,mental_health_disorders
F10.250,Alcohol dependence with alcohol-induced psychotic disorder with delusions,substance_disorder,mental_health_disorders
F10.251,Alcohol dependence with alcohol-induced psychotic disorder with hallucinations,substance_disorder,mental_health_disorders
F10.259,"Alcohol dependence with alcohol-induced psychotic disorder, unspecified",substance_disorder,mental_health_disorders
F10.26,Alcohol dependence with alcohol-induced persisting amnestic disorder,substance_disorder,mental_health_disorders
F10.27,Alcohol dependence with alcohol-induced persisting dementia,substance_disorder,mental_health_disorders
F10.28,Alcohol dependence with other alcohol-induced disorders,substance_disorder,mental_health_disorders
F10.280,Alcohol dependence with alcohol-induced anxiety disorder,substance_disorder,mental_health_disorders
F10.281,Alcohol dependence with alcohol-induced sexual dysfunction,substance_disorder,mental_health_disorders
F10.282,Alcohol dependence with alcohol-induced sleep disorder,substance_disorder,mental_health_disorders
F10.288,Alcohol dependence with other alcohol-induced disorder,substance_disorder,mental_health_disorders
F10.29,Alcohol dependence with unspecified alcohol-induced disorder,substance_disorder,mental_health_disorders
F10.9,"Alcohol use, unspecified",substance_disorder,mental_health_disorders
F10.90,"Alcohol use, unspecified, uncomplicated",substance_disorder,mental_health_disorders
F10.91,"Alcohol use, unspecified, in remission",substance_disorder,mental_health_disorders
F10.92,"Alcohol use, unspecified with intoxication",substance_disorder,mental_health_disorders
F10.920,"Alcohol use, unspecified with intoxication, uncomplicated",substance_disorder,mental_health_disorders
F10.921,"Alcohol use, unspecified with intoxication delirium",substance_disorder,mental_health_disorders
F10.929,"Alcohol use, unspecified with intoxication, unspecified",substance_disorder,mental_health_disorders
F10.93,"Alcohol use, unspecified with withdrawal",substance_disorder,mental_health_disorders
F10.930,"Alcohol use, unspecified with withdrawal, uncomplicated",substance_disorder,mental_health_disorders
F10.931,"Alcohol use, unspecified with withdrawal delirium",substance_disorder,mental_health_disorders
F10.932,"Alcohol use, unspecified with withdrawal with perceptual disturbance",substance_disorder,mental_health_disorders
F10.939,"Alcohol use, unspecified with withdrawal, unspecified",substance_disorder,mental_health_disorders
F10.94,"Alcohol use, unspecified with alcohol-induced mood disorder",substance_disorder,mental_health_disorders
F10.95,"Alcohol use, unspecified with alcohol-induced psychotic disorder",substance_disorder,mental_health_disorders
F10.950,"Alcohol use, unspecified with alcohol-induced psychotic disorder with delusions",substance_disorder,mental_health_disorders
F10.951,"Alcohol use, unspecified with alcohol-induced psychotic disorder with hallucinations",substance_disorder,mental_health_disorders
F10.959,"Alcohol use, unspecified with alcohol-induced psychotic disorder, unspecified",substance_disorder,mental_health_disorders
F10.96,"Alcohol use, unspecified with alcohol-induced persisting amnestic disorder",substance_disorder,mental_health_disorders
F10.97,"Alcohol use, unspecified with alcohol-induced persisting dementia",substance_disorder,mental_health_disorders
F10.98,"Alcohol use, unspecified with other alcohol-induced disorders",substance_disorder,mental_health_disorders
F10.980,"Alcohol use, unspecified with alcohol-induced anxiety disorder",substance_disorder,mental_health_disorders
F10.981,"Alcohol use, unspecified with alcohol-induced sexual dysfunction",substance_disorder,mental_health_disorders
F10.982,"Alcohol use, unspecified with alcohol-induced sleep disorder",substance_disorder,mental_health_disorders
F10.988,"Alcohol use, unspecified with other alcohol-induced disorder",substance_disorder,mental_health_disorders
F10.99,"Alcohol use, unspecified with unspecified alcohol-induced disorder",substance_disorder,mental_health_disorders
F11,Opioid related disorders,substance_disorder,mental_health_disorders
F11.1,Opioid abuse,substance_disorder,mental_health_disorders
F11.10,"Opioid abuse, uncomplicated",substance_disorder,mental_health_disorders
F11.11,"Opioid abuse, in remission",substance_disorder,mental_health_disorders
F11.12,Opioid abuse with intoxication,substance_disorder,mental_health_disorders
F11.120,"Opioid abuse with intoxication, uncomplicated",substance_disorder,mental_health_disorders
F11.121,Opioid abuse with intoxication delirium,substance_disorder,mental_health_disorders
F11.122,Opioid abuse with intoxication with perceptual disturbance,substance_disorder,mental_health_disorders
F11.129,"Opioid abuse with intoxication, unspecified",substance_disorder,mental_health_disorders
F11.13,Opioid abuse with withdrawal,substance_disorder,mental_health_disorders
F11.14,Opioid abuse with opioid-induced mood disorder,substance_disorder,mental_health_disorders
F11.15,Opioid abuse with opioid-induced psychotic disorder,substance_disorder,mental_health_disorders
F11.150,Opioid abuse with opioid-induced psychotic disorder with delusions,substance_disorder,mental_health_disorders
F11.151,Opioid abuse with opioid-induced psychotic disorder with hallucinations,substance_disorder,mental_health_disorders
F11.159,"Opioid abuse with opioid-induced psychotic disorder, unspecified",substance_disorder,mental_health_disorders
F11.18,Opioid abuse with other opioid-induced disorder,substance_disorder,mental_health_disorders
F11.181,Opioid abuse with opioid-induced sexual dysfunction,substance_disorder,mental_health_disorders
F11.182,Opioid abuse with opioid-induced sleep disorder,substance_disorder,mental_health_disorders
F11.188,Opioid abuse with other opioid-induced disorder,substance_disorder,mental_health_disorders
F11.19,Opioid abuse with unspecified opioid-induced disorder,substance_disorder,mental_health_disorders
F11.2,Opioid dependence,substance_disorder,mental_health_disorders
F11.20,"Opioid dependence, uncomplicated",substance_disorder,mental_health_disorders
F11.21,"Opioid dependence, in remission",substance_disorder,mental_health_disorders
F11.22,Opioid dependence with intoxication,substance_disorder,mental_health_disorders
F11.220,"Opioid dependence with intoxication, uncomplicated",substance_disorder,mental_health_disorders
F11.221,Opioid dependence with intoxication delirium,substance_disorder,mental_health_disorders
F11.222,Opioid dependence with intoxication with perceptual disturbance,substance_disorder,mental_health_disorders
F11.229,"Opioid dependence with intoxication, unspecified",substance_disorder,mental_health_disorders
F11.23,Opioid dependence with withdrawal,substance_disorder,mental_health_disorders
F11.24,Opioid dependence with opioid-induced mood disorder,substance_disorder,mental_health_disorders
F11.25,Opioid dependence with opioid-induced psychotic disorder,substance_disorder,mental_health_disorders
F11.250,Opioid dependence with opioid-induced psychotic disorder with delusions,substance_disorder,mental_health_disorders
F11.251,Opioid dependence with opioid-induced psychotic disorder with hallucinations,substance_disorder,mental_health_disorders
F11.259,"Opioid dependence with opioid-induced psychotic disorder, unspecified",substance_disorder,mental_health_disorders
F11.28,Opioid dependence with other opioid-induced disorder,substance_disorder,mental_health_disorders
F11.281,Opioid dependence with opioid-induced sexual dysfunction,substance_disorder,mental_health_disorders
F11.282,Opioid dependence with opioid-induced sleep disorder,substance_disorder,mental_health_disorders
F11.288,Opioid dependence with other opioid-induced disorder,substance_disorder,mental_health_disorders
F11.29,Opioid dependence with unspecified opioid-induced disorder,substance_disorder,mental_health_disorders
F11.9,"Opioid use, unspecified",substance_disorder,mental_health_disorders
F11.90,"Opioid use, unspecified, uncomplicated",substance_disorder,mental_health_disorders
F11.91,"Opioid use, unspecified, in remission",substance_disorder,mental_health_disorders
F11.92,"Opioid use, unspecified with intoxication",substance_disorder,mental_health_disorders
F11.920,"Opioid use, unspecified with intoxication, uncomplicated",substance_disorder,mental_health_disorders
F11.921,"Opioid use, unspecified with intoxication delirium",substance_disorder,mental_health_disorders
F11.922,"Opioid use, unspecified with intoxication with perceptual disturbance",substance_disorder,mental_health_disorders
F11.929,"Opioid use, unspecified with intoxication, unspecified",substance_disorder,mental_health_disorders
F11.93,"Opioid use, unspecified with withdrawal",substance_disorder,mental_health_disorders
F11.94,"Opioid use, unspecified with opioid-induced mood disorder",substance_disorder,mental_health_disorders
F11.95,"Opioid use, unspecified with opioid-induced psychotic disorder",substance_disorder,mental_health_disorders
F11.950,"Opioid use, unspecified with opioid-induced psychotic disorder with delusions",substance_disorder,mental_health_disorders
F11.951,"Opioid use, unspecified with opioid-induced psychotic disorder with hallucinations",substance_disorder,mental_health_disorders
F11.959,"Opioid use, unspecified with opioid-induced psychotic disorder, unspecified",substance_disorder,mental_health_disorders
F11.98,"Opioid use, unspecified with other specified opioid-induced disorder",substance_disorder,mental_health_disorders
F11.981,"Opioid use, unspecified with opioid-induced sexual dysfunction",substance_disorder,mental_health_disorders
F11.982,"Opioid use, unspecified with opioid-induced sleep disorder",substance_disorder,mental_health_disorders
F11.988,"Opioid use, unspecified with other opioid-induced disorder",substance_disorder,mental_health_disorders
F11.99,"Opioid use, unspecified with unspecified opioid-induced disorder",substance_disorder,mental_health_disorders
F12,Cannabis related disorders,substance_disorder,mental_health_disorders
F12.1,Cannabis abuse,substance_disorder,mental_health_disorders
F12.10,"Cannabis abuse, uncomplicated",substance_disorder,mental_health_disorders
F12.11,"Cannabis abuse, in remission",substance_disorder,mental_health_disorders
F12.12,Cannabis abuse with intoxication,substance_disorder,mental_health_disorders
F12.120,"Cannabis abuse with intoxication, uncomplicated",substance_disorder,mental_health_disorders
F12.121,Cannabis abuse with intoxication delirium,substance_disorder,mental_health_disorders
F12.122,Cannabis abuse with intoxication with perceptual disturbance,substance_disorder,mental_health_disorders
F12.129,"Cannabis abuse with intoxication, unspecified",substance_disorder,mental_health_disorders
F12.13,Cannabis abuse with withdrawal,substance_disorder,mental_health_disorders
F12.15,Cannabis abuse with psychotic disorder,substance_disorder,mental_health_disorders
F12.150,Cannabis abuse with psychotic disorder with delusions,substance_disorder,mental_health_disorders
F12.151,Cannabis abuse with psychotic disorder with hallucinations,substance_disorder,mental_health_disorders
F12.159,"Cannabis abuse with psychotic disorder, unspecified",substance_disorder,mental_health_disorders
F12.18,Cannabis abuse with other cannabis-induced disorder,substance_disorder,mental_health_disorders
F12.180,Cannabis abuse with cannabis-induced anxiety disorder,substance_disorder,mental_health_disorders
F12.188,Cannabis abuse with other cannabis-induced disorder,substance_disorder,mental_health_disorders
F12.19,Cannabis abuse with unspecified cannabis-induced disorder,substance_disorder,mental_health_disorders
F12.2,Cannabis dependence,substance_disorder,mental_health_disorders
F12.20,"Cannabis dependence, uncomplicated",substance_disorder,mental_health_disorders
F12.21,"Cannabis dependence, in remission",substance_disorder,mental_health_disorders
F12.22,Cannabis dependence with intoxication,substance_disorder,mental_health_disorders
F12.220,"Cannabis dependence with intoxication, uncomplicated",substance_disorder,mental_health_disorders
F12.221,Cannabis dependence with intoxication delirium,substance_disorder,mental_health_disorders
F12.222,Cannabis dependence with intoxication with perceptual disturbance,substance_disorder,mental_health_disorders
F12.229,"Cannabis dependence with intoxication, unspecified",substance_disorder,mental_health_disorders
F12.23,Cannabis dependence with withdrawal,substance_disorder,mental_health_disorders
F12.25,Cannabis dependence with psychotic disorder,substance_disorder,mental_health_disorders
F12.250,Cannabis dependence with psychotic disorder with delusions,substance_disorder,mental_health_disorders
F12.251,Cannabis dependence with psychotic disorder with hallucinations,substance_disorder,mental_health_disorders
F12.259,"Cannabis dependence with psychotic disorder, unspecified",substance_disorder,mental_health_disorders
F12.28,Cannabis dependence with other cannabis-induced disorder,substance_disorder,mental_health_disorders
F12.280,Cannabis dependence with cannabis-induced anxiety disorder,substance_disorder,mental_health_disorders
F12.288,Cannabis dependence with other cannabis-induced disorder,substance_disorder,mental_health_disorders
F12.29,Cannabis dependence with unspecified cannabis-induced disorder,substance_disorder,mental_health_disorders
F12.9,"Cannabis use, unspecified",substance_disorder,mental_health_disorders
F12.90,"Cannabis use, unspecified, uncomplicated",substance_disorder,mental_health_disorders
F12.91,"Cannabis use, unspecified, in remission",substance_disorder,mental_health_disorders
F12.92,"Cannabis use, unspecified with intoxication",substance_disorder,mental_health_disorders
F12.920,"Cannabis use, unspecified with intoxication, uncomplicated",substance_disorder,mental_health_disorders
F12.921,"Cannabis use, unspecified with intoxication delirium",substance_disorder,mental_health_disorders
F12.922,"Cannabis use, unspecified with intoxication with perceptual disturbance",substance_disorder,mental_health_disorders
F12.929,"Cannabis use, unspecified with intoxication, unspecified",substance_disorder,mental_health_disorders
F12.93,"Cannabis use, unspecified with withdrawal",substance_disorder,mental_health_disorders
F12.95,"Cannabis use, unspecified with psychotic disorder",substance_disorder,mental_health_disorders
F12.950,"Cannabis use, unspecified with psychotic disorder with delusions",substance_disorder,mental_health_disorders
F12.951,"Cannabis use, unspecified with psychotic disorder with hallucinations",substance_disorder,mental_health_disorders
F12.959,"Cannabis use, unspecified with psychotic disorder, unspecified",substance_disorder,mental_health_disorders
F12.98,"Cannabis use, unspecified with other cannabis-induced disorder",substance_disorder,mental_health_disorders
F12.980,"Cannabis use, unspecified with anxiety disorder",substance_disorder,mental_health_disorders
F12.988,"Cannabis use, unspecified with other cannabis-induced disorder",substance_disorder,mental_health_disorders
F12.99,"Cannabis use, unspecified with unspecified cannabis-induced disorder",substance_disorder,mental_health_disorders
F13,"Sedative, hypnotic, or anxiolytic related disorders",substance_disorder,mental_health_disorders
F13.1,"Sedative, hypnotic or anxiolytic-related abuse",substance_disorder,mental_health_disorders
F13.10,"Sedative, hypnotic or anxiolytic abuse, uncomplicated",substance_disorder,mental_health_disorders
F13.11,"Sedative, hypnotic or anxiolytic abuse, in remission",substance_disorder,mental_health_disorders
F13.12,"Sedative, hypnotic or anxiolytic abuse with intoxication",substance_disorder,mental_health_disorders
F13.120,"Sedative, hypnotic or anxiolytic abuse with intoxication, uncomplicated",substance_disorder,mental_health_disorders
F13.121,"Sedative, hypnotic or anxiolytic abuse with intoxication delirium",substance_disorder,mental_health_disorders
F13.129,"Sedative, hypnotic or anxiolytic abuse with intoxication, unspecified",substance_disorder,mental_health_disorders
F13.13,"Sedative, hypnotic or anxiolytic abuse with withdrawal",substance_disorder,mental_health_disorders
F13.130,"Sedative, hypnotic or anxiolytic abuse with withdrawal, uncomplicated",substance_disorder,mental_health_disorders
F13.131,"Sedative, hypnotic or anxiolytic abuse with withdrawal delirium",substance_disorder,mental_health_disorders
F13.132,"Sedative, hypnotic or anxiolytic abuse with withdrawal with perceptual disturbance",substance_disorder,mental_health_disorders
F13.139,"Sedative, hypnotic or anxiolytic abuse with withdrawal, unspecified",substance_disorder,mental_health_disorders
F13.14,"Sedative, hypnotic or anxiolytic abuse with sedative, hypnotic or anxiolytic-induced mood disorder",substance_disorder,mental_health_disorders
F13.15,"Sedative, hypnotic or anxiolytic abuse with sedative, hypnotic or anxiolytic-induced psychotic disorder",substance_disorder,mental_health_disorders
F13.150,"Sedative, hypnotic or anxiolytic abuse with sedative, hypnotic or anxiolytic-induced psychotic disorder with delusions",substance_disorder,mental_health_disorders
F13.151,"Sedative, hypnotic or anxiolytic abuse with sedative, hypnotic or anxiolytic-induced psychotic disorder with hallucinations",substance_disorder,mental_health_disorders
F13.159,"Sedative, hypnotic or anxiolytic abuse with sedative, hypnotic or anxiolytic-induced psychotic disorder, unspecified",substance_disorder,mental_health_disorders
F13.18,"Sedative, hypnotic or anxiolytic abuse with other sedative, hypnotic or anxiolytic-induced disorders",substance_disorder,mental_health_disorders
F13.180,"Sedative, hypnotic or anxiolytic abuse with sedative, hypnotic or anxiolytic-induced anxiety disorder",substance_disorder,mental_health_disorders
F13.181,"Sedative, hypnotic or anxiolytic abuse with sedative, hypnotic or anxiolytic-induced sexual dysfunction",substance_disorder,mental_health_disorders
F13.182,"Sedative, hypnotic or anxiolytic abuse with sedative, hypnotic or anxiolytic-induced sleep disorder",substance_disorder,mental_health_disorders
F13.188,"Sedative, hypnotic or anxiolytic abuse with other sedative, hypnotic or anxiolytic-induced disorder",substance_disorder,mental_health_disorders
F13.19,"Sedative, hypnotic or anxiolytic abuse with unspecified sedative, hypnotic or anxiolytic-induced disorder",substance_disorder,mental_health_disorders
F13.2,"Sedative, hypnotic or anxiolytic-related dependence",substance_disorder,mental_health_disorders
F13.20,"Sedative, hypnotic or anxiolytic dependence, uncomplicated",substance_disorder,mental_health_disorders
F13.21,"Sedative, hypnotic or anxiolytic dependence, in remission",substance_disorder,mental_health_disorders
F13.22,"Sedative, hypnotic or anxiolytic dependence with intoxication",substance_disorder,mental_health_disorders
F13.220,"Sedative, hypnotic or anxiolytic dependence with intoxication, uncomplicated",substance_disorder,mental_health_disorders
F13.221,"Sedative, hypnotic or anxiolytic dependence with intoxication delirium",substance_disorder,mental_health_disorders
F13.229,"Sedative, hypnotic or anxiolytic dependence with intoxication, unspecified",substance_disorder,mental_health_disorders
F13.23,"Sedative, hypnotic or anxiolytic dependence with withdrawal",substance_disorder,mental_health_disorders
F13.230,"Sedative, hypnotic or anxiolytic dependence with withdrawal, uncomplicated",substance_disorder,mental_health_disorders
F13.231,"Sedative, hypnotic or anxiolytic dependence with withdrawal delirium",substance_disorder,mental_health_disorders
F13.232,"Sedative, hypnotic or anxiolytic dependence with withdrawal with perceptual disturbance",substance_disorder,mental_health_disorders
F13.239,"Sedative, hypnotic or anxiolytic dependence with withdrawal, unspecified",substance_disorder,mental_health_disorders
F13.24,"Sedative, hypnotic or anxiolytic dependence with sedative, hypnotic or anxiolytic-induced mood disorder",substance_disorder,mental_health_disorders
F13.25,"Sedative, hypnotic or anxiolytic dependence with sedative, hypnotic or anxiolytic-induced psychotic disorder",substance_disorder,mental_health_disorders
F13.250,"Sedative, hypnotic or anxiolytic dependence with sedative, hypnotic or anxiolytic-induced psychotic disorder with delusions",substance_disorder,mental_health_disorders
F13.251,"Sedative, hypnotic or anxiolytic dependence with sedative, hypnotic or anxiolytic-induced psychotic disorder with hallucinations",substance_disorder,mental_health_disorders
F13.259,"Sedative, hypnotic or anxiolytic dependence with sedative, hypnotic or anxiolytic-induced psychotic disorder, unspecified",substance_disorder,mental_health_disorders
F13.26,"Sedative, hypnotic or anxiolytic dependence with sedative, hypnotic or anxiolytic-induced persisting amnestic disorder",substance_disorder,mental_health_disorders
F13.27,"Sedative, hypnotic or anxiolytic dependence with sedative, hypnotic or anxiolytic-induced persisting dementia",substance_disorder,mental_health_disorders
F13.28,"Sedative, hypnotic or anxiolytic dependence with other sedative, hypnotic or anxiolytic-induced disorders",substance_disorder,mental_health_disorders
F13.280,"Sedative, hypnotic or anxiolytic dependence with sedative, hypnotic or anxiolytic-induced anxiety disorder",substance_disorder,mental_health_disorders
F13.281,"Sedative, hypnotic or anxiolytic dependence with sedative, hypnotic or anxiolytic-induced sexual dysfunction",substance_disorder,mental_health_disorders
F13.282,"Sedative, hypnotic or anxiolytic dependence with sedative, hypnotic or anxiolytic-induced sleep disorder",substance_disorder,mental_health_disorders
F13.288,"Sedative, hypnotic or anxiolytic dependence with other sedative, hypnotic or anxiolytic-induced disorder",substance_disorder,mental_health_disorders
F13.29,"Sedative, hypnotic or anxiolytic dependence with unspecified sedative, hypnotic or anxiolytic-induced disorder",substance_disorder,mental_health_disorders
F13.9,"Sedative, hypnotic or anxiolytic-related use, unspecified",substance_disorder,mental_health_disorders
F13.90,"Sedative, hypnotic, or anxiolytic use, unspecified, uncomplicated",substance_disorder,mental_health_disorders
F13.91,"Sedative, hypnotic or anxiolytic use, unspecified, in remission",substance_disorder,mental_health_disorders
F13.92,"Sedative, hypnotic or anxiolytic use, unspecified with intoxication",substance_disorder,mental_health_disorders
F13.920,"Sedative, hypnotic or anxiolytic use, unspecified with intoxication, uncomplicated",substance_disorder,mental_health_disorders
F13.921,"Sedative, hypnotic or anxiolytic use, unspecified with intoxication delirium",substance_disorder,mental_health_disorders
F13.929,"Sedative, hypnotic or anxiolytic use, unspecified with intoxication, unspecified",substance_disorder,mental_health_disorders
F13.93,"Sedative, hypnotic or anxiolytic use, unspecified with withdrawal",substance_disorder,mental_health_disorders
F13.930,"Sedative, hypnotic or anxiolytic use, unspecified with withdrawal, uncomplicated",substance_disorder,mental_health_disorders
F13.931,"Sedative, hypnotic or anxiolytic use, unspecified with withdrawal delirium",substance_disorder,mental_health_disorders
F13.932,"Sedative, hypnotic or anxiolytic use, unspecified with withdrawal with perceptual disturbances",substance_disorder,mental_health_disorders
F13.939,"Sedative, hypnotic or anxiolytic use, unspecified with withdrawal, unspecified",substance_disorder,mental_health_disorders
F13.94,"Sedative, hypnotic or anxiolytic use, unspecified with sedative, hypnotic or anxiolytic-induced mood disorder",substance_disorder,mental_health_disorders
F13.95,"Sedative, hypnotic or anxiolytic use, unspecified with sedative, hypnotic or anxiolytic-induced psychotic disorder",substance_disorder,mental_health_disorders
F13.950,"Sedative, hypnotic or anxiolytic use, unspecified with sedative, hypnotic or anxiolytic-induced psychotic disorder with delusions",substance_disorder,mental_health_disorders
F13.951,"Sedative, hypnotic or anxiolytic use, unspecified with sedative, hypnotic or anxiolytic-induced psychotic disorder with hallucinations",substance_disorder,mental_health_disorders
F13.959,"Sedative, hypnotic or anxiolytic use, unspecified with sedative, hypnotic or anxiolytic-induced psychotic disorder, unspecified",substance_disorder,mental_health_disorders
F13.96,"Sedative, hypnotic or anxiolytic use, unspecified with sedative, hypnotic or anxiolytic-induced persisting amnestic disorder",substance_disorder,mental_health_disorders
F13.97,"Sedative, hypnotic or anxiolytic use, unspecified with sedative, hypnotic or anxiolytic-induced persisting dementia",substance_disorder,mental_health_disorders
F13.98,"Sedative, hypnotic or anxiolytic use, unspecified with other sedative, hypnotic or anxiolytic-induced disorders",substance_disorder,mental_health_disorders
F13.980,"Sedative, hypnotic or anxiolytic use, unspecified with sedative, hypnotic or anxiolytic-induced anxiety disorder",substance_disorder,mental_health_disorders
F13.981,"Sedative, hypnotic or anxiolytic use, unspecified with sedative, hypnotic or anxiolytic-induced sexual dysfunction",substance_disorder,mental_health_disorders
F13.982,"Sedative, hypnotic or anxiolytic use, unspecified with sedative, hypnotic or anxiolytic-induced sleep disorder",substance_disorder,mental_health_disorders
F13.988,"Sedative, hypnotic or anxiolytic use, unspecified with other sedative, hypnotic or anxiolytic-induced disorder",substance_disorder,mental_health_disorders
F13.99,"Sedative, hypnotic or anxiolytic use, unspecified with unspecified sedative, hypnotic or anxiolytic-induced disorder",substance_disorder,mental_health_disorders
F14,Cocaine related disorders,substance_disorder,mental_health_disorders
F14.1,Cocaine abuse,substance_disorder,mental_health_disorders
F14.10,"Cocaine abuse, uncomplicated",substance_disorder,mental_health_disorders
F14.11,"Cocaine abuse, in remission",substance_disorder,mental_health_disorders
F14.12,Cocaine abuse with intoxication,substance_disorder,mental_health_disorders
F14.120,"Cocaine abuse with intoxication, uncomplicated",substance_disorder,mental_health_disorders
F14.121,Cocaine abuse with intoxication with delirium,substance_disorder,mental_health_disorders
F14.122,Cocaine abuse with intoxication with perceptual disturbance,substance_disorder,mental_health_disorders
F14.129,"Cocaine abuse with intoxication, unspecified",substance_disorder,mental_health_disorders
F14.13,"Cocaine abuse, unspecified with withdrawal",substance_disorder,mental_health_disorders
F14.14,Cocaine abuse with cocaine-induced mood disorder,substance_disorder,mental_health_disorders
F14.15,Cocaine abuse with cocaine-induced psychotic disorder,substance_disorder,mental_health_disorders
F14.150,Cocaine abuse with cocaine-induced psychotic disorder with delusions,substance_disorder,mental_health_disorders
F14.151,Cocaine abuse with cocaine-induced psychotic disorder with hallucinations,substance_disorder,mental_health_disorders
F14.159,"Cocaine abuse with cocaine-induced psychotic disorder, unspecified",substance_disorder,mental_health_disorders
F14.18,Cocaine abuse with other cocaine-induced disorder,substance_disorder,mental_health_disorders
F14.180,Cocaine abuse with cocaine-induced anxiety disorder,substance_disorder,mental_health_disorders
F14.181,Cocaine abuse with cocaine-induced sexual dysfunction,substance_disorder,mental_health_disorders
F14.182,Cocaine abuse with cocaine-induced sleep disorder,substance_disorder,mental_health_disorders
F14.188,Cocaine abuse with other cocaine-induced disorder,substance_disorder,mental_health_disorders
F14.19,Cocaine abuse with unspecified cocaine-induced disorder,substance_disorder,mental_health_disorders
F14.2,Cocaine dependence,substance_disorder,mental_health_disorders
F14.20,"Cocaine dependence, uncomplicated",substance_disorder,mental_health_disorders
F14.21,"Cocaine dependence, in remission",substance_disorder,mental_health_disorders
F14.22,Cocaine dependence with intoxication,substance_disorder,mental_health_disorders
F14.220,"Cocaine dependence with intoxication, uncomplicated",substance_disorder,mental_health_disorders
F14.221,Cocaine dependence with intoxication delirium,substance_disorder,mental_health_disorders
F14.222,Cocaine dependence with intoxication with perceptual disturbance,substance_disorder,mental_health_disorders
F14.229,"Cocaine dependence with intoxication, unspecified",substance_disorder,mental_health_disorders
F14.23,Cocaine dependence with withdrawal,substance_disorder,mental_health_disorders
F14.24,Cocaine dependence with cocaine-induced mood disorder,substance_disorder,mental_health_disorders
F14.25,Cocaine dependence with cocaine-induced psychotic disorder,substance_disorder,mental_health_disorders
F14.250,Cocaine dependence with cocaine-induced psychotic disorder with delusions,substance_disorder,mental_health_disorders
F14.251,Cocaine dependence with cocaine-induced psychotic disorder with hallucinations,substance_disorder,mental_health_disorders
F14.259,"Cocaine dependence with cocaine-induced psychotic disorder, unspecified",substance_disorder,mental_health_disorders
F14.28,Cocaine dependence with other cocaine-induced disorder,substance_disorder,mental_health_disorders
F14.280,Cocaine dependence with cocaine-induced anxiety disorder,substance_disorder,mental_health_disorders
F14.281,Cocaine dependence with cocaine-induced sexual dysfunction,substance_disorder,mental_health_disorders
F14.282,Cocaine dependence with cocaine-induced sleep disorder,substance_disorder,mental_health_disorders
F14.288,Cocaine dependence with other cocaine-induced disorder,substance_disorder,mental_health_disorders
F14.29,Cocaine dependence with unspecified cocaine-induced disorder,substance_disorder,mental_health_disorders
F14.9,"Cocaine use, unspecified",substance_disorder,mental_health_disorders
F14.90,"Cocaine use, unspecified, uncomplicated",substance_disorder,mental_health_disorders
F14.91,"Cocaine use, unspecified, in remission",substance_disorder,mental_health_disorders
F14.92,"Cocaine use, unspecified with intoxication",substance_disorder,mental_health_disorders
F14.920,"Cocaine use, unspecified with intoxication, uncomplicated",substance_disorder,mental_health_disorders
F14.921,"Cocaine use, unspecified with intoxication delirium",substance_disorder,mental_health_disorders
F14.922,"Cocaine use, unspecified with intoxication with perceptual disturbance",substance_disorder,mental_health_disorders
F14.929,"Cocaine use, unspecified with intoxication, unspecified",substance_disorder,mental_health_disorders
F14.93,"Cocaine use, unspecified with withdrawal",substance_disorder,mental_health_disorders
F14.94,"Cocaine use, unspecified with cocaine-induced mood disorder",substance_disorder,mental_health_disorders
F14.95,"Cocaine use, unspecified with cocaine-induced psychotic disorder",substance_disorder,mental_health_disorders
F14.950,"Cocaine use, unspecified with cocaine-induced psychotic disorder with delusions",substance_disorder,mental_health_disorders
F14.951,"Cocaine use, unspecified with cocaine-induced psychotic disorder with hallucinations",substance_disorder,mental_health_disorders
F14.959,"Cocaine use, unspecified with cocaine-induced psychotic disorder, unspecified",substance_disorder,mental_health_disorders
F14.98,"Cocaine use, unspecified with other specified cocaine-induced disorder",substance_disorder,mental_health_disorders
F14.980,"Cocaine use, unspecified with cocaine-induced anxiety disorder",substance_disorder,mental_health_disorders
F14.981,"Cocaine use, unspecified with cocaine-induced sexual dysfunction",substance_disorder,mental_health_disorders
F14.982,"Cocaine use, unspecified with cocaine-induced sleep disorder",substance_disorder,mental_health_disorders
F14.988,"Cocaine use, unspecified with other cocaine-induced disorder",substance_disorder,mental_health_disorders
F14.99,"Cocaine use, unspecified with unspecified cocaine-induced disorder",substance_disorder,mental_health_disorders
F15,Other stimulant related disorders,substance_disorder,mental_health_disorders
F15.1,Other stimulant abuse,substance_disorder,mental_health_disorders
F15.10,"Other stimulant abuse, uncomplicated",substance_disorder,mental_health_disorders
F15.11,"Other stimulant abuse, in remission",substance_disorder,mental_health_disorders
F15.12,Other stimulant abuse with intoxication,substance_disorder,mental_health_disorders
F15.120,"Other stimulant abuse with intoxication, uncomplicated",substance_disorder,mental_health_disorders
F15.121,Other stimulant abuse with intoxication delirium,substance_disorder,mental_health_disorders
F15.122,Other stimulant abuse with intoxication with perceptual disturbance,substance_disorder,mental_health_disorders
F15.129,"Other stimulant abuse with intoxication, unspecified",substance_disorder,mental_health_disorders
F15.13,Other stimulant abuse with withdrawal,substance_disorder,mental_health_disorders
F15.14,Other stimulant abuse with stimulant-induced mood disorder,substance_disorder,mental_health_disorders
F15.15,Other stimulant abuse with stimulant-induced psychotic disorder,substance_disorder,mental_health_disorders
F15.150,Other stimulant abuse with stimulant-induced psychotic disorder with delusions,substance_disorder,mental_health_disorders
F15.151,Other stimulant abuse with stimulant-induced psychotic disorder with hallucinations,substance_disorder,mental_health_disorders
F15.159,"Other stimulant abuse with stimulant-induced psychotic disorder, unspecified",substance_disorder,mental_health_disorders
F15.18,Other stimulant abuse with other stimulant-induced disorder,substance_disorder,mental_health_disorders
F15.180,Other stimulant abuse with stimulant-induced anxiety disorder,substance_disorder,mental_health_disorders
F15.181,Other stimulant abuse with stimulant-induced sexual dysfunction,substance_disorder,mental_health_disorders
F15.182,Other stimulant abuse with stimulant-induced sleep disorder,substance_disorder,mental_health_disorders
F15.188,Other stimulant abuse with other stimulant-induced disorder,substance_disorder,mental_health_disorders
F15.19,Other stimulant abuse with unspecified stimulant-induced disorder,substance_disorder,mental_health_disorders
F15.2,Other stimulant dependence,substance_disorder,mental_health_disorders
F15.20,"Other stimulant dependence, uncomplicated",substance_disorder,mental_health_disorders
F15.21,"Other stimulant dependence, in remission",substance_disorder,mental_health_disorders
F15.22,Other stimulant dependence with intoxication,substance_disorder,mental_health_disorders
F15.220,"Other stimulant dependence with intoxication, uncomplicated",substance_disorder,mental_health_disorders
F15.221,Other stimulant dependence with intoxication delirium,substance_disorder,mental_health_disorders
F15.222,Other stimulant dependence with intoxication with perceptual disturbance,substance_disorder,mental_health_disorders
F15.229,"Other stimulant dependence with intoxication, unspecified",substance_disorder,mental_health_disorders
F15.23,Other stimulant dependence with withdrawal,substance_disorder,mental_health_disorders
F15.24,Other stimulant dependence with stimulant-induced mood disorder,substance_disorder,mental_health_disorders
F15.25,Other stimulant dependence with stimulant-induced psychotic disorder,substance_disorder,mental_health_disorders
F15.250,Other stimulant dependence with stimulant-induced psychotic disorder with delusions,substance_disorder,mental_health_disorders
F15.251,Other stimulant dependence with stimulant-induced psychotic disorder with hallucinations,substance_disorder,mental_health_disorders
F15.259,"Other stimulant dependence with stimulant-induced psychotic disorder, unspecified",substance_disorder,mental_health_disorders
F15.28,Other stimulant dependence with other stimulant-induced disorder,substance_disorder,mental_health_disorders
F15.280,Other stimulant dependence with stimulant-induced anxiety disorder,substance_disorder,mental_health_disorders
F15.281,Other stimulant dependence with stimulant-induced sexual dysfunction,substance_disorder,mental_health_disorders
F15.282,Other stimulant dependence with stimulant-induced sleep disorder,substance_disorder,mental_health_disorders
F15.288,Other stimulant dependence with other stimulant-induced disorder,substance_disorder,mental_health_disorders
F15.29,Other stimulant dependence with unspecified stimulant-induced disorder,substance_disorder,mental_health_disorders
F15.9,"Other stimulant use, unspecified",substance_disorder,mental_health_disorders
F15.90,"Other stimulant use, unspecified, uncomplicated",substance_disorder,mental_health_disorders
F15.91,"Other stimulant use, unspecified, in remission",substance_disorder,mental_health_disorders
F15.92,"Other stimulant use, unspecified with intoxication",substance_disorder,mental_health_disorders
F15.920,"Other stimulant use, unspecified with intoxication, uncomplicated",substance_disorder,mental_health_disorders
F15.921,"Other stimulant use, unspecified with intoxication delirium",substance_disorder,mental_health_disorders
F15.922,"Other stimulant use, unspecified with intoxication with perceptual disturbance",substance_disorder,mental_health_disorders
F15.929,"Other stimulant use, unspecified with intoxication, unspecified",substance_disorder,mental_health_disorders
F15.93,"Other stimulant use, unspecified with withdrawal",substance_disorder,mental_health_disorders
F15.94,"Other stimulant use, unspecified with stimulant-induced mood disorder",substance_disorder,mental_health_disorders
F15.95,"Other stimulant use, unspecified with stimulant-induced psychotic disorder",substance_disorder,mental_health_disorders
F15.950,"Other stimulant use, unspecified with stimulant-induced psychotic disorder with delusions",substance_disorder,mental_health_disorders
F15.951,"Other stimulant use, unspecified with stimulant-induced psychotic disorder with hallucinations",substance_disorder,mental_health_disorders
F15.959,"Other stimulant use, unspecified with stimulant-induced psychotic disorder, unspecified",substance_disorder,mental_health_disorders
F15.98,"Other stimulant use, unspecified with other stimulant-induced disorder",substance_disorder,mental_health_disorders
F15.980,"Other stimulant use, unspecified with stimulant-induced anxiety disorder",substance_disorder,mental_health_disorders
F15.981,"Other stimulant use, unspecified with stimulant-induced sexual dysfunction",substance_disorder,mental_health_disorders
F15.982,"Other stimulant use, unspecified with stimulant-induced sleep disorder",substance_disorder,mental_health_disorders
F15.988,"Other stimulant use, unspecified with other stimulant-induced disorder",substance_disorder,mental_health_disorders
F15.99,"Other stimulant use, unspecified with unspecified stimulant-induced disorder",substance_disorder,mental_health_disorders
F16,Hallucinogen related disorders,substance_disorder,mental_health_disorders
F16.1,Hallucinogen abuse,substance_disorder,mental_health_disorders
F16.10,"Hallucinogen abuse, uncomplicated",substance_disorder,mental_health_disorders
F16.11,"Hallucinogen abuse, in remission",substance_disorder,mental_health_disorders
F16.12,Hallucinogen abuse with intoxication,substance_disorder,mental_health_disorders
F16.120,"Hallucinogen abuse with intoxication, uncomplicated",substance_disorder,mental_health_disorders
F16.121,Hallucinogen abuse with intoxication with delirium,substance_disorder,mental_health_disorders
F16.122,Hallucinogen abuse with intoxication with perceptual disturbance,substance_disorder,mental_health_disorders
F16.129,"Hallucinogen abuse with intoxication, unspecified",substance_disorder,mental_health_disorders
F16.14,Hallucinogen abuse with hallucinogen-induced mood disorder,substance_disorder,mental_health_disorders
F16.15,Hallucinogen abuse with hallucinogen-induced psychotic disorder,substance_disorder,mental_health_disorders
F16.150,Hallucinogen abuse with hallucinogen-induced psychotic disorder with delusions,substance_disorder,mental_health_disorders
F16.151,Hallucinogen abuse with hallucinogen-induced psychotic disorder with hallucinations,substance_disorder,mental_health_disorders
F16.159,"Hallucinogen abuse with hallucinogen-induced psychotic disorder, unspecified",substance_disorder,mental_health_disorders
F16.18,Hallucinogen abuse with other hallucinogen-induced disorder,substance_disorder,mental_health_disorders
F16.180,Hallucinogen abuse with hallucinogen-induced anxiety disorder,substance_disorder,mental_health_disorders
F16.183,Hallucinogen abuse with hallucinogen persisting perception disorder (flashbacks),substance_disorder,mental_health_disorders
F16.188,Hallucinogen abuse with other hallucinogen-induced disorder,substance_disorder,mental_health_disorders
F16.19,Hallucinogen abuse with unspecified hallucinogen-induced disorder,substance_disorder,mental_health_disorders
F16.2,Hallucinogen dependence,substance_disorder,mental_health_disorders
F16.20,"Hallucinogen dependence, uncomplicated",substance_disorder,mental_health_disorders
F16.21,"Hallucinogen dependence, in remission",substance_disorder,mental_health_disorders
F16.22,Hallucinogen dependence with intoxication,substance_disorder,mental_health_disorders
F16.220,"Hallucinogen dependence with intoxication, uncomplicated",substance_disorder,mental_health_disorders
F16.221,Hallucinogen dependence with intoxication with delirium,substance_disorder,mental_health_disorders
F16.229,"Hallucinogen dependence with intoxication, unspecified",substance_disorder,mental_health_disorders
F16.24,Hallucinogen dependence with hallucinogen-induced mood disorder,substance_disorder,mental_health_disorders
F16.25,Hallucinogen dependence with hallucinogen-induced psychotic disorder,substance_disorder,mental_health_disorders
F16.250,Hallucinogen dependence with hallucinogen-induced psychotic disorder with delusions,substance_disorder,mental_health_disorders
F16.251,Hallucinogen dependence with hallucinogen-induced psychotic disorder with hallucinations,substance_disorder,mental_health_disorders
F16.259,"Hallucinogen dependence with hallucinogen-induced psychotic disorder, unspecified",substance_disorder,mental_health_disorders
F16.28,Hallucinogen dependence with other hallucinogen-induced disorder,substance_disorder,mental_health_disorders
F16.280,Hallucinogen dependence with hallucinogen-induced anxiety disorder,substance_disorder,mental_health_disorders
F16.283,Hallucinogen dependence with hallucinogen persisting perception disorder (flashbacks),substance_disorder,mental_health_disorders
F16.288,Hallucinogen dependence with other hallucinogen-induced disorder,substance_disorder,mental_health_disorders
F16.29,Hallucinogen dependence with unspecified hallucinogen-induced disorder,substance_disorder,mental_health_disorders
F16.9,"Hallucinogen use, unspecified",substance_disorder,mental_health_disorders
F16.90,"Hallucinogen use, unspecified, uncomplicated",substance_disorder,mental_health_disorders
F16.91,"Hallucinogen use, unspecified, in remission",substance_disorder,mental_health_disorders
F16.92,"Hallucinogen use, unspecified with intoxication",substance_disorder,mental_health_disorders
F16.920,"Hallucinogen use, unspecified with intoxication, uncomplicated",substance_disorder,mental_health_disorders
F16.921,"Hallucinogen use, unspecified with intoxication with delirium",substance_disorder,mental_health_disorders
F16.929,"Hallucinogen use, unspecified with intoxication, unspecified",substance_disorder,mental_health_disorders
F16.94,"Hallucinogen use, unspecified with hallucinogen-induced mood disorder",substance_disorder,mental_health_disorders
F16.95,"Hallucinogen use, unspecified with hallucinogen-induced psychotic disorder",substance_disorder,mental_health_disorders
F16.950,"Hallucinogen use, unspecified with hallucinogen-induced psychotic disorder with delusions",substance_disorder,mental_health_disorders
F16.951,"Hallucinogen use, unspecified with hallucinogen-induced psychotic disorder with hallucinations",substance_disorder,mental_health_disorders
F16.959,"Hallucinogen use, unspecified with hallucinogen-induced psychotic disorder, unspecified",substance_disorder,mental_health_disorders
F16.98,"Hallucinogen use, unspecified with other specified hallucinogen-induced disorder",substance_disorder,mental_health_disorders
F16.980,"Hallucinogen use, unspecified with hallucinogen-induced anxiety disorder",substance_disorder,mental_health_disorders
F16.983,"Hallucinogen use, unspecified with hallucinogen persisting perception disorder (flashbacks)",substance_disorder,mental_health_disorders
F16.988,"Hallucinogen use, unspecified with other hallucinogen-induced disorder",substance_disorder,mental_health_disorders
F16.99,"Hallucinogen use, unspecified with unspecified hallucinogen-induced disorder",substance_disorder,mental_health_disorders
F17,Nicotine dependence,substance_disorder,mental_health_disorders
F17.2,Nicotine dependence,substance_disorder,mental_health_disorders
F17.20,"Nicotine dependence, unspecified",substance_disorder,mental_health_disorders
F17.200,"Nicotine dependence, unspecified, uncomplicated",substance_disorder,mental_health_disorders
F17.201,"Nicotine dependence, unspecified, in remission",substance_disorder,mental_health_disorders
F17.203,"Nicotine dependence unspecified, with withdrawal",substance_disorder,mental_health_disorders
F17.208,"Nicotine dependence, unspecified, with other nicotine-induced disorders",substance_disorder,mental_health_disorders
F17.209,"Nicotine dependence, unspecified, with unspecified nicotine-induced disorders",substance_disorder,mental_health_disorders
F17.21,"Nicotine dependence, cigarettes",substance_disorder,mental_health_disorders
F17.210,"Nicotine dependence, cigarettes, uncomplicated",substance_disorder,mental_health_disorders
F17.211,"Nicotine dependence, cigarettes, in remission",substance_disorder,mental_health_disorders
F17.213,"Nicotine dependence, cigarettes, with withdrawal",substance_disorder,mental_health_disorders
F17.218,"Nicotine dependence, cigarettes, with other nicotine-induced disorders",substance_disorder,mental_health_disorders
F17.219,"Nicotine dependence, cigarettes, with unspecified nicotine-induced disorders",substance_disorder,mental_health_disorders
F17.22,"Nicotine dependence, chewing tobacco",substance_disorder,mental_health_disorders
F17.220,"Nicotine dependence, chewing tobacco, uncomplicated",substance_disorder,mental_health_disorders
F17.221,"Nicotine dependence, chewing tobacco, in remission",substance_disorder,mental_health_disorders
F17.223,"Nicotine dependence, chewing tobacco, with withdrawal",substance_disorder,mental_health_disorders
F17.228,"Nicotine dependence, chewing tobacco, with other nicotine-induced disorders",substance_disorder,mental_health_disorders
F17.229,"Nicotine dependence, chewing tobacco, with unspecified nicotine-induced disorders",substance_disorder,mental_health_disorders
F17.29,"Nicotine dependence, other tobacco product",substance_disorder,mental_health_disorders
F17.290,"Nicotine dependence, other tobacco product, uncomplicated",substance_disorder,mental_health_disorders
F17.291,"Nicotine dependence, other tobacco product, in remission",substance_disorder,mental_health_disorders
F17.293,"Nicotine dependence, other tobacco product, with withdrawal",substance_disorder,mental_health_disorders
F17.298,"Nicotine dependence, other tobacco product, with other nicotine-induced disorders",substance_disorder,mental_health_disorders
F17.299,"Nicotine dependence, other tobacco product, with unspecified nicotine-induced disorders",substance_disorder,mental_health_disorders
F18,Inhalant related disorders,substance_disorder,mental_health_disorders
F18.1,Inhalant abuse,substance_disorder,mental_health_disorders
F18.10,"Inhalant abuse, uncomplicated",substance_disorder,mental_health_disorders
F18.11,"Inhalant abuse, in remission",substance_disorder,mental_health_disorders
F18.12,Inhalant abuse with intoxication,substance_disorder,mental_health_disorders
F18.120,"Inhalant abuse with intoxication, uncomplicated",substance_disorder,mental_health_disorders
F18.121,Inhalant abuse with intoxication delirium,substance_disorder,mental_health_disorders
F18.129,"Inhalant abuse with intoxication, unspecified",substance_disorder,mental_health_disorders
F18.14,Inhalant abuse with inhalant-induced mood disorder,substance_disorder,mental_health_disorders
F18.15,Inhalant abuse with inhalant-induced psychotic disorder,substance_disorder,mental_health_disorders
F18.150,Inhalant abuse with inhalant-induced psychotic disorder with delusions,substance_disorder,mental_health_disorders
F18.151,Inhalant abuse with inhalant-induced psychotic disorder with hallucinations,substance_disorder,mental_health_disorders
F18.159,"Inhalant abuse with inhalant-induced psychotic disorder, unspecified",substance_disorder,mental_health_disorders
F18.17,Inhalant abuse with inhalant-induced dementia,substance_disorder,mental_health_disorders
F18.18,Inhalant abuse with other inhalant-induced disorders,substance_disorder,mental_health_disorders
F18.180,Inhalant abuse with inhalant-induced anxiety disorder,substance_disorder,mental_health_disorders
F18.188,Inhalant abuse with other inhalant-induced disorder,substance_disorder,mental_health_disorders
F18.19,Inhalant abuse with unspecified inhalant-induced disorder,substance_disorder,mental_health_disorders
F18.2,Inhalant dependence,substance_disorder,mental_health_disorders
F18.20,"Inhalant dependence, uncomplicated",substance_disorder,mental_health_disorders
F18.21,"Inhalant dependence, in remission",substance_disorder,mental_health_disorders
F18.22,Inhalant dependence with intoxication,substance_disorder,mental_health_disorders
F18.220,"Inhalant dependence with intoxication, uncomplicated",substance_disorder,mental_health_disorders
F18.221,Inhalant dependence with intoxication delirium,substance_disorder,mental_health_disorders
F18.229,"Inhalant dependence with intoxication, unspecified",substance_disorder,mental_health_disorders
F18.24,Inhalant dependence with inhalant-induced mood disorder,substance_disorder,mental_health_disorders
F18.25,Inhalant dependence with inhalant-induced psychotic disorder,substance_disorder,mental_health_disorders
F18.250,Inhalant dependence with inhalant-induced psychotic disorder with delusions,substance_disorder,mental_health_disorders
F18.251,Inhalant dependence with inhalant-induced psychotic disorder with hallucinations,substance_disorder,mental_health_disorders
F18.259,"Inhalant dependence with inhalant-induced psychotic disorder, unspecified",substance_disorder,mental_health_disorders
F18.27,Inhalant dependence with inhalant-induced dementia,substance_disorder,mental_health_disorders
F18.28,Inhalant dependence with other inhalant-induced disorders,substance_disorder,mental_health_disorders
F18.280,Inhalant dependence with inhalant-induced anxiety disorder,substance_disorder,mental_health_disorders
F18.288,Inhalant dependence with other inhalant-induced disorder,substance_disorder,mental_health_disorders
F18.29,Inhalant dependence with unspecified inhalant-induced disorder,substance_disorder,mental_health_disorders
F18.9,"Inhalant use, unspecified",substance_disorder,mental_health_disorders
F18.90,"Inhalant use, unspecified, uncomplicated",substance_disorder,mental_health_disorders
F18.91,"Inhalant use, unspecified, in remission",substance_disorder,mental_health_disorders
F18.92,"Inhalant use, unspecified with intoxication",substance_disorder,mental_health_disorders
F18.920,"Inhalant use, unspecified with intoxication, uncomplicated",substance_disorder,mental_health_disorders
F18.921,"Inhalant use, unspecified with intoxication with delirium",substance_disorder,mental_health_disorders
F18.929,"Inhalant use, unspecified with intoxication, unspecified",substance_disorder,mental_health_disorders
F18.94,"Inhalant use, unspecified with inhalant-induced mood disorder",substance_disorder,mental_health_disorders
F18.95,"Inhalant use, unspecified with inhalant-induced psychotic disorder",substance_disorder,mental_health_disorders
F18.950,"Inhalant use, unspecified with inhalant-induced psychotic disorder with delusions",substance_disorder,mental_health_disorders
F18.951,"Inhalant use, unspecified with inhalant-induced psychotic disorder with hallucinations",substance_disorder,mental_health_disorders
F18.959,"Inhalant use, unspecified with inhalant-induced psychotic disorder, unspecified",substance_disorder,mental_health_disorders
F18.97,"Inhalant use, unspecified with inhalant-induced persisting dementia",substance_disorder,mental_health_disorders
F18.98,"Inhalant use, unspecified with other inhalant-induced disorders",substance_disorder,mental_health_disorders
F18.980,"Inhalant use, unspecified with inhalant-induced anxiety disorder",substance_disorder,mental_health_disorders
F18.988,"Inhalant use, unspecified with other inhalant-induced disorder",substance_disorder,mental_health_disorders
F18.99,"Inhalant use, unspecified with unspecified inhalant-induced disorder",substance_disorder,mental_health_disorders
F19,Other psychoactive substance related disorders,substance_disorder,mental_health_disorders
F19.1,Other psychoactive substance abuse,substance_disorder,mental_health_disorders
F19.10,"Other psychoactive substance abuse, uncomplicated",substance_disorder,mental_health_disorders
F19.11,"Other psychoactive substance abuse, in remission",substance_disorder,mental_health_disorders
F19.12,Other psychoactive substance abuse with intoxication,substance_disorder,mental_health_disorders
F19.120,"Other psychoactive substance abuse with intoxication, uncomplicated",substance_disorder,mental_health_disorders
F19.121,Other psychoactive substance abuse with intoxication delirium,substance_disorder,mental_health_disorders
F19.122,Other psychoactive substance abuse with intoxication with perceptual disturbances,substance_disorder,mental_health_disorders
F19.129,"Other psychoactive substance abuse with intoxication, unspecified",substance_disorder,mental_health_disorders
F19.13,Other psychoactive substance abuse with withdrawal,substance_disorder,mental_health_disorders
F19.130,"Other psychoactive substance abuse with withdrawal, uncomplicated",substance_disorder,mental_health_disorders
F19.131,Other psychoactive substance abuse with withdrawal delirium,substance_disorder,mental_health_disorders
F19.132,Other psychoactive substance abuse with withdrawal with perceptual disturbance,substance_disorder,mental_health_disorders
F19.139,"Other psychoactive substance abuse with withdrawal, unspecified",substance_disorder,mental_health_disorders
F19.14,Other psychoactive substance abuse with psychoactive substance-induced mood disorder,substance_disorder,mental_health_disorders
F19.15,Other psychoactive substance abuse with psychoactive substance-induced psychotic disorder,substance_disorder,mental_health_disorders
F19.150,Other psychoactive substance abuse with psychoactive substance-induced psychotic disorder with delusions,substance_disorder,mental_health_disorders
F19.151,Other psychoactive substance abuse with psychoactive substance-induced psychotic disorder with hallucinations,substance_disorder,mental_health_disorders
F19.159,"Other psychoactive substance abuse with psychoactive substance-induced psychotic disorder, unspecified",substance_disorder,mental_health_disorders
F19.16,Other psychoactive substance abuse with psychoactive substance-induced persisting amnestic disorder,substance_disorder,mental_health_disorders
F19.17,Other psychoactive substance abuse with psychoactive substance-induced persisting dementia,substance_disorder,mental_health_disorders
F19.18,Other psychoactive substance abuse with other psychoactive substance-induced disorders,substance_disorder,mental_health_disorders
F19.180,Other psychoactive substance abuse with psychoactive substance-induced anxiety disorder,substance_disorder,mental_health_disorders
F19.181,Other psychoactive substance abuse with psychoactive substance-induced sexual dysfunction,substance_disorder,mental_health_disorders
F19.182,Other psychoactive substance abuse with psychoactive substance-induced sleep disorder,substance_disorder,mental_health_disorders
F19.188,Other psychoactive substance abuse with other psychoactive substance-induced disorder,substance_disorder,mental_health_disorders
F19.19,Other psychoactive substance abuse with unspecified psychoactive substance-induced disorder,substance_disorder,mental_health_disorders
F19.2,Other psychoactive substance dependence,substance_disorder,mental_health_disorders
F19.20,"Other psychoactive substance dependence, uncomplicated",substance_disorder,mental_health_disorders
F19.21,"Other psychoactive substance dependence, in remission",substance_disorder,mental_health_disorders
F19.22,Other psychoactive substance dependence with intoxication,substance_disorder,mental_health_disorders
F19.220,"Other psychoactive substance dependence with intoxication, uncomplicated",substance_disorder,mental_health_disorders
F19.221,Other psychoactive substance dependence with intoxication delirium,substance_disorder,mental_health_disorders
F19.222,Other psychoactive substance dependence with intoxication with perceptual disturbance,substance_disorder,mental_health_disorders
F19.229,"Other psychoactive substance dependence with intoxication, unspecified",substance_disorder,mental_health_disorders
F19.23,Other psychoactive substance dependence with withdrawal,substance_disorder,mental_health_disorders
F19.230,"Other psychoactive substance dependence with withdrawal, uncomplicated",substance_disorder,mental_health_disorders
F19.231,Other psychoactive substance dependence with withdrawal delirium,substance_disorder,mental_health_disorders
F19.232,Other psychoactive substance dependence with withdrawal with perceptual disturbance,substance_disorder,mental_health_disorders
F19.239,"Other psychoactive substance dependence with withdrawal, unspecified",substance_disorder,mental_health_disorders
F19.24,Other psychoactive substance dependence with psychoactive substance-induced mood disorder,substance_disorder,mental_health_disorders
F19.25,Other psychoactive substance dependence with psychoactive substance-induced psychotic disorder,substance_disorder,mental_health_disorders
F19.250,Other psychoactive substance dependence with psychoactive substance-induced psychotic disorder with delusions,substance_disorder,mental_health_disorders
F19.251,Other psychoactive substance dependence with psychoactive substance-induced psychotic disorder with hallucinations,substance_disorder,mental_health_disorders
F19.259,"Other psychoactive substance dependence with psychoactive substance-induced psychotic disorder, unspecified",substance_disorder,mental_health_disorders
F19.26,Other psychoactive substance dependence with psychoactive substance-induced persisting amnestic disorder,substance_disorder,mental_health_disorders
F19.27,Other psychoactive substance dependence with psychoactive substance-induced persisting dementia,substance_disorder,mental_health_disorders
F19.28,Other psychoactive substance dependence with other psychoactive substance-induced disorders,substance_disorder,mental_health_disorders
F19.280,Other psychoactive substance dependence with psychoactive substance-induced anxiety disorder,substance_disorder,mental_health_disorders
F19.281,Other psychoactive substance dependence with psychoactive substance-induced sexual dysfunction,substance_disorder,mental_health_disorders
F19.282,Other psychoactive substance dependence with psychoactive substance-induced sleep disorder,substance_disorder,mental_health_disorders
F19.288,Other psychoactive substance dependence with other psychoactive substance-induced disorder,substance_disorder,mental_health_disorders
F19.29,Other psychoactive substance dependence with unspecified psychoactive substance-induced disorder,substance_disorder,mental_health_disorders
F19.9,"Other psychoactive substance use, unspecified",substance_disorder,mental_health_disorders
F19.90,"Other psychoactive substance use, unspecified, uncomplicated",substance_disorder,mental_health_disorders
F19.91,"Other psychoactive substance use, unspecified, in remission",substance_disorder,mental_health_disorders
F19.92,"Other psychoactive substance use, unspecified with intoxication",substance_disorder,mental_health_disorders
F19.920,"Other psychoactive substance use, unspecified with intoxication, uncomplicated",substance_disorder,mental_health_disorders
F19.921,"Other psychoactive substance use, unspecified with intoxication with delirium",substance_disorder,mental_health_disorders
F19.922,"Other psychoactive substance use, unspecified with intoxication with perceptual disturbance",substance_disorder,mental_health_disorders
F19.929,"Other psychoactive substance use, unspecified with intoxication, unspecified",substance_disorder,mental_health_disorders
F19.93,"Other psychoactive substance use, unspecified with withdrawal",substance_disorder,mental_health_disorders
F19.930,"Other psychoactive substance use, unspecified with withdrawal, uncomplicated",substance_disorder,mental_health_disorders
F19.931,"Other psychoactive substance use, unspecified with withdrawal delirium",substance_disorder,mental_health_disorders
F19.932,"Other psychoactive substance use, unspecified with withdrawal with perceptual disturbance",substance_disorder,mental_health_disorders
F19.939,"Other psychoactive substance use, unspecified with withdrawal, unspecified",substance_disorder,mental_health_disorders
F19.94,"Other psychoactive substance use, unspecified with psychoactive substance-induced mood disorder",substance_disorder,mental_health_disorders
F19.95,"Other psychoactive substance use, unspecified with psychoactive substance-induced psychotic disorder",substance_disorder,mental_health_disorders
F19.950,"Other psychoactive substance use, unspecified with psychoactive substance-induced psychotic disorder with delusions",substance_disorder,mental_health_disorders
F19.951,"Other psychoactive substance use, unspecified with psychoactive substance-induced psychotic disorder with hallucinations",substance_disorder,mental_health_disorders
F19.959,"Other psychoactive substance use, unspecified with psychoactive substance-induced psychotic disorder, unspecified",substance_disorder,mental_health_disorders
F19.96,"Other psychoactive substance use, unspecified with psychoactive substance-induced persisting amnestic disorder",substance_disorder,mental_health_disorders
F19.97,"Other psychoactive substance use, unspecified with psychoactive substance-induced persisting dementia",substance_disorder,mental_health_disorders
F19.98,"Other psychoactive substance use, unspecified with other psychoactive substance-induced disorders",substance_disorder,mental_health_disorders
F19.980,"Other psychoactive substance use, unspecified with psychoactive substance-induced anxiety disorder",substance_disorder,mental_health_disorders
F19.981,"Other psychoactive substance use, unspecified with psychoactive substance-induced sexual dysfunction",substance_disorder,mental_health_disorders
F19.982,"Other psychoactive substance use, unspecified with psychoactive substance-induced sleep disorder",substance_disorder,mental_health_disorders
F19.988,"Other psychoactive substance use, unspecified with other psychoactive substance-induced disorder",substance_disorder,mental_health_disorders
F19.99,"Other psychoactive substance use, unspecified with unspecified psychoactive substance-induced disorder",substance_disorder,mental_health_disorders
F20,Schizophrenia,schizophrenia,mental_health_disorders
F20.0,Paranoid schizophrenia,schizophrenia,mental_health_disorders
F20.1,Disorganized schizophrenia,schizophrenia,mental_health_disorders
F20.2,Catatonic schizophrenia,schizophrenia,mental_health_disorders
F20.3,Undifferentiated schizophrenia,schizophrenia,mental_health_disorders
F20.5,Residual schizophrenia,schizophrenia,mental_health_disorders
F20.8,Other schizophrenia,schizophrenia,mental_health_disorders
F20.81,Schizophreniform disorder,schizophrenia,mental_health_disorders
F20.89,Other schizophrenia,schizophrenia,mental_health_disorders
F20.9,"Schizophrenia, unspecified",schizophrenia,mental_health_disorders
F21,Schizotypal disorder,schizophrenia,mental_health_disorders
F22,Delusional disorders,schizophrenia,mental_health_disorders
F23,Brief psychotic disorder,schizophrenia,mental_health_disorders
F24,Shared psychotic disorder,schizophrenia,mental_health_disorders
F25,Schizoaffective disorders,schizophrenia,mental_health_disorders
F25.0,"Schizoaffective disorder, bipolar type",schizophrenia,mental_health_disorders
F25.1,"Schizoaffective disorder, depressive type",schizophrenia,mental_health_disorders
F25.8,Other schizoaffective disorders,schizophrenia,mental_health_disorders
F25.9,"Schizoaffective disorder, unspecified",schizophrenia,mental_health_disorders
F28,Other psychotic disorder not due to a substance or known physiological condition,schizophrenia,mental_health_disorders
F29,Unspecified psychosis not due to a substance or known physiological condition,schizophrenia,mental_health_disorders
F30,Manic episode,mood_disorder,mental_health_disorders
F30.1,Manic episode without psychotic symptoms,mood_disorder,mental_health_disorders
F30.10,"Manic episode without psychotic symptoms, unspecified",mood_disorder,mental_health_disorders
F30.11,"Manic episode without psychotic symptoms, mild",mood_disorder,mental_health_disorders
F30.12,"Manic episode without psychotic symptoms, moderate",mood_disorder,mental_health_disorders
F30.13,"Manic episode, severe, without psychotic symptoms",mood_disorder,mental_health_disorders
F30.2,"Manic episode, severe with psychotic symptoms",mood_disorder,mental_health_disorders
F30.3,Manic episode in partial remission,mood_disorder,mental_health_disorders
F30.4,Manic episode in full remission,mood_disorder,mental_health_disorders
F30.8,Other manic episodes,mood_disorder,mental_health_disorders
F30.9,"Manic episode, unspecified",mood_disorder,mental_health_disorders
F31,Bipolar disorder,mood_disorder,mental_health_disorders
F31.0,"Bipolar disorder, current episode hypomanic",mood_disorder,mental_health_disorders
F31.1,"Bipolar disorder, current episode manic without psychotic features",mood_disorder,mental_health_disorders
F31.10,"Bipolar disorder, current episode manic without psychotic features, unspecified",mood_disorder,mental_health_disorders
F31.11,"Bipolar disorder, current episode manic without psychotic features, mild",mood_disorder,mental_health_disorders
F31.12,"Bipolar disorder, current episode manic without psychotic features, moderate",mood_disorder,mental_health_disorders
F31.13,"Bipolar disorder, current episode manic without psychotic features, severe",mood_disorder,mental_health_disorders
F31.2,"Bipolar disorder, current episode manic severe with psychotic features",mood_disorder,mental_health_disorders
F31.3,"Bipolar disorder, current episode depressed, mild or moderate severity",mood_disorder,mental_health_disorders
F31.30,"Bipolar disorder, current episode depressed, mild or moderate severity, unspecified",mood_disorder,mental_health_disorders
F31.31,"Bipolar disorder, current episode depressed, mild",mood_disorder,mental_health_disorders
F31.32,"Bipolar disorder, current episode depressed, moderate",mood_disorder,mental_health_disorders
F31.4,"Bipolar disorder, current episode depressed, severe, without psychotic features",mood_disorder,mental_health_disorders
F31.5,"Bipolar disorder, current episode depressed, severe, with psychotic features",mood_disorder,mental_health_disorders
F31.6,"Bipolar disorder, current episode mixed",mood_disorder,mental_health_disorders
F31.60,"Bipolar disorder, current episode mixed, unspecified",mood_disorder,mental_health_disorders
F31.61,"Bipolar disorder, current episode mixed, mild",mood_disorder,mental_health_disorders
F31.62,"Bipolar disorder, current episode mixed, moderate",mood_disorder,mental_health_disorders
F31.63,"Bipolar disorder, current episode mixed, severe, without psychotic features",mood_disorder,mental_health_disorders
F31.64,"Bipolar disorder, current episode mixed, severe, with psychotic features",mood_disorder,mental_health_disorders
F31.7,"Bipolar disorder, currently in remission",mood_disorder,mental_health_disorders
F31.70,"Bipolar disorder, currently in remission, most recent episode unspecified",mood_disorder,mental_health_disorders
F31.71,"Bipolar disorder, in partial remission, most recent episode hypomanic",mood_disorder,mental_health_disorders
F31.72,"Bipolar disorder, in full remission, most recent episode hypomanic",mood_disorder,mental_health_disorders
F31.73,"Bipolar disorder, in partial remission, most recent episode manic",mood_disorder,mental_health_disorders
F31.74,"Bipolar disorder, in full remission, most recent episode manic",mood_disorder,mental_health_disorders
F31.75,"Bipolar disorder, in partial remission, most recent episode depressed",mood_disorder,mental_health_disorders
F31.76,"Bipolar disorder, in full remission, most recent episode depressed",mood_disorder,mental_health_disorders
F31.77,"Bipolar disorder, in partial remission, most recent episode mixed",mood_disorder,mental_health_disorders
F31.78,"Bipolar disorder, in full remission, most recent episode mixed",mood_disorder,mental_health_disorders
F31.8,Other bipolar disorders,mood_disorder,mental_health_disorders
F31.81,Bipolar II disorder,mood_disorder,mental_health_disorders
F31.89,Other bipolar disorder,mood_disorder,mental_health_disorders
F31.9,"Bipolar disorder, unspecified",mood_disorder,mental_health_disorders
F32,Depressive episode,mood_disorder,mental_health_disorders
F32.0,"Major depressive disorder, single episode, mild",mood_disorder,mental_health_disorders
F32.1,"Major depressive disorder, single episode, moderate",mood_disorder,mental_health_disorders
F32.2,"Major depressive disorder, single episode, severe without psychotic features",mood_disorder,mental_health_disorders
F32.3,"Major depressive disorder, single episode, severe with psychotic features",mood_disorder,mental_health_disorders
F32.4,"Major depressive disorder, single episode, in partial remission",mood_disorder,mental_health_disorders
F32.5,"Major depressive disorder, single episode, in full remission",mood_disorder,mental_health_disorders
F32.8,Other depressive episodes,mood_disorder,mental_health_disorders
F32.81,Premenstrual dysphoric disorder,mood_disorder,mental_health_disorders
F32.89,Other specified depressive episodes,mood_disorder,mental_health_disorders
F32.9,"Major depressive disorder, single episode, unspecified",mood_disorder,mental_health_disorders
F32.A,"Depression, unspecified",mood_disorder,mental_health_disorders
F33,"Major depressive disorder, recurrent",mood_disorder,mental_health_disorders
F33.0,"Major depressive disorder, recurrent, mild",mood_disorder,mental_health_disorders
F33.1,"Major depressive disorder, recurrent, moderate",mood_disorder,mental_health_disorders
F33.2,"Major depressive disorder, recurrent severe without psychotic features",mood_disorder,mental_health_disorders
F33.3,"Major depressive disorder, recurrent, severe with psychotic symptoms",mood_disorder,mental_health_disorders
F33.4,"Major depressive disorder, recurrent, in remission",mood_disorder,mental_health_disorders
F33.40,"Major depressive disorder, recurrent, in remission, unspecified",mood_disorder,mental_health_disorders
F33.41,"Major depressive disorder, recurrent, in partial remission",mood_disorder,mental_health_disorders
F33.42,"Major depressive disorder, recurrent, in full remission",mood_disorder,mental_health_disorders
F33.8,Other recurrent depressive disorders,mood_disorder,mental_health_disorders
F33.9,"Major depressive disorder, recurrent, unspecified",mood_disorder,mental_health_disorders
F34,Persistent mood [affective] disorders,mood_disorder,mental_health_disorders
F34.0,Cyclothymic disorder,mood_disorder,mental_health_disorders
F34.1,Dysthymic disorder,mood_disorder,mental_health_disorders
F34.8,Other persistent mood [affective] disorders,mood_disorder,mental_health_disorders
F34.81,Disruptive mood dysregulation disorder,mood_disorder,mental_health_disorders
F34.89,Other specified persistent mood disorders,mood_disorder,mental_health_disorders
F34.9,"Persistent mood [affective] disorder, unspecified",mood_disorder,mental_health_disorders
F39,Unspecified mood [affective] disorder,mood_disorder,mental_health_disorders
F40,Phobic anxiety disorders,anxiety_disorder,mental_health_disorders
F40.0,Agoraphobia,anxiety_disorder,mental_health_disorders
F40.00,"Agoraphobia, unspecified",anxiety_disorder,mental_health_disorders
F40.01,Agoraphobia with panic disorder,anxiety_disorder,mental_health_disorders
F40.02,Agoraphobia without panic disorder,anxiety_disorder,mental_health_disorders
F40.1,Social phobias,anxiety_disorder,mental_health_disorders
F40.10,"Social phobia, unspecified",anxiety_disorder,mental_health_disorders
F40.11,"Social phobia, generalized",anxiety_disorder,mental_health_disorders
F40.2,Specific (isolated) phobias,anxiety_disorder,mental_health_disorders
F40.21,Animal type phobia,anxiety_disorder,mental_health_disorders
F40.210,Arachnophobia,anxiety_disorder,mental_health_disorders
F40.218,Other animal type phobia,anxiety_disorder,mental_health_disorders
F40.22,Natural environment type phobia,anxiety_disorder,mental_health_disorders
F40.220,Fear of thunderstorms,anxiety_disorder,mental_health_disorders
F40.228,Other natural environment type phobia,anxiety_disorder,mental_health_disorders
F40.23,"Blood, injection, injury type phobia",anxiety_disorder,mental_health_disorders
F40.230,Fear of blood,anxiety_disorder,mental_health_disorders
F40.231,Fear of injections and transfusions,anxiety_disorder,mental_health_disorders
F40.232,Fear of other medical care,anxiety_disorder,mental_health_disorders
F40.233,Fear of injury,anxiety_disorder,mental_health_disorders
F40.24,Situational type phobia,anxiety_disorder,mental_health_disorders
F40.240,Claustrophobia,anxiety_disorder,mental_health_disorders
F40.241,Acrophobia,anxiety_disorder,mental_health_disorders
F40.242,Fear of bridges,anxiety_disorder,mental_health_disorders
F40.243,Fear of flying,anxiety_disorder,mental_health_disorders
F40.248,Other situational type phobia,anxiety_disorder,mental_health_disorders
F40.29,Other specified phobia,anxiety_disorder,mental_health_disorders
F40.290,Androphobia,anxiety_disorder,mental_health_disorders
F40.291,Gynephobia,anxiety_disorder,mental_health_disorders
F40.298,Other specified phobia,anxiety_disorder,mental_health_disorders
F40.8,Other phobic anxiety disorders,anxiety_disorder,mental_health_disorders
F40.9,"Phobic anxiety disorder, unspecified",anxiety_disorder,mental_health_disorders
F41,Other anxiety disorders,anxiety_disorder,mental_health_disorders
F41.0,Panic disorder [episodic paroxysmal anxiety],anxiety_disorder,mental_health_disorders
F41.1,Generalized anxiety disorder,anxiety_disorder,mental_health_disorders
F41.3,Other mixed anxiety disorders,anxiety_disorder,mental_health_disorders
F41.8,Other specified anxiety disorders,anxiety_disorder,mental_health_disorders
F41.9,"Anxiety disorder, unspecified",anxiety_disorder,mental_health_disorders
F42,Obsessive-compulsive disorder,anxiety_disorder,mental_health_disorders
F42.2,Mixed obsessional thoughts and acts,anxiety_disorder,mental_health_disorders
F42.3,Hoarding disorder,anxiety_disorder,mental_health_disorders
F42.4,Excoriation (skin-picking) disorder,anxiety_disorder,mental_health_disorders
F42.8,Other obsessive-compulsive disorder,anxiety_disorder,mental_health_disorders
F42.9,"Obsessive-compulsive disorder, unspecified",anxiety_disorder,mental_health_disorders
F43,"Reaction to severe stress, and adjustment disorders",anxiety_disorder,mental_health_disorders
F43.0,Acute stress reaction,anxiety_disorder,mental_health_disorders
F43.1,Post-traumatic stress disorder (PTSD),anxiety_disorder,mental_health_disorders
F43.10,"Post-traumatic stress disorder, unspecified",anxiety_disorder,mental_health_disorders
F43.11,"Post-traumatic stress disorder, acute",anxiety_disorder,mental_health_disorders
F43.12,"Post-traumatic stress disorder, chronic",anxiety_disorder,mental_health_disorders
F43.2,Adjustment disorders,anxiety_disorder,mental_health_disorders
F43.20,"Adjustment disorder, unspecified",anxiety_disorder,mental_health_disorders
F43.21,Adjustment disorder with depressed mood,anxiety_disorder,mental_health_disorders
F43.22,Adjustment disorder with anxiety,anxiety_disorder,mental_health_disorders
F43.23,Adjustment disorder with mixed anxiety and depressed mood,anxiety_disorder,mental_health_disorders
F43.24,Adjustment disorder with disturbance of conduct,anxiety_disorder,mental_health_disorders
F43.25,Adjustment disorder with mixed disturbance of emotions and conduct,anxiety_disorder,mental_health_disorders
F43.29,Adjustment disorder with other symptoms,anxiety_disorder,mental_health_disorders
F43.8,Other reactions to severe stress,anxiety_disorder,mental_health_disorders
F43.81,Prolonged grief disorder,anxiety_disorder,mental_health_disorders
F43.89,Other reactions to severe stress,anxiety_disorder,mental_health_disorders
F43.9,"Reaction to severe stress, unspecified",anxiety_disorder,mental_health_disorders
F44,Dissociative and conversion disorders,anxiety_disorder,mental_health_disorders
F44.0,Dissociative amnesia,anxiety_disorder,mental_health_disorders
F44.1,Dissociative fugue,anxiety_disorder,mental_health_disorders
F44.2,Dissociative stupor,anxiety_disorder,mental_health_disorders
F44.4,Conversion disorder with motor symptom or deficit,anxiety_disorder,mental_health_disorders
F44.5,Conversion disorder with seizures or convulsions,anxiety_disorder,mental_health_disorders
F44.6,Conversion disorder with sensory symptom or deficit,anxiety_disorder,mental_health_disorders
F44.7,Conversion disorder with mixed symptom presentation,anxiety_disorder,mental_health_disorders
F44.8,Other dissociative and conversion disorders,anxiety_disorder,mental_health_disorders
F44.81,Dissociative identity disorder,anxiety_disorder,mental_health_disorders
F44.89,Other dissociative and conversion disorders,anxiety_disorder,mental_health_disorders
F44.9,"Dissociative and conversion disorder, unspecified",anxiety_disorder,mental_health_disorders
F45,Somatoform disorders,anxiety_disorder,mental_health_disorders
F45.0,Somatization disorder,anxiety_disorder,mental_health_disorders
F45.1,Undifferentiated somatoform disorder,anxiety_disorder,mental_health_disorders
F45.2,Hypochondriacal disorders,anxiety_disorder,mental_health_disorders
F45.20,"Hypochondriacal disorder, unspecified",anxiety_disorder,mental_health_disorders
F45.21,Hypochondriasis,anxiety_disorder,mental_health_disorders
F45.22,Body dysmorphic disorder,anxiety_disorder,mental_health_disorders
F45.29,Other hypochondriacal disorders,anxiety_disorder,mental_health_disorders
F45.4,Pain disorders related to psychological factors,anxiety_disorder,mental_health_disorders
F45.41,Pain disorder exclusively related to psychological factors,anxiety_disorder,mental_health_disorders
F45.42,Pain disorder with related psychological factors,anxiety_disorder,mental_health_disorders
F45.8,Other somatoform disorders,anxiety_disorder,mental_health_disorders
F45.9,"Somatoform disorder, unspecified",anxiety_disorder,mental_health_disorders
F48,Other nonpsychotic mental disorders,anxiety_disorder,mental_health_disorders
F48.1,Depersonalization-derealization syndrome,anxiety_disorder,mental_health_disorders
F48.2,Pseudobulbar affect,anxiety_disorder,mental_health_disorders
F48.8,Other specified nonpsychotic mental disorders,anxiety_disorder,mental_health_disorders
F48.9,"Nonpsychotic mental disorder, unspecified",anxiety_disorder,mental_health_disorders
J41,simple and mucopurulent chronic bronchitis,lung,respiratory
J41.0,simple chronic bronchitis,lung,respiratory
J41.1,mucopurulent chronic bronchitis,lung,respiratory
J41.8,mixed simple and mucopurulent chronic bronchitis,lung,respiratory
J42,unspecified chronic bronchitis,lung,respiratory
J43,emphysema,lung,respiratory
J43.0,unilateral pulmonary emphysema [macleod's syndrome],lung,respiratory
J43.1,panlobular emphysema,lung,respiratory
J43.2,centrilobular emphysema,lung,respiratory
J43.8,other emphysema,lung,respiratory
J43.9,"emphysema, unspecified",lung,respiratory
J44,other chronic obstructive pulmonary disease,lung,respiratory
J44.0,chronic obstructive pulmonary disease with (acute) lower respiratory infection,lung,respiratory
J44.1,chronic obstructive pulmonary disease with (acute) exacerbation,lung,respiratory
J44.9,"chronic obstructive pulmonary disease, unspecified",lung,respiratory
J47,bronchiectasis,lung,respiratory
J47.0,bronchiectasis with acute lower respiratory infection,lung,respiratory
J47.1,bronchiectasis with (acute) exacerbation,lung,respiratory
J47.9,"bronchiectasis, uncomplicated",lung,respiratory
J60,coalworker's pneumoconiosis,lung,respiratory
J61,pneumoconiosis due to asbestos and other mineral fibers,lung,respiratory
J62,pneumoconiosis due to dust containing silica,lung,respiratory
J62.0,pneumoconiosis due to talc dust,lung,respiratory
J62.8,pneumoconiosis due to other dust containing silica,lung,respiratory
J63,pneumoconiosis due to other inorganic dusts,lung,respiratory
J63.0,aluminosis (of lung),lung,respiratory
J63.1,bauxite fibrosis (of lung),lung,respiratory
J63.2,berylliosis,lung,respiratory
J63.3,graphite fibrosis (of lung),lung,respiratory
J63.4,siderosis,lung,respiratory
J63.5,stannosis,lung,respiratory
J63.6,pneumoconiosis due to other specified inorganic dusts,lung,respiratory
J64,unspecified pneumoconiosis,lung,respiratory
J65,pneumoconiosis associated with tuberculosis,lung,respiratory
J67,hypersensitivity pneumonitis due to organic dust,lung,respiratory
J67.0,farmer's lung,lung,respiratory
J67.1,bagassosis,lung,respiratory
J67.2,bird fancier's lung,lung,respiratory
J67.3,suberosis,lung,respiratory
J67.4,maltworker's lung,lung,respiratory
J67.5,mushroom-worker's lung,lung,respiratory
J67.6,maple-bark-stripper's lung,lung,respiratory
J67.7,air conditioner and humidifier lung,lung,respiratory
J67.8,hypersensitivity pneumonitis due to other organic dusts,lung,respiratory
J67.9,hypersensitivity pneumonitis due to unspecified organic dust,lung,respiratory
J70,respiratory conditions due to other external agents,lung,respiratory
J70.0,acute pulmonary manifestations due to radiation,lung,respiratory
J70.1,chronic and other pulmonary manifestations due to radiation,lung,respiratory
J70.2,acute drug-induced interstitial lung disorders,lung,respiratory
J70.3,chronic drug-induced interstitial lung disorders,lung,respiratory
J70.4,"drug-induced interstitial lung disorders, unspecified",lung,respiratory
J70.5,respiratory conditions due to smoke inhalation,lung,respiratory
J70.8,respiratory conditions due to other specified external agents,lung,respiratory
J70.9,respiratory conditions due to unspecified external agent,lung,respiratory
J84,other interstitial pulmonary diseases,lung,respiratory
J84.0,alveolar and parieto-alveolar conditions,lung,respiratory
J84.01,alveolar proteinosis,lung,respiratory
J84.02,pulmonary alveolar microlithiasis,lung,respiratory
J84.03,idiopathic pulmonary hemosiderosis,lung,respiratory
J84.09,other alveolar and parieto-alveolar conditions,lung,respiratory
J84.1,other interstitial pulmonary diseases with fibrosis,lung,respiratory
J84.10,"pulmonary fibrosis, unspecified",lung,respiratory
J84.11,idiopathic interstitial pneumonia,lung,respiratory
J84.111,"idiopathic interstitial pneumonia, not otherwise specified",lung,respiratory
J84.112,idiopathic pulmonary fibrosis,lung,respiratory
J84.113,idiopathic non-specific interstitial pneumonitis,lung,respiratory
J84.114,acute interstitial pneumonitis,lung,respiratory
J84.115,respiratory bronchiolitis interstitial lung disease,lung,respiratory
J84.116,cryptogenic organizing pneumonia,lung,respiratory
J84.117,desquamative interstitial pneumonia,lung,respiratory
J84.17,other interstitial pulmonary diseases with fibrosis in diseases classified elsewhere,lung,respiratory
J84.170,interstitial lung disease with progressive fibrotic phenotype in diseases classified elsewhere,lung,respiratory
J84.178,other interstitial pulmonary diseases with fibrosis in diseases classified elsewhere,lung,respiratory
J84.2,lymphoid interstitial pneumonia,lung,respiratory
J84.8,other specified interstitial pulmonary diseases,lung,respiratory
J84.81,lymphangioleiomyomatosis,lung,respiratory
J84.82,adult pulmonary langerhans cell histiocytosis,lung,respiratory
J84.83,surfactant mutations of the lung,lung,respiratory
J84.84,other interstitial lung diseases of childhood,lung,respiratory
J84.841,neuroendocrine cell hyperplasia of infancy,lung,respiratory
J84.842,pulmonary interstitial glycogenosis,lung,respiratory
J84.843,alveolar capillary dysplasia with vein misalignment,lung,respiratory
J84.848,other interstitial lung diseases of childhood,lung,respiratory
J84.89,other specified interstitial pulmonary diseases,lung,respiratory
J84.9,"interstitial pulmonary disease, unspecified",lung,respiratory
J98.2,interstitial emphysema,lung,respiratory
J45,asthma,asthma,respiratory
J45.2,mild intermittent asthma,asthma,respiratory
J45.20,"mild intermittent asthma, uncomplicated",asthma,respiratory
J45.21,mild intermittent asthma with (acute) exacerbation,asthma,respiratory
J45.22,mild intermittent asthma with status asthmaticus,asthma,respiratory
J45.3,mild persistent asthma,asthma,respiratory
J45.30,"mild persistent asthma, uncomplicated",asthma,respiratory
J45.31,mild persistent asthma with (acute) exacerbation,asthma,respiratory
J45.32,mild persistent asthma with status asthmaticus,asthma,respiratory
J45.4,moderate persistent asthma,asthma,respiratory
J45.40,"moderate persistent asthma, uncomplicated",asthma,respiratory
J45.41,moderate persistent asthma with (acute) exacerbation,asthma,respiratory
J45.42,moderate persistent asthma with status asthmaticus,asthma,respiratory
J45.5,severe persistent asthma,asthma,respiratory
J45.50,"severe persistent asthma, uncomplicated",asthma,respiratory
J45.51,severe persistent asthma with (acute) exacerbation,asthma,respiratory
J45.52,severe persistent asthma with status asthmaticus,asthma,respiratory
J45.9,other and unspecified asthma,asthma,respiratory
J45.90,unspecified asthma,asthma,respiratory
J45.901,unspecified asthma with (acute) exacerbation,asthma,respiratory
J45.902,unspecified asthma with status asthmaticus,asthma,respiratory
J45.909,"unspecified asthma, uncomplicated",asthma,respiratory
J45.99,other asthma,asthma,respiratory
J45.990,exercise induced bronchospasm,asthma,respiratory
J45.991,cough variant asthma,asthma,respiratory
J45.998,other asthma,asthma,respiratory
