"Comorbidities_Group","Category","ICD.10","eng"
"1","heart_disease","I05","rheumatic mitral valve diseases"
"1","heart_disease","I05.0","rheumatic mitral stenosis"
"1","heart_disease","I05.1","rheumatic mitral insufficiency"
"1","heart_disease","I05.2","rheumatic mitral stenosis with insufficiency"
"1","heart_disease","I05.8","other rheumatic mitral valve diseases"
"1","heart_disease","I05.9","rheumatic mitral valve disease, unspecified"
"1","heart_disease","I06","rheumatic aortic valve diseases"
"1","heart_disease","I06.0","rheumatic aortic stenosis"
"1","heart_disease","I06.1","rheumatic aortic insufficiency"
"1","heart_disease","I06.2","rheumatic aortic stenosis with insufficiency"
"1","heart_disease","I06.8","other rheumatic aortic valve diseases"
"1","heart_disease","I06.9","rheumatic aortic valve disease, unspecified"
"1","heart_disease","I07","rheumatic tricuspid valve diseases"
"1","heart_disease","I07.0","rheumatic tricuspid stenosis"
"1","heart_disease","I07.1","rheumatic tricuspid insufficiency"
"1","heart_disease","I07.2","rheumatic tricuspid stenosis and insufficiency"
"1","heart_disease","I07.8","other rheumatic tricuspid valve diseases"
"1","heart_disease","I07.9","rheumatic tricuspid valve disease, unspecified"
"1","heart_disease","I08","multiple valve diseases"
"1","heart_disease","I08.0","rheumatic disorders of both mitral and aortic valves"
"1","heart_disease","I08.1","rheumatic disorders of both mitral and tricuspid valves"
"1","heart_disease","I08.2","rheumatic disorders of both aortic and tricuspid valves"
"1","heart_disease","I08.3","combined rheumatic disorders of mitral, aortic and tricuspid valves"
"1","heart_disease","I08.8","other rheumatic multiple valve diseases"
"1","heart_disease","I08.9","rheumatic multiple valve disease, unspecified"
"1","heart_disease","I09","other rheumatic heart diseases"
"1","heart_disease","I09.0","rheumatic myocarditis"
"1","heart_disease","I09.1","rheumatic diseases of endocardium, valve unspecified"
"1","heart_disease","I09.2","chronic rheumatic pericarditis"
"1","heart_disease","I09.8","other specified rheumatic heart diseases"
"1","heart_disease","I09.81","rheumatic heart failure"
"1","heart_disease","I09.89","other specified rheumatic heart diseases"
"1","heart_disease","I09.9","rheumatic heart disease, unspecified"
"1","heart_disease","I20","angina pectoris"
"1","heart_disease","I20.0","unstable angina"
"1","heart_disease","I20.1","angina pectoris with documented spasm"
"1","heart_disease","I20.2","refractory angina pectoris"
"1","heart_disease","I20.8","other forms of angina pectoris"
"1","heart_disease","I20.9","angina pectoris, unspecified"
"1","heart_disease","I21","acute myocardial infarction"
"1","heart_disease","I21.0","st elevation (stemi) myocardial infarction of anterior wall"
"1","heart_disease","I21.01","st elevation (stemi) myocardial infarction involving left main coronary artery"
"1","heart_disease","I21.02","st elevation (stemi) myocardial infarction involving left anterior descending coronary artery"
"1","heart_disease","I21.09","st elevation (stemi) myocardial infarction involving other coronary artery of anterior wall"
"1","heart_disease","I21.1","st elevation (stemi) myocardial infarction of inferior wall"
"1","heart_disease","I21.11","st elevation (stemi) myocardial infarction involving right coronary artery"
"1","heart_disease","I21.19","st elevation (stemi) myocardial infarction involving other coronary artery of inferior wall"
"1","heart_disease","I21.2","st elevation (stemi) myocardial infarction of other sites"
"1","heart_disease","I21.21","st elevation (stemi) myocardial infarction involving left circumflex coronary artery"
"1","heart_disease","I21.29","st elevation (stemi) myocardial infarction involving other sites"
"1","heart_disease","I21.3","st elevation (stemi) myocardial infarction of unspecified site"
"1","heart_disease","I21.4","non-st elevation (nstemi) myocardial infarction"
"1","heart_disease","I21.9","acute myocardial infarction, unspecified"
"1","heart_disease","I21.A","other type of myocardial infarction"
"1","heart_disease","I21.A1","myocardial infarction type 2"
"1","heart_disease","I21.A9","other myocardial infarction type"
"1","heart_disease","I22","subsequent st elevation (stemi) and non-st elevation (nstemi) myocardial infarction"
"1","heart_disease","I22.0","subsequent st elevation (stemi) myocardial infarction of anterior wall"
"1","heart_disease","I22.1","subsequent st elevation (stemi) myocardial infarction of inferior wall"
"1","heart_disease","I22.2","subsequent non-st elevation (nstemi) myocardial infarction"
"1","heart_disease","I22.8","subsequent st elevation (stemi) myocardial infarction of other sites"
"1","heart_disease","I22.9","subsequent st elevation (stemi) myocardial infarction of unspecified site"
"1","heart_disease","I23","certain current complications following st elevation (stemi) and non-st elevation (nstemi) myocardial infarction (within the 28 day period)"
"1","heart_disease","I23.0","hemopericardium as current complication following acute myocardial infarction"
"1","heart_disease","I23.1","atrial septal defect as current complication following acute myocardial infarction"
"1","heart_disease","I23.2","ventricular septal defect as current complication following acute myocardial infarction"
"1","heart_disease","I23.3","rupture of cardiac wall without hemopericardium as current complication following acute myocardial infarction"
"1","heart_disease","I23.4","rupture of chordae tendineae as current complication following acute myocardial infarction"
"1","heart_disease","I23.5","rupture of papillary muscle as current complication following acute myocardial infarction"
"1","heart_disease","I23.6","thrombosis of atrium, auricular appendage, and ventricle as current complications following acute myocardial infarction"
"1","heart_disease","I23.7","postinfarction angina"
"1","heart_disease","I23.8","other current complications following acute myocardial infarction"
"1","heart_disease","I24","other acute ischemic heart diseases"
"1","heart_disease","I24.1","dressler's syndrome"
"1","heart_disease","I24.8","other forms of acute ischemic heart disease"
"1","heart_disease","I24.9","acute ischemic heart disease, unspecified"
"1","heart_disease","I25","chronic ischemic heart disease"
"1","heart_disease","I25.1","atherosclerotic heart disease of native coronary artery"
"1","heart_disease","I25.10","atherosclerotic heart disease of native coronary artery without angina pectoris"
"1","heart_disease","I25.11","atherosclerotic heart disease of native coronary artery with angina pectoris"
"1","heart_disease","I25.110","atherosclerotic heart disease of native coronary artery with unstable angina pectoris"
"1","heart_disease","I25.111","atherosclerotic heart disease of native coronary artery with angina pectoris with documented spasm"
"1","heart_disease","I25.112","atherosclerosic heart disease of native coronary artery with refractory angina pectoris"
"1","heart_disease","I25.118","atherosclerotic heart disease of native coronary artery with other forms of angina pectoris"
"1","heart_disease","I25.119","atherosclerotic heart disease of native coronary artery with unspecified angina pectoris"
"1","heart_disease","I25.2","old myocardial infarction"
"1","heart_disease","I25.3","aneurysm of heart"
"1","heart_disease","I25.4","coronary artery aneurysm and dissection"
"1","heart_disease","I25.41","coronary artery aneurysm"
"1","heart_disease","I25.42","coronary artery dissection"
"1","heart_disease","I25.5","ischemic cardiomyopathy"
"1","heart_disease","I25.6","silent myocardial ischemia"
"1","heart_disease","I25.7","atherosclerosis of coronary artery bypass graft(s) and coronary artery of transplanted heart with angina pectoris"
"1","heart_disease","I25.70","atherosclerosis of coronary artery bypass graft(s), unspecified, with angina pectoris"
"1","heart_disease","I25.700","atherosclerosis of coronary artery bypass graft(s), unspecified, with unstable angina pectoris"
"1","heart_disease","I25.701","atherosclerosis of coronary artery bypass graft(s), unspecified, with angina pectoris with documented spasm"
"1","heart_disease","I25.702","atherosclerosis of coronary artery bypass graft(s), unspecified, with refractory angina pectoris"
"1","heart_disease","I25.708","atherosclerosis of coronary artery bypass graft(s), unspecified, with other forms of angina pectoris"
"1","heart_disease","I25.709","atherosclerosis of coronary artery bypass graft(s), unspecified, with unspecified angina pectoris"
"1","heart_disease","I25.71","atherosclerosis of autologous vein coronary artery bypass graft(s) with angina pectoris"
"1","heart_disease","I25.710","atherosclerosis of autologous vein coronary artery bypass graft(s) with unstable angina pectoris"
"1","heart_disease","I25.711","atherosclerosis of autologous vein coronary artery bypass graft(s) with angina pectoris with documented spasm"
"1","heart_disease","I25.712","atherosclerosis of autologous vein coronary artery bypass graft(s) with refractory angina pectoris"
"1","heart_disease","I25.718","atherosclerosis of autologous vein coronary artery bypass graft(s) with other forms of angina pectoris"
"1","heart_disease","I25.719","atherosclerosis of autologous vein coronary artery bypass graft(s) with unspecified angina pectoris"
"1","heart_disease","I25.72","atherosclerosis of autologous artery coronary artery bypass graft(s) with angina pectoris"
"1","heart_disease","I25.720","atherosclerosis of autologous artery coronary artery bypass graft(s) with unstable angina pectoris"
"1","heart_disease","I25.721","atherosclerosis of autologous artery coronary artery bypass graft(s) with angina pectoris with documented spasm"
"1","heart_disease","I25.722","atherosclerosis of autologous artery coronary artery bypass graft(s) with refractory angina pectoris"
"1","heart_disease","I25.728","atherosclerosis of autologous artery coronary artery bypass graft(s) with other forms of angina pectoris"
"1","heart_disease","I25.729","atherosclerosis of autologous artery coronary artery bypass graft(s) with unspecified angina pectoris"
"1","heart_disease","I25.73","atherosclerosis of nonautologous biological coronary artery bypass graft(s) with angina pectoris"
"1","heart_disease","I25.730","atherosclerosis of nonautologous biological coronary artery bypass graft(s) with unstable angina pectoris"
"1","heart_disease","I25.731","atherosclerosis of nonautologous biological coronary artery bypass graft(s) with angina pectoris with documented spasm"
"1","heart_disease","I25.732","atherosclerosis of nonautologous biological coronary artery bypass graft(s) with refractory angina pectoris"
"1","heart_disease","I25.738","atherosclerosis of nonautologous biological coronary artery bypass graft(s) with other forms of angina pectoris"
"1","heart_disease","I25.739","atherosclerosis of nonautologous biological coronary artery bypass graft(s) with unspecified angina pectoris"
"1","heart_disease","I25.75","atherosclerosis of native coronary artery of transplanted heart with angina pectoris"
"1","heart_disease","I25.750","atherosclerosis of native coronary artery of transplanted heart with unstable angina"
"1","heart_disease","I25.751","atherosclerosis of native coronary artery of transplanted heart with angina pectoris with documented spasm"
"1","heart_disease","I25.752","atherosclerosis of native coronary artery of transplanted heart with refractory angina pectoris"
"1","heart_disease","I25.758","atherosclerosis of native coronary artery of transplanted heart with other forms of angina pectoris"
"1","heart_disease","I25.759","atherosclerosis of native coronary artery of transplanted heart with unspecified angina pectoris"
"1","heart_disease","I25.76","atherosclerosis of bypass graft of coronary artery of transplanted heart with angina pectoris"
"1","heart_disease","I25.760","atherosclerosis of bypass graft of coronary artery of transplanted heart with unstable angina"
"1","heart_disease","I25.761","atherosclerosis of bypass graft of coronary artery of transplanted heart with angina pectoris with documented spasm"
"1","heart_disease","I25.762","atherosclerosis of bypass graft of coronary artery of transplanted heart with refractory angina pectoris"
"1","heart_disease","I25.768","atherosclerosis of bypass graft of coronary artery of transplanted heart with other forms of angina pectoris"
"1","heart_disease","I25.769","atherosclerosis of bypass graft of coronary artery of transplanted heart with unspecified angina pectoris"
"1","heart_disease","I25.79","atherosclerosis of other coronary artery bypass graft(s) with angina pectoris"
"1","heart_disease","I25.790","atherosclerosis of other coronary artery bypass graft(s) with unstable angina pectoris"
"1","heart_disease","I25.791","atherosclerosis of other coronary artery bypass graft(s) with angina pectoris with documented spasm"
"1","heart_disease","I25.792","atherosclerosis of other coronary artery bypass graft(s) with refractory angina pectoris"
"1","heart_disease","I25.798","atherosclerosis of other coronary artery bypass graft(s) with other forms of angina pectoris"
"1","heart_disease","I25.799","atherosclerosis of other coronary artery bypass graft(s) with unspecified angina pectoris"
"1","heart_disease","I25.8","other forms of chronic ischemic heart disease"
"1","heart_disease","I25.81","atherosclerosis of other coronary vessels without angina pectoris"
"1","heart_disease","I25.810","atherosclerosis of coronary artery bypass graft(s) without angina pectoris"
"1","heart_disease","I25.811","atherosclerosis of native coronary artery of transplanted heart without angina pectoris"
"1","heart_disease","I25.812","atherosclerosis of bypass graft of coronary artery of transplanted heart without angina pectoris"
"1","heart_disease","I25.82","chronic total occlusion of coronary artery"
"1","heart_disease","I25.83","coronary atherosclerosis due to lipid rich plaque"
"1","heart_disease","I25.84","coronary atherosclerosis due to calcified coronary lesion"
"1","heart_disease","I25.89","other forms of chronic ischemic heart disease"
"1","heart_disease","I25.9","chronic ischemic heart disease, unspecified"
"1","heart_disease","I26","pulmonary embolism"
"1","heart_disease","I26.0","pulmonary embolism with acute cor pulmonale"
"1","heart_disease","I26.01","septic pulmonary embolism with acute cor pulmonale"
"1","heart_disease","I26.02","saddle embolus of pulmonary artery with acute cor pulmonale"
"1","heart_disease","I26.09","other pulmonary embolism with acute cor pulmonale"
"1","heart_disease","I26.9","pulmonary embolism without acute cor pulmonale"
"1","heart_disease","I26.90","septic pulmonary embolism without acute cor pulmonale"
"1","heart_disease","I26.92","saddle embolus of pulmonary artery without acute cor pulmonale"
"1","heart_disease","I26.93","single subsegmental pulmonary embolism without acute cor pulmonale"
"1","heart_disease","I26.94","multiple subsegmental pulmonary emboli without acute cor pulmonale"
"1","heart_disease","I26.99","other pulmonary embolism without acute cor pulmonale"
"1","heart_disease","I27","other pulmonary heart diseases"
"1","heart_disease","I27.0","primary pulmonary hypertension"
"1","heart_disease","I27.1","kyphoscoliotic heart disease"
"1","heart_disease","I27.2","other secondary pulmonary hypertension"
"1","heart_disease","I27.20","pulmonary hypertension, unspecified"
"1","heart_disease","I27.21","secondary pulmonary arterial hypertension"
"1","heart_disease","I27.22","pulmonary hypertension due to left heart disease"
"1","heart_disease","I27.23","pulmonary hypertension due to lung diseases and hypoxia"
"1","heart_disease","I27.24","chronic thromboembolic pulmonary hypertension"
"1","heart_disease","I27.29","other secondary pulmonary hypertension"
"1","heart_disease","I27.8","other specified pulmonary heart diseases"
"1","heart_disease","I27.81","cor pulmonale (chronic)"
"1","heart_disease","I27.82","chronic pulmonary embolism"
"1","heart_disease","I27.83","eisenmenger's syndrome"
"1","heart_disease","I27.89","other specified pulmonary heart diseases"
"1","heart_disease","I27.9","pulmonary heart disease, unspecified"
"1","heart_disease","I28","other diseases of pulmonary vessels"
"1","heart_disease","I28.0","arteriovenous fistula of pulmonary vessels"
"1","heart_disease","I28.1","aneurysm of pulmonary artery"
"1","heart_disease","I28.8","other diseases of pulmonary vessels"
"1","heart_disease","I28.9","disease of pulmonary vessels, unspecified"
"1","heart_disease","I34","nonrheumatic mitral valve disorders"
"1","heart_disease","I34.0","nonrheumatic mitral (valve) insufficiency"
"1","heart_disease","I34.1","nonrheumatic mitral (valve) prolapse"
"1","heart_disease","I34.2","nonrheumatic mitral (valve) stenosis"
"1","heart_disease","I34.8","other nonrheumatic mitral valve disorders"
"1","heart_disease","I34.81","nonrheumatic mitral (valve) annulus calcification"
"1","heart_disease","I34.89","other nonrheumatic mitral valve disorders"
"1","heart_disease","I34.9","nonrheumatic mitral valve disorder, unspecified"
"1","heart_disease","I35","nonrheumatic aortic valve disorders"
"1","heart_disease","I35.0","nonrheumatic aortic (valve) stenosis"
"1","heart_disease","I35.1","nonrheumatic aortic (valve) insufficiency"
"1","heart_disease","I35.2","nonrheumatic aortic (valve) stenosis with insufficiency"
"1","heart_disease","I35.8","other nonrheumatic aortic valve disorders"
"1","heart_disease","I35.9","nonrheumatic aortic valve disorder, unspecified"
"1","heart_disease","I36","nonrheumatic tricuspid valve disorders"
"1","heart_disease","I36.0","nonrheumatic tricuspid (valve) stenosis"
"1","heart_disease","I36.1","nonrheumatic tricuspid (valve) insufficiency"
"1","heart_disease","I36.2","nonrheumatic tricuspid (valve) stenosis with insufficiency"
"1","heart_disease","I36.8","other nonrheumatic tricuspid valve disorders"
"1","heart_disease","I36.9","nonrheumatic tricuspid valve disorder, unspecified"
"1","heart_disease","I37","nonrheumatic pulmonary valve disorders"
"1","heart_disease","I37.0","nonrheumatic pulmonary valve stenosis"
"1","heart_disease","I37.1","nonrheumatic pulmonary valve insufficiency"
"1","heart_disease","I37.2","nonrheumatic pulmonary valve stenosis with insufficiency"
"1","heart_disease","I37.8","other nonrheumatic pulmonary valve disorders"
"1","heart_disease","I37.9","nonrheumatic pulmonary valve disorder, unspecified"
"1","heart_disease","I42","cardiomyopathy"
"1","heart_disease","I42.0","dilated cardiomyopathy"
"1","heart_disease","I42.1","obstructive hypertrophic cardiomyopathy"
"1","heart_disease","I42.2","other hypertrophic cardiomyopathy"
"1","heart_disease","I42.3","endomyocardial (eosinophilic) disease"
"1","heart_disease","I42.4","endocardial fibroelastosis"
"1","heart_disease","I42.5","other restrictive cardiomyopathy"
"1","heart_disease","I42.6","alcoholic cardiomyopathy"
"1","heart_disease","I42.7","cardiomyopathy due to drug and external agent"
"1","heart_disease","I42.8","other cardiomyopathies"
"1","heart_disease","I42.9","cardiomyopathy, unspecified"
"1","heart_disease","I44","atrioventricular and left bundle-branch block"
"1","heart_disease","I44.0","atrioventricular block, first degree"
"1","heart_disease","I44.1","atrioventricular block, second degree"
"1","heart_disease","I44.2","atrioventricular block, complete"
"1","heart_disease","I44.3","other and unspecified atrioventricular block"
"1","heart_disease","I44.30","unspecified atrioventricular block"
"1","heart_disease","I44.39","other atrioventricular block"
"1","heart_disease","I44.4","left anterior fascicular block"
"1","heart_disease","I44.5","left posterior fascicular block"
"1","heart_disease","I44.6","other and unspecified fascicular block"
"1","heart_disease","I44.60","unspecified fascicular block"
"1","heart_disease","I44.69","other fascicular block"
"1","heart_disease","I44.7","left bundle-branch block, unspecified"
"1","heart_disease","I45","other conduction disorders"
"1","heart_disease","I45.0","right fascicular block"
"1","heart_disease","I45.1","other and unspecified right bundle-branch block"
"1","heart_disease","I45.10","unspecified right bundle-branch block"
"1","heart_disease","I45.19","other right bundle-branch block"
"1","heart_disease","I45.2","bifascicular block"
"1","heart_disease","I45.3","trifascicular block"
"1","heart_disease","I45.4","nonspecific intraventricular block"
"1","heart_disease","I45.5","other specified heart block"
"1","heart_disease","I45.6","pre-excitation syndrome"
"1","heart_disease","I45.8","other specified conduction disorders"
"1","heart_disease","I45.81","long qt syndrome"
"1","heart_disease","I45.89","other specified conduction disorders"
"1","heart_disease","I45.9","conduction disorder, unspecified"
"1","heart_disease","I46","cardiac arrest"
"1","heart_disease","I46.2","cardiac arrest due to underlying cardiac condition"
"1","heart_disease","I46.8","cardiac arrest due to other underlying condition"
"1","heart_disease","I46.9","cardiac arrest, cause unspecified"
"1","heart_disease","I47","paroxysmal tachycardia"
"1","heart_disease","I47.0","re-entry ventricular arrhythmia"
"1","heart_disease","I47.1","supraventricular tachycardia"
"1","heart_disease","I47.2","ventricular tachycardia"
"1","heart_disease","I47.20","ventricular tachycardia, unspecified"
"1","heart_disease","I47.21","torsades de pointes"
"1","heart_disease","I47.29","other ventricular tachycardia"
"1","heart_disease","I47.9","paroxysmal tachycardia, unspecified"
"1","heart_disease","I48","atrial fibrillation and flutter"
"1","heart_disease","I48.0","paroxysmal atrial fibrillation"
"1","heart_disease","I48.1","persistent atrial fibrillation"
"1","heart_disease","I48.11","longstanding persistent atrial fibrillation"
"1","heart_disease","I48.19","other persistent atrial fibrillation"
"1","heart_disease","I48.2","chronic atrial fibrillation"
"1","heart_disease","I48.20","chronic atrial fibrillation, unspecified"
"1","heart_disease","I48.21","permanent atrial fibrillation"
"1","heart_disease","I48.3","typical atrial flutter"
"1","heart_disease","I48.4","atypical atrial flutter"
"1","heart_disease","I48.9","unspecified atrial fibrillation and atrial flutter"
"1","heart_disease","I48.91","unspecified atrial fibrillation"
"1","heart_disease","I48.92","unspecified atrial flutter"
"1","heart_disease","I49","other cardiac arrhythmias"
"1","heart_disease","I49.0","ventricular fibrillation and flutter"
"1","heart_disease","I49.01","ventricular fibrillation"
"1","heart_disease","I49.02","ventricular flutter"
"1","heart_disease","I49.1","atrial premature depolarization"
"1","heart_disease","I49.2","junctional premature depolarization"
"1","heart_disease","I49.3","ventricular premature depolarization"
"1","heart_disease","I49.4","other and unspecified premature depolarization"
"1","heart_disease","I49.40","unspecified premature depolarization"
"1","heart_disease","I49.49","other premature depolarization"
"1","heart_disease","I49.5","sick sinus syndrome"
"1","heart_disease","I49.8","other specified cardiac arrhythmias"
"1","heart_disease","I49.9","cardiac arrhythmia, unspecified"
"1","heart_disease","I50","heart failure"
"1","heart_disease","I50.1","left ventricular failure, unspecified"
"1","heart_disease","I50.2","systolic (congestive) heart failure"
"1","heart_disease","I50.20","unspecified systolic (congestive) heart failure"
"1","heart_disease","I50.21","acute systolic (congestive) heart failure"
"1","heart_disease","I50.22","chronic systolic (congestive) heart failure"
"1","heart_disease","I50.23","acute on chronic systolic (congestive) heart failure"
"1","heart_disease","I50.3","diastolic (congestive) heart failure"
"1","heart_disease","I50.30","unspecified diastolic (congestive) heart failure"
"1","heart_disease","I50.31","acute diastolic (congestive) heart failure"
"1","heart_disease","I50.32","chronic diastolic (congestive) heart failure"
"1","heart_disease","I50.33","acute on chronic diastolic (congestive) heart failure"
"1","heart_disease","I50.4","combined systolic (congestive) and diastolic (congestive) heart failure"
"1","heart_disease","I50.40","unspecified combined systolic (congestive) and diastolic (congestive) heart failure"
"1","heart_disease","I50.41","acute combined systolic (congestive) and diastolic (congestive) heart failure"
"1","heart_disease","I50.42","chronic combined systolic (congestive) and diastolic (congestive) heart failure"
"1","heart_disease","I50.43","acute on chronic combined systolic (congestive) and diastolic (congestive) heart failure"
"1","heart_disease","I50.8","other heart failure"
"1","heart_disease","I50.81","right heart failure"
"1","heart_disease","I50.810","right heart failure, unspecified"
"1","heart_disease","I50.811","acute right heart failure"
"1","heart_disease","I50.812","chronic right heart failure"
"1","heart_disease","I50.813","acute on chronic right heart failure"
"1","heart_disease","I50.814","right heart failure due to left heart failure"
"1","heart_disease","I50.82","biventricular heart failure"
"1","heart_disease","I50.83","high output heart failure"
"1","heart_disease","I50.84","end stage heart failure"
"1","heart_disease","I50.89","other heart failure"
"1","heart_disease","I50.9","heart failure, unspecified"
"1","heart_disease","I11.0","hypertensive heart disease with heart failure"
"1","heart_disease","I13.0","hypertensive heart and chronic kidney disease with heart failure and stage 1 through stage 4 chronic kidney disease, or unspecified chronic kidney disease"
"1","heart_disease","I13.2","hypertensive heart and chronic kidney disease with heart failure and with stage 5 chronic kidney disease, or end stage renal disease"
"1","heart_disease","I43","cardiomyopathy in diseases classified elsewhere"
"1","heart_disease","Q22","congenital malformations of pulmonary and tricuspid valves"
"1","heart_disease","Q22.0","pulmonary valve atresia"
"1","heart_disease","Q22.1","congenital pulmonary valve stenosis"
"1","heart_disease","Q22.2","congenital pulmonary valve insufficiency"
"1","heart_disease","Q22.3","other congenital malformations of pulmonary valve"
"1","heart_disease","Q22.8","other congenital malformations of tricuspid valve"
"1","heart_disease","Q22.9","congenital malformation of tricuspid valve, unspecified"
"1","heart_disease","Q23","congenital malformations of aortic and mitral valves"
"1","heart_disease","Q23.0","congenital stenosis of aortic valve"
"1","heart_disease","Q23.1","congenital insufficiency of aortic valve"
"1","heart_disease","Q23.8","other congenital malformations of aortic and mitral valves"
"1","heart_disease","Q23.9","congenital malformation of aortic and mitral valves, unspecified"
"2","hypertension","I10","essential (primary) hypertension"
"2","hypertension","I11","hypertensive heart disease"
"2","hypertension","I11.9","hypertensive heart disease without heart failure"
"2","hypertension","I15","secondary hypertension"
"2","hypertension","I15.0","renovascular hypertension"
"2","hypertension","I15.1","hypertension secondary to other renal disorders"
"2","hypertension","I15.2","hypertension secondary to endocrine disorders"
"2","hypertension","I15.8","other secondary hypertension"
"2","hypertension","I15.9","secondary hypertension, unspecified"
"3","lung","J41","simple and mucopurulent chronic bronchitis"
"3","lung","J41.0","simple chronic bronchitis"
"3","lung","J41.1","mucopurulent chronic bronchitis"
"3","lung","J41.8","mixed simple and mucopurulent chronic bronchitis"
"3","lung","J42","unspecified chronic bronchitis"
"3","lung","J43","emphysema"
"3","lung","J43.0","unilateral pulmonary emphysema [macleod's syndrome]"
"3","lung","J43.1","panlobular emphysema"
"3","lung","J43.2","centrilobular emphysema"
"3","lung","J43.8","other emphysema"
"3","lung","J43.9","emphysema, unspecified"
"3","lung","J44","other chronic obstructive pulmonary disease"
"3","lung","J44.0","chronic obstructive pulmonary disease with (acute) lower respiratory infection"
"3","lung","J44.1","chronic obstructive pulmonary disease with (acute) exacerbation"
"3","lung","J44.9","chronic obstructive pulmonary disease, unspecified"
"3","lung","J47","bronchiectasis"
"3","lung","J47.0","bronchiectasis with acute lower respiratory infection"
"3","lung","J47.1","bronchiectasis with (acute) exacerbation"
"3","lung","J47.9","bronchiectasis, uncomplicated"
"3","lung","J60","coalworker's pneumoconiosis"
"3","lung","J61","pneumoconiosis due to asbestos and other mineral fibers"
"3","lung","J62","pneumoconiosis due to dust containing silica"
"3","lung","J62.0","pneumoconiosis due to talc dust"
"3","lung","J62.8","pneumoconiosis due to other dust containing silica"
"3","lung","J63","pneumoconiosis due to other inorganic dusts"
"3","lung","J63.0","aluminosis (of lung)"
"3","lung","J63.1","bauxite fibrosis (of lung)"
"3","lung","J63.2","berylliosis"
"3","lung","J63.3","graphite fibrosis (of lung)"
"3","lung","J63.4","siderosis"
"3","lung","J63.5","stannosis"
"3","lung","J63.6","pneumoconiosis due to other specified inorganic dusts"
"3","lung","J64","unspecified pneumoconiosis"
"3","lung","J65","pneumoconiosis associated with tuberculosis"
"3","lung","J67","hypersensitivity pneumonitis due to organic dust"
"3","lung","J67.0","farmer's lung"
"3","lung","J67.1","bagassosis"
"3","lung","J67.2","bird fancier's lung"
"3","lung","J67.3","suberosis"
"3","lung","J67.4","maltworker's lung"
"3","lung","J67.5","mushroom-worker's lung"
"3","lung","J67.6","maple-bark-stripper's lung"
"3","lung","J67.7","air conditioner and humidifier lung"
"3","lung","J67.8","hypersensitivity pneumonitis due to other organic dusts"
"3","lung","J67.9","hypersensitivity pneumonitis due to unspecified organic dust"
"3","lung","J70","respiratory conditions due to other external agents"
"3","lung","J70.0","acute pulmonary manifestations due to radiation"
"3","lung","J70.1","chronic and other pulmonary manifestations due to radiation"
"3","lung","J70.2","acute drug-induced interstitial lung disorders"
"3","lung","J70.3","chronic drug-induced interstitial lung disorders"
"3","lung","J70.4","drug-induced interstitial lung disorders, unspecified"
"3","lung","J70.5","respiratory conditions due to smoke inhalation"
"3","lung","J70.8","respiratory conditions due to other specified external agents"
"3","lung","J70.9","respiratory conditions due to unspecified external agent"
"3","lung","J84","other interstitial pulmonary diseases"
"3","lung","J84.0","alveolar and parieto-alveolar conditions"
"3","lung","J84.01","alveolar proteinosis"
"3","lung","J84.02","pulmonary alveolar microlithiasis"
"3","lung","J84.03","idiopathic pulmonary hemosiderosis"
"3","lung","J84.09","other alveolar and parieto-alveolar conditions"
"3","lung","J84.1","other interstitial pulmonary diseases with fibrosis"
"3","lung","J84.10","pulmonary fibrosis, unspecified"
"3","lung","J84.11","idiopathic interstitial pneumonia"
"3","lung","J84.111","idiopathic interstitial pneumonia, not otherwise specified"
"3","lung","J84.112","idiopathic pulmonary fibrosis"
"3","lung","J84.113","idiopathic non-specific interstitial pneumonitis"
"3","lung","J84.114","acute interstitial pneumonitis"
"3","lung","J84.115","respiratory bronchiolitis interstitial lung disease"
"3","lung","J84.116","cryptogenic organizing pneumonia"
"3","lung","J84.117","desquamative interstitial pneumonia"
"3","lung","J84.17","other interstitial pulmonary diseases with fibrosis in diseases classified elsewhere"
"3","lung","J84.170","interstitial lung disease with progressive fibrotic phenotype in diseases classified elsewhere"
"3","lung","J84.178","other interstitial pulmonary diseases with fibrosis in diseases classified elsewhere"
"3","lung","J84.2","lymphoid interstitial pneumonia"
"3","lung","J84.8","other specified interstitial pulmonary diseases"
"3","lung","J84.81","lymphangioleiomyomatosis"
"3","lung","J84.82","adult pulmonary langerhans cell histiocytosis"
"3","lung","J84.83","surfactant mutations of the lung"
"3","lung","J84.84","other interstitial lung diseases of childhood"
"3","lung","J84.841","neuroendocrine cell hyperplasia of infancy"
"3","lung","J84.842","pulmonary interstitial glycogenosis"
"3","lung","J84.843","alveolar capillary dysplasia with vein misalignment"
"3","lung","J84.848","other interstitial lung diseases of childhood"
"3","lung","J84.89","other specified interstitial pulmonary diseases"
"3","lung","J84.9","interstitial pulmonary disease, unspecified"
"3","lung","J98.2","interstitial emphysema"
"4","asthma","J45","asthma"
"4","asthma","J45.2","mild intermittent asthma"
"4","asthma","J45.20","mild intermittent asthma, uncomplicated"
"4","asthma","J45.21","mild intermittent asthma with (acute) exacerbation"
"4","asthma","J45.22","mild intermittent asthma with status asthmaticus"
"4","asthma","J45.3","mild persistent asthma"
"4","asthma","J45.30","mild persistent asthma, uncomplicated"
"4","asthma","J45.31","mild persistent asthma with (acute) exacerbation"
"4","asthma","J45.32","mild persistent asthma with status asthmaticus"
"4","asthma","J45.4","moderate persistent asthma"
"4","asthma","J45.40","moderate persistent asthma, uncomplicated"
"4","asthma","J45.41","moderate persistent asthma with (acute) exacerbation"
"4","asthma","J45.42","moderate persistent asthma with status asthmaticus"
"4","asthma","J45.5","severe persistent asthma"
"4","asthma","J45.50","severe persistent asthma, uncomplicated"
"4","asthma","J45.51","severe persistent asthma with (acute) exacerbation"
"4","asthma","J45.52","severe persistent asthma with status asthmaticus"
"4","asthma","J45.9","other and unspecified asthma"
"4","asthma","J45.90","unspecified asthma"
"4","asthma","J45.901","unspecified asthma with (acute) exacerbation"
"4","asthma","J45.902","unspecified asthma with status asthmaticus"
"4","asthma","J45.909","unspecified asthma, uncomplicated"
"4","asthma","J45.99","other asthma"
"4","asthma","J45.990","exercise induced bronchospasm"
"4","asthma","J45.991","cough variant asthma"
"4","asthma","J45.998","other asthma"
"5","cancer","C00","malignant neoplasm of lip"
"5","cancer","C00.0","malignant neoplasm of external upper lip"
"5","cancer","C00.1","malignant neoplasm of external lower lip"
"5","cancer","C00.2","malignant neoplasm of external lip, unspecified"
"5","cancer","C00.3","malignant neoplasm of upper lip, inner aspect"
"5","cancer","C00.4","malignant neoplasm of lower lip, inner aspect"
"5","cancer","C00.5","malignant neoplasm of lip, unspecified, inner aspect"
"5","cancer","C00.6","malignant neoplasm of commissure of lip, unspecified"
"5","cancer","C00.8","malignant neoplasm of overlapping sites of lip"
"5","cancer","C00.9","malignant neoplasm of lip, unspecified"
"5","cancer","C01","malignant neoplasm of base of tongue"
"5","cancer","C02","malignant neoplasm of other and unspecified parts of tongue"
"5","cancer","C02.0","malignant neoplasm of dorsal surface of tongue"
"5","cancer","C02.1","malignant neoplasm of border of tongue"
"5","cancer","C02.2","malignant neoplasm of ventral surface of tongue"
"5","cancer","C02.3","malignant neoplasm of anterior two-thirds of tongue, part unspecified"
"5","cancer","C02.4","malignant neoplasm of lingual tonsil"
"5","cancer","C02.8","malignant neoplasm of overlapping sites of tongue"
"5","cancer","C02.9","malignant neoplasm of tongue, unspecified"
"5","cancer","C03","malignant neoplasm of gum"
"5","cancer","C03.0","malignant neoplasm of upper gum"
"5","cancer","C03.1","malignant neoplasm of lower gum"
"5","cancer","C03.9","malignant neoplasm of gum, unspecified"
"5","cancer","C04","malignant neoplasm of floor of mouth"
"5","cancer","C04.0","malignant neoplasm of anterior floor of mouth"
"5","cancer","C04.1","malignant neoplasm of lateral floor of mouth"
"5","cancer","C04.8","malignant neoplasm of overlapping sites of floor of mouth"
"5","cancer","C04.9","malignant neoplasm of floor of mouth, unspecified"
"5","cancer","C05","malignant neoplasm of palate"
"5","cancer","C05.0","malignant neoplasm of hard palate"
"5","cancer","C05.1","malignant neoplasm of soft palate"
"5","cancer","C05.2","malignant neoplasm of uvula"
"5","cancer","C05.8","malignant neoplasm of overlapping sites of palate"
"5","cancer","C05.9","malignant neoplasm of palate, unspecified"
"5","cancer","C06","malignant neoplasm of other and unspecified parts of mouth"
"5","cancer","C06.0","malignant neoplasm of cheek mucosa"
"5","cancer","C06.1","malignant neoplasm of vestibule of mouth"
"5","cancer","C06.2","malignant neoplasm of retromolar area"
"5","cancer","C06.8","malignant neoplasm of overlapping sites of other and unspecified parts of mouth"
"5","cancer","C06.80","malignant neoplasm of overlapping sites of unspecified parts of mouth"
"5","cancer","C06.89","malignant neoplasm of overlapping sites of other parts of mouth"
"5","cancer","C06.9","malignant neoplasm of mouth, unspecified"
"5","cancer","C07","malignant neoplasm of parotid gland"
"5","cancer","C08","malignant neoplasm of other and unspecified major salivary glands"
"5","cancer","C08.0","malignant neoplasm of submandibular gland"
"5","cancer","C08.1","malignant neoplasm of sublingual gland"
"5","cancer","C08.9","malignant neoplasm of major salivary gland, unspecified"
"5","cancer","C09","malignant neoplasm of tonsil"
"5","cancer","C09.0","malignant neoplasm of tonsillar fossa"
"5","cancer","C09.1","malignant neoplasm of tonsillar pillar (anterior) (posterior)"
"5","cancer","C09.8","malignant neoplasm of overlapping sites of tonsil"
"5","cancer","C09.9","malignant neoplasm of tonsil, unspecified"
"5","cancer","C10","malignant neoplasm of oropharynx"
"5","cancer","C10.0","malignant neoplasm of vallecula"
"5","cancer","C10.1","malignant neoplasm of anterior surface of epiglottis"
"5","cancer","C10.2","malignant neoplasm of lateral wall of oropharynx"
"5","cancer","C10.3","malignant neoplasm of posterior wall of oropharynx"
"5","cancer","C10.4","malignant neoplasm of branchial cleft"
"5","cancer","C10.8","malignant neoplasm of overlapping sites of oropharynx"
"5","cancer","C10.9","malignant neoplasm of oropharynx, unspecified"
"5","cancer","C11","malignant neoplasm of nasopharynx"
"5","cancer","C11.0","malignant neoplasm of superior wall of nasopharynx"
"5","cancer","C11.1","malignant neoplasm of posterior wall of nasopharynx"
"5","cancer","C11.2","malignant neoplasm of lateral wall of nasopharynx"
"5","cancer","C11.3","malignant neoplasm of anterior wall of nasopharynx"
"5","cancer","C11.8","malignant neoplasm of overlapping sites of nasopharynx"
"5","cancer","C11.9","malignant neoplasm of nasopharynx, unspecified"
"5","cancer","C12","malignant neoplasm of pyriform sinus"
"5","cancer","C13","malignant neoplasm of hypopharynx"
"5","cancer","C13.0","malignant neoplasm of postcricoid region"
"5","cancer","C13.1","malignant neoplasm of aryepiglottic fold, hypopharyngeal aspect"
"5","cancer","C13.2","malignant neoplasm of posterior wall of hypopharynx"
"5","cancer","C13.8","malignant neoplasm of overlapping sites of hypopharynx"
"5","cancer","C13.9","malignant neoplasm of hypopharynx, unspecified"
"5","cancer","C14","malignant neoplasm of other and ill-defined sites in the lip, oral cavity and pharynx"
"5","cancer","C14.0","malignant neoplasm of pharynx, unspecified"
"5","cancer","C14.2","malignant neoplasm of waldeyer's ring"
"5","cancer","C14.8","malignant neoplasm of overlapping sites of lip, oral cavity and pharynx"
"5","cancer","C15","malignant neoplasm of esophagus"
"5","cancer","C15.3","malignant neoplasm of upper third of esophagus"
"5","cancer","C15.4","malignant neoplasm of middle third of esophagus"
"5","cancer","C15.5","malignant neoplasm of lower third of esophagus"
"5","cancer","C15.8","malignant neoplasm of overlapping sites of esophagus"
"5","cancer","C15.9","malignant neoplasm of esophagus, unspecified"
"5","cancer","C16","malignant neoplasm of stomach"
"5","cancer","C16.0","malignant neoplasm of cardia"
"5","cancer","C16.1","malignant neoplasm of fundus of stomach"
"5","cancer","C16.2","malignant neoplasm of body of stomach"
"5","cancer","C16.3","malignant neoplasm of pyloric antrum"
"5","cancer","C16.4","malignant neoplasm of pylorus"
"5","cancer","C16.5","malignant neoplasm of lesser curvature of stomach, unspecified"
"5","cancer","C16.6","malignant neoplasm of greater curvature of stomach, unspecified"
"5","cancer","C16.8","malignant neoplasm of overlapping sites of stomach"
"5","cancer","C16.9","malignant neoplasm of stomach, unspecified"
"5","cancer","C17","malignant neoplasm of small intestine"
"5","cancer","C17.0","malignant neoplasm of duodenum"
"5","cancer","C17.1","malignant neoplasm of jejunum"
"5","cancer","C17.2","malignant neoplasm of ileum"
"5","cancer","C17.3","meckel's diverticulum, malignant"
"5","cancer","C17.8","malignant neoplasm of overlapping sites of small intestine"
"5","cancer","C17.9","malignant neoplasm of small intestine, unspecified"
"5","cancer","C18","malignant neoplasm of colon"
"5","cancer","C18.0","malignant neoplasm of cecum"
"5","cancer","C18.1","malignant neoplasm of appendix"
"5","cancer","C18.2","malignant neoplasm of ascending colon"
"5","cancer","C18.3","malignant neoplasm of hepatic flexure"
"5","cancer","C18.4","malignant neoplasm of transverse colon"
"5","cancer","C18.5","malignant neoplasm of splenic flexure"
"5","cancer","C18.6","malignant neoplasm of descending colon"
"5","cancer","C18.7","malignant neoplasm of sigmoid colon"
"5","cancer","C18.8","malignant neoplasm of overlapping sites of colon"
"5","cancer","C18.9","malignant neoplasm of colon, unspecified"
"5","cancer","C19","malignant neoplasm of rectosigmoid junction"
"5","cancer","C20","malignant neoplasm of rectum"
"5","cancer","C21","malignant neoplasm of anus and anal canal"
"5","cancer","C21.0","malignant neoplasm of anus, unspecified"
"5","cancer","C21.1","malignant neoplasm of anal canal"
"5","cancer","C21.2","malignant neoplasm of cloacogenic zone"
"5","cancer","C21.8","malignant neoplasm of overlapping sites of rectum, anus and anal canal"
"5","cancer","C22","malignant neoplasm of liver and intrahepatic bile ducts"
"5","cancer","C22.0","liver cell carcinoma"
"5","cancer","C22.1","intrahepatic bile duct carcinoma"
"5","cancer","C22.2","hepatoblastoma"
"5","cancer","C22.3","angiosarcoma of liver"
"5","cancer","C22.4","other sarcomas of liver"
"5","cancer","C22.7","other specified carcinomas of liver"
"5","cancer","C22.8","malignant neoplasm of liver, primary, unspecified as to type"
"5","cancer","C22.9","malignant neoplasm of liver, not specified as primary or secondary"
"5","cancer","C23","malignant neoplasm of gallbladder"
"5","cancer","C24","malignant neoplasm of other and unspecified parts of biliary tract"
"5","cancer","C24.0","malignant neoplasm of extrahepatic bile duct"
"5","cancer","C24.1","malignant neoplasm of ampulla of vater"
"5","cancer","C24.8","malignant neoplasm of overlapping sites of biliary tract"
"5","cancer","C24.9","malignant neoplasm of biliary tract, unspecified"
"5","cancer","C25","malignant neoplasm of pancreas"
"5","cancer","C25.0","malignant neoplasm of head of pancreas"
"5","cancer","C25.1","malignant neoplasm of body of pancreas"
"5","cancer","C25.2","malignant neoplasm of tail of pancreas"
"5","cancer","C25.3","malignant neoplasm of pancreatic duct"
"5","cancer","C25.4","malignant neoplasm of endocrine pancreas"
"5","cancer","C25.7","malignant neoplasm of other parts of pancreas"
"5","cancer","C25.8","malignant neoplasm of overlapping sites of pancreas"
"5","cancer","C25.9","malignant neoplasm of pancreas, unspecified"
"5","cancer","C26","malignant neoplasm of other and ill-defined digestive organs"
"5","cancer","C26.0","malignant neoplasm of intestinal tract, part unspecified"
"5","cancer","C26.1","malignant neoplasm of spleen"
"5","cancer","C26.9","malignant neoplasm of ill-defined sites within the digestive system"
"5","cancer","C30","malignant neoplasm of nasal cavity and middle ear"
"5","cancer","C30.0","malignant neoplasm of nasal cavity"
"5","cancer","C30.1","malignant neoplasm of middle ear"
"5","cancer","C31","malignant neoplasm of accessory sinuses"
"5","cancer","C31.0","malignant neoplasm of maxillary sinus"
"5","cancer","C31.1","malignant neoplasm of ethmoidal sinus"
"5","cancer","C31.2","malignant neoplasm of frontal sinus"
"5","cancer","C31.3","malignant neoplasm of sphenoid sinus"
"5","cancer","C31.8","malignant neoplasm of overlapping sites of accessory sinuses"
"5","cancer","C31.9","malignant neoplasm of accessory sinus, unspecified"
"5","cancer","C32","malignant neoplasm of larynx"
"5","cancer","C32.0","malignant neoplasm of glottis"
"5","cancer","C32.1","malignant neoplasm of supraglottis"
"5","cancer","C32.2","malignant neoplasm of subglottis"
"5","cancer","C32.3","malignant neoplasm of laryngeal cartilage"
"5","cancer","C32.8","malignant neoplasm of overlapping sites of larynx"
"5","cancer","C32.9","malignant neoplasm of larynx, unspecified"
"5","cancer","C33","malignant neoplasm of trachea"
"5","cancer","C34","malignant neoplasm of bronchus and lung"
"5","cancer","C34.0","malignant neoplasm of main bronchus"
"5","cancer","C34.00","malignant neoplasm of unspecified main bronchus"
"5","cancer","C34.01","malignant neoplasm of right main bronchus"
"5","cancer","C34.02","malignant neoplasm of left main bronchus"
"5","cancer","C34.1","malignant neoplasm of upper lobe, bronchus or lung"
"5","cancer","C34.10","malignant neoplasm of upper lobe, unspecified bronchus or lung"
"5","cancer","C34.11","malignant neoplasm of upper lobe, right bronchus or lung"
"5","cancer","C34.12","malignant neoplasm of upper lobe, left bronchus or lung"
"5","cancer","C34.2","malignant neoplasm of middle lobe, bronchus or lung"
"5","cancer","C34.3","malignant neoplasm of lower lobe, bronchus or lung"
"5","cancer","C34.30","malignant neoplasm of lower lobe, unspecified bronchus or lung"
"5","cancer","C34.31","malignant neoplasm of lower lobe, right bronchus or lung"
"5","cancer","C34.32","malignant neoplasm of lower lobe, left bronchus or lung"
"5","cancer","C34.8","malignant neoplasm of overlapping sites of bronchus and lung"
"5","cancer","C34.80","malignant neoplasm of overlapping sites of unspecified bronchus and lung"
"5","cancer","C34.81","malignant neoplasm of overlapping sites of right bronchus and lung"
"5","cancer","C34.82","malignant neoplasm of overlapping sites of left bronchus and lung"
"5","cancer","C34.9","malignant neoplasm of unspecified part of bronchus or lung"
"5","cancer","C34.90","malignant neoplasm of unspecified part of unspecified bronchus or lung"
"5","cancer","C34.91","malignant neoplasm of unspecified part of right bronchus or lung"
"5","cancer","C34.92","malignant neoplasm of unspecified part of left bronchus or lung"
"5","cancer","C37","malignant neoplasm of thymus"
"5","cancer","C38","malignant neoplasm of heart, mediastinum and pleura"
"5","cancer","C38.0","malignant neoplasm of heart"
"5","cancer","C38.1","malignant neoplasm of anterior mediastinum"
"5","cancer","C38.2","malignant neoplasm of posterior mediastinum"
"5","cancer","C38.3","malignant neoplasm of mediastinum, part unspecified"
"5","cancer","C38.4","malignant neoplasm of pleura"
"5","cancer","C38.8","malignant neoplasm of overlapping sites of heart, mediastinum and pleura"
"5","cancer","C39","malignant neoplasm of other and ill-defined sites in the respiratory system and intrathoracic organs"
"5","cancer","C39.0","malignant neoplasm of upper respiratory tract, part unspecified"
"5","cancer","C39.9","malignant neoplasm of lower respiratory tract, part unspecified"
"5","cancer","C40","malignant neoplasm of bone and articular cartilage of limbs"
"5","cancer","C40.0","malignant neoplasm of scapula and long bones of upper limb"
"5","cancer","C40.00","malignant neoplasm of scapula and long bones of unspecified upper limb"
"5","cancer","C40.01","malignant neoplasm of scapula and long bones of right upper limb"
"5","cancer","C40.02","malignant neoplasm of scapula and long bones of left upper limb"
"5","cancer","C40.1","malignant neoplasm of short bones of upper limb"
"5","cancer","C40.10","malignant neoplasm of short bones of unspecified upper limb"
"5","cancer","C40.11","malignant neoplasm of short bones of right upper limb"
"5","cancer","C40.12","malignant neoplasm of short bones of left upper limb"
"5","cancer","C40.2","malignant neoplasm of long bones of lower limb"
"5","cancer","C40.20","malignant neoplasm of long bones of unspecified lower limb"
"5","cancer","C40.21","malignant neoplasm of long bones of right lower limb"
"5","cancer","C40.22","malignant neoplasm of long bones of left lower limb"
"5","cancer","C40.3","malignant neoplasm of short bones of lower limb"
"5","cancer","C40.30","malignant neoplasm of short bones of unspecified lower limb"
"5","cancer","C40.31","malignant neoplasm of short bones of right lower limb"
"5","cancer","C40.32","malignant neoplasm of short bones of left lower limb"
"5","cancer","C40.8","malignant neoplasm of overlapping sites of bone and articular cartilage of limb"
"5","cancer","C40.80","malignant neoplasm of overlapping sites of bone and articular cartilage of unspecified limb"
"5","cancer","C40.81","malignant neoplasm of overlapping sites of bone and articular cartilage of right limb"
"5","cancer","C40.82","malignant neoplasm of overlapping sites of bone and articular cartilage of left limb"
"5","cancer","C40.9","malignant neoplasm of unspecified bones and articular cartilage of limb"
"5","cancer","C40.90","malignant neoplasm of unspecified bones and articular cartilage of unspecified limb"
"5","cancer","C40.91","malignant neoplasm of unspecified bones and articular cartilage of right limb"
"5","cancer","C40.92","malignant neoplasm of unspecified bones and articular cartilage of left limb"
"5","cancer","C41","malignant neoplasm of bone and articular cartilage of other and unspecified sites"
"5","cancer","C41.0","malignant neoplasm of bones of skull and face"
"5","cancer","C41.1","malignant neoplasm of mandible"
"5","cancer","C41.2","malignant neoplasm of vertebral column"
"5","cancer","C41.3","malignant neoplasm of ribs, sternum and clavicle"
"5","cancer","C41.4","malignant neoplasm of pelvic bones, sacrum and coccyx"
"5","cancer","C41.9","malignant neoplasm of bone and articular cartilage, unspecified"
"5","cancer","C43","malignant melanoma of skin"
"5","cancer","C43.0","malignant melanoma of lip"
"5","cancer","C43.1","malignant melanoma of eyelid, including canthus"
"5","cancer","C43.10","malignant melanoma of unspecified eyelid, including canthus"
"5","cancer","C43.11","malignant melanoma of right eyelid, including canthus"
"5","cancer","C43.111","malignant melanoma of right upper eyelid, including canthus"
"5","cancer","C43.112","malignant melanoma of right lower eyelid, including canthus"
"5","cancer","C43.12","malignant melanoma of left eyelid, including canthus"
"5","cancer","C43.121","malignant melanoma of left upper eyelid, including canthus"
"5","cancer","C43.122","malignant melanoma of left lower eyelid, including canthus"
"5","cancer","C43.2","malignant melanoma of ear and external auricular canal"
"5","cancer","C43.20","malignant melanoma of unspecified ear and external auricular canal"
"5","cancer","C43.21","malignant melanoma of right ear and external auricular canal"
"5","cancer","C43.22","malignant melanoma of left ear and external auricular canal"
"5","cancer","C43.3","malignant melanoma of other and unspecified parts of face"
"5","cancer","C43.30","malignant melanoma of unspecified part of face"
"5","cancer","C43.31","malignant melanoma of nose"
"5","cancer","C43.39","malignant melanoma of other parts of face"
"5","cancer","C43.4","malignant melanoma of scalp and neck"
"5","cancer","C43.5","malignant melanoma of trunk"
"5","cancer","C43.51","malignant melanoma of anal skin"
"5","cancer","C43.52","malignant melanoma of skin of breast"
"5","cancer","C43.59","malignant melanoma of other part of trunk"
"5","cancer","C43.6","malignant melanoma of upper limb, including shoulder"
"5","cancer","C43.60","malignant melanoma of unspecified upper limb, including shoulder"
"5","cancer","C43.61","malignant melanoma of right upper limb, including shoulder"
"5","cancer","C43.62","malignant melanoma of left upper limb, including shoulder"
"5","cancer","C43.7","malignant melanoma of lower limb, including hip"
"5","cancer","C43.70","malignant melanoma of unspecified lower limb, including hip"
"5","cancer","C43.71","malignant melanoma of right lower limb, including hip"
"5","cancer","C43.72","malignant melanoma of left lower limb, including hip"
"5","cancer","C43.8","malignant melanoma of overlapping sites of skin"
"5","cancer","C43.9","malignant melanoma of skin, unspecified"
"5","cancer","C44","other and unspecified malignant neoplasm of skin"
"5","cancer","C44.0","other and unspecified malignant neoplasm of skin of lip"
"5","cancer","C44.00","unspecified malignant neoplasm of skin of lip"
"5","cancer","C44.01","basal cell carcinoma of skin of lip"
"5","cancer","C44.02","squamous cell carcinoma of skin of lip"
"5","cancer","C44.09","other specified malignant neoplasm of skin of lip"
"5","cancer","C44.1","other and unspecified malignant neoplasm of skin of eyelid, including canthus"
"5","cancer","C44.10","unspecified malignant neoplasm of skin of eyelid, including canthus"
"5","cancer","C44.101","unspecified malignant neoplasm of skin of unspecified eyelid, including canthus"
"5","cancer","C44.102","unspecified malignant neoplasm of skin of right eyelid, including canthus"
"5","cancer","C44.1021","unspecified malignant neoplasm of skin of right upper eyelid, including canthus"
"5","cancer","C44.1022","unspecified malignant neoplasm of skin of right lower eyelid, including canthus"
"5","cancer","C44.109","unspecified malignant neoplasm of skin of left eyelid, including canthus"
"5","cancer","C44.1091","unspecified malignant neoplasm of skin of left upper eyelid, including canthus"
"5","cancer","C44.1092","unspecified malignant neoplasm of skin of left lower eyelid, including canthus"
"5","cancer","C44.11","basal cell carcinoma of skin of eyelid, including canthus"
"5","cancer","C44.111","basal cell carcinoma of skin of unspecified eyelid, including canthus"
"5","cancer","C44.112","basal cell carcinoma of skin of right eyelid, including canthus"
"5","cancer","C44.1121","basal cell carcinoma of skin of right upper eyelid, including canthus"
"5","cancer","C44.1122","basal cell carcinoma of skin of right lower eyelid, including canthus"
"5","cancer","C44.119","basal cell carcinoma of skin of left eyelid, including canthus"
"5","cancer","C44.1191","basal cell carcinoma of skin of left upper eyelid, including canthus"
"5","cancer","C44.1192","basal cell carcinoma of skin of left lower eyelid, including canthus"
"5","cancer","C44.12","squamous cell carcinoma of skin of eyelid, including canthus"
"5","cancer","C44.121","squamous cell carcinoma of skin of unspecified eyelid, including canthus"
"5","cancer","C44.122","squamous cell carcinoma of skin of right eyelid, including canthus"
"5","cancer","C44.1221","squamous cell carcinoma of skin of right upper eyelid, including canthus"
"5","cancer","C44.1222","squamous cell carcinoma of skin of right lower eyelid, including canthus"
"5","cancer","C44.129","squamous cell carcinoma of skin of left eyelid, including canthus"
"5","cancer","C44.1291","squamous cell carcinoma of skin of left upper eyelid, including canthus"
"5","cancer","C44.1292","squamous cell carcinoma of skin of left lower eyelid, including canthus"
"5","cancer","C44.13","sebaceous cell carcinoma of skin of eyelid, including canthus"
"5","cancer","C44.131","sebaceous cell carcinoma of skin of unspecified eyelid, including canthus"
"5","cancer","C44.132","sebaceous cell carcinoma of skin of right eyelid, including canthus"
"5","cancer","C44.1321","sebaceous cell carcinoma of skin of right upper eyelid, including canthus"
"5","cancer","C44.1322","sebaceous cell carcinoma of skin of right lower eyelid, including canthus"
"5","cancer","C44.139","sebaceous cell carcinoma of skin of left eyelid, including canthus"
"5","cancer","C44.1391","sebaceous cell carcinoma of skin of left upper eyelid, including canthus"
"5","cancer","C44.1392","sebaceous cell carcinoma of skin of left lower eyelid, including canthus"
"5","cancer","C44.19","other specified malignant neoplasm of skin of eyelid, including canthus"
"5","cancer","C44.191","other specified malignant neoplasm of skin of unspecified eyelid, including canthus"
"5","cancer","C44.192","other specified malignant neoplasm of skin of right eyelid, including canthus"
"5","cancer","C44.1921","other specified malignant neoplasm of skin of right upper eyelid, including canthus"
"5","cancer","C44.1922","other specified malignant neoplasm of skin of right lower eyelid, including canthus"
"5","cancer","C44.199","other specified malignant neoplasm of skin of left eyelid, including canthus"
"5","cancer","C44.1991","other specified malignant neoplasm of skin of left upper eyelid, including canthus"
"5","cancer","C44.1992","other specified malignant neoplasm of skin of left lower eyelid, including canthus"
"5","cancer","C44.2","other and unspecified malignant neoplasm of skin of ear and external auricular canal"
"5","cancer","C44.20","unspecified malignant neoplasm of skin of ear and external auricular canal"
"5","cancer","C44.201","unspecified malignant neoplasm of skin of unspecified ear and external auricular canal"
"5","cancer","C44.202","unspecified malignant neoplasm of skin of right ear and external auricular canal"
"5","cancer","C44.209","unspecified malignant neoplasm of skin of left ear and external auricular canal"
"5","cancer","C44.21","basal cell carcinoma of skin of ear and external auricular canal"
"5","cancer","C44.211","basal cell carcinoma of skin of unspecified ear and external auricular canal"
"5","cancer","C44.212","basal cell carcinoma of skin of right ear and external auricular canal"
"5","cancer","C44.219","basal cell carcinoma of skin of left ear and external auricular canal"
"5","cancer","C44.22","squamous cell carcinoma of skin of ear and external auricular canal"
"5","cancer","C44.221","squamous cell carcinoma of skin of unspecified ear and external auricular canal"
"5","cancer","C44.222","squamous cell carcinoma of skin of right ear and external auricular canal"
"5","cancer","C44.229","squamous cell carcinoma of skin of left ear and external auricular canal"
"5","cancer","C44.29","other specified malignant neoplasm of skin of ear and external auricular canal"
"5","cancer","C44.291","other specified malignant neoplasm of skin of unspecified ear and external auricular canal"
"5","cancer","C44.292","other specified malignant neoplasm of skin of right ear and external auricular canal"
"5","cancer","C44.299","other specified malignant neoplasm of skin of left ear and external auricular canal"
"5","cancer","C44.3","other and unspecified malignant neoplasm of skin of other and unspecified parts of face"
"5","cancer","C44.30","unspecified malignant neoplasm of skin of other and unspecified parts of face"
"5","cancer","C44.300","unspecified malignant neoplasm of skin of unspecified part of face"
"5","cancer","C44.301","unspecified malignant neoplasm of skin of nose"
"5","cancer","C44.309","unspecified malignant neoplasm of skin of other parts of face"
"5","cancer","C44.31","basal cell carcinoma of skin of other and unspecified parts of face"
"5","cancer","C44.310","basal cell carcinoma of skin of unspecified parts of face"
"5","cancer","C44.311","basal cell carcinoma of skin of nose"
"5","cancer","C44.319","basal cell carcinoma of skin of other parts of face"
"5","cancer","C44.32","squamous cell carcinoma of skin of other and unspecified parts of face"
"5","cancer","C44.320","squamous cell carcinoma of skin of unspecified parts of face"
"5","cancer","C44.321","squamous cell carcinoma of skin of nose"
"5","cancer","C44.329","squamous cell carcinoma of skin of other parts of face"
"5","cancer","C44.39","other specified malignant neoplasm of skin of other and unspecified parts of face"
"5","cancer","C44.390","other specified malignant neoplasm of skin of unspecified parts of face"
"5","cancer","C44.391","other specified malignant neoplasm of skin of nose"
"5","cancer","C44.399","other specified malignant neoplasm of skin of other parts of face"
"5","cancer","C44.4","other and unspecified malignant neoplasm of skin of scalp and neck"
"5","cancer","C44.40","unspecified malignant neoplasm of skin of scalp and neck"
"5","cancer","C44.41","basal cell carcinoma of skin of scalp and neck"
"5","cancer","C44.42","squamous cell carcinoma of skin of scalp and neck"
"5","cancer","C44.49","other specified malignant neoplasm of skin of scalp and neck"
"5","cancer","C44.5","other and unspecified malignant neoplasm of skin of trunk"
"5","cancer","C44.50","unspecified malignant neoplasm of skin of trunk"
"5","cancer","C44.500","unspecified malignant neoplasm of anal skin"
"5","cancer","C44.501","unspecified malignant neoplasm of skin of breast"
"5","cancer","C44.509","unspecified malignant neoplasm of skin of other part of trunk"
"5","cancer","C44.51","basal cell carcinoma of skin of trunk"
"5","cancer","C44.510","basal cell carcinoma of anal skin"
"5","cancer","C44.511","basal cell carcinoma of skin of breast"
"5","cancer","C44.519","basal cell carcinoma of skin of other part of trunk"
"5","cancer","C44.52","squamous cell carcinoma of skin of trunk"
"5","cancer","C44.520","squamous cell carcinoma of anal skin"
"5","cancer","C44.521","squamous cell carcinoma of skin of breast"
"5","cancer","C44.529","squamous cell carcinoma of skin of other part of trunk"
"5","cancer","C44.59","other specified malignant neoplasm of skin of trunk"
"5","cancer","C44.590","other specified malignant neoplasm of anal skin"
"5","cancer","C44.591","other specified malignant neoplasm of skin of breast"
"5","cancer","C44.599","other specified malignant neoplasm of skin of other part of trunk"
"5","cancer","C44.6","other and unspecified malignant neoplasm of skin of upper limb, including shoulder"
"5","cancer","C44.60","unspecified malignant neoplasm of skin of upper limb, including shoulder"
"5","cancer","C44.601","unspecified malignant neoplasm of skin of unspecified upper limb, including shoulder"
"5","cancer","C44.602","unspecified malignant neoplasm of skin of right upper limb, including shoulder"
"5","cancer","C44.609","unspecified malignant neoplasm of skin of left upper limb, including shoulder"
"5","cancer","C44.61","basal cell carcinoma of skin of upper limb, including shoulder"
"5","cancer","C44.611","basal cell carcinoma of skin of unspecified upper limb, including shoulder"
"5","cancer","C44.612","basal cell carcinoma of skin of right upper limb, including shoulder"
"5","cancer","C44.619","basal cell carcinoma of skin of left upper limb, including shoulder"
"5","cancer","C44.62","squamous cell carcinoma of skin of upper limb, including shoulder"
"5","cancer","C44.621","squamous cell carcinoma of skin of unspecified upper limb, including shoulder"
"5","cancer","C44.622","squamous cell carcinoma of skin of right upper limb, including shoulder"
"5","cancer","C44.629","squamous cell carcinoma of skin of left upper limb, including shoulder"
"5","cancer","C44.69","other specified malignant neoplasm of skin of upper limb, including shoulder"
"5","cancer","C44.691","other specified malignant neoplasm of skin of unspecified upper limb, including shoulder"
"5","cancer","C44.692","other specified malignant neoplasm of skin of right upper limb, including shoulder"
"5","cancer","C44.699","other specified malignant neoplasm of skin of left upper limb, including shoulder"
"5","cancer","C44.7","other and unspecified malignant neoplasm of skin of lower limb, including hip"
"5","cancer","C44.70","unspecified malignant neoplasm of skin of lower limb, including hip"
"5","cancer","C44.701","unspecified malignant neoplasm of skin of unspecified lower limb, including hip"
"5","cancer","C44.702","unspecified malignant neoplasm of skin of right lower limb, including hip"
"5","cancer","C44.709","unspecified malignant neoplasm of skin of left lower limb, including hip"
"5","cancer","C44.71","basal cell carcinoma of skin of lower limb, including hip"
"5","cancer","C44.711","basal cell carcinoma of skin of unspecified lower limb, including hip"
"5","cancer","C44.712","basal cell carcinoma of skin of right lower limb, including hip"
"5","cancer","C44.719","basal cell carcinoma of skin of left lower limb, including hip"
"5","cancer","C44.72","squamous cell carcinoma of skin of lower limb, including hip"
"5","cancer","C44.721","squamous cell carcinoma of skin of unspecified lower limb, including hip"
"5","cancer","C44.722","squamous cell carcinoma of skin of right lower limb, including hip"
"5","cancer","C44.729","squamous cell carcinoma of skin of left lower limb, including hip"
"5","cancer","C44.79","other specified malignant neoplasm of skin of lower limb, including hip"
"5","cancer","C44.791","other specified malignant neoplasm of skin of unspecified lower limb, including hip"
"5","cancer","C44.792","other specified malignant neoplasm of skin of right lower limb, including hip"
"5","cancer","C44.799","other specified malignant neoplasm of skin of left lower limb, including hip"
"5","cancer","C44.8","other and unspecified malignant neoplasm of overlapping sites of skin"
"5","cancer","C44.80","unspecified malignant neoplasm of overlapping sites of skin"
"5","cancer","C44.81","basal cell carcinoma of overlapping sites of skin"
"5","cancer","C44.82","squamous cell carcinoma of overlapping sites of skin"
"5","cancer","C44.89","other specified malignant neoplasm of overlapping sites of skin"
"5","cancer","C44.9","other and unspecified malignant neoplasm of skin, unspecified"
"5","cancer","C44.90","unspecified malignant neoplasm of skin, unspecified"
"5","cancer","C44.91","basal cell carcinoma of skin, unspecified"
"5","cancer","C44.92","squamous cell carcinoma of skin, unspecified"
"5","cancer","C44.99","other specified malignant neoplasm of skin, unspecified"
"5","cancer","C45","mesothelioma"
"5","cancer","C45.0","mesothelioma of pleura"
"5","cancer","C45.1","mesothelioma of peritoneum"
"5","cancer","C45.2","mesothelioma of pericardium"
"5","cancer","C45.7","mesothelioma of other sites"
"5","cancer","C45.9","mesothelioma, unspecified"
"5","cancer","C46","kaposi's sarcoma"
"5","cancer","C46.0","kaposi's sarcoma of skin"
"5","cancer","C46.1","kaposi's sarcoma of soft tissue"
"5","cancer","C46.2","kaposi's sarcoma of palate"
"5","cancer","C46.3","kaposi's sarcoma of lymph nodes"
"5","cancer","C46.4","kaposi's sarcoma of gastrointestinal sites"
"5","cancer","C46.5","kaposi's sarcoma of lung"
"5","cancer","C46.50","kaposi's sarcoma of unspecified lung"
"5","cancer","C46.51","kaposi's sarcoma of right lung"
"5","cancer","C46.52","kaposi's sarcoma of left lung"
"5","cancer","C46.7","kaposi's sarcoma of other sites"
"5","cancer","C46.9","kaposi's sarcoma, unspecified"
"5","cancer","C47","malignant neoplasm of peripheral nerves and autonomic nervous system"
"5","cancer","C47.0","malignant neoplasm of peripheral nerves of head, face and neck"
"5","cancer","C47.1","malignant neoplasm of peripheral nerves of upper limb, including shoulder"
"5","cancer","C47.10","malignant neoplasm of peripheral nerves of unspecified upper limb, including shoulder"
"5","cancer","C47.11","malignant neoplasm of peripheral nerves of right upper limb, including shoulder"
"5","cancer","C47.12","malignant neoplasm of peripheral nerves of left upper limb, including shoulder"
"5","cancer","C47.2","malignant neoplasm of peripheral nerves of lower limb, including hip"
"5","cancer","C47.20","malignant neoplasm of peripheral nerves of unspecified lower limb, including hip"
"5","cancer","C47.21","malignant neoplasm of peripheral nerves of right lower limb, including hip"
"5","cancer","C47.22","malignant neoplasm of peripheral nerves of left lower limb, including hip"
"5","cancer","C47.3","malignant neoplasm of peripheral nerves of thorax"
"5","cancer","C47.4","malignant neoplasm of peripheral nerves of abdomen"
"5","cancer","C47.5","malignant neoplasm of peripheral nerves of pelvis"
"5","cancer","C47.6","malignant neoplasm of peripheral nerves of trunk, unspecified"
"5","cancer","C47.8","malignant neoplasm of overlapping sites of peripheral nerves and autonomic nervous system"
"5","cancer","C47.9","malignant neoplasm of peripheral nerves and autonomic nervous system, unspecified"
"5","cancer","C48","malignant neoplasm of retroperitoneum and peritoneum"
"5","cancer","C48.0","malignant neoplasm of retroperitoneum"
"5","cancer","C48.1","malignant neoplasm of specified parts of peritoneum"
"5","cancer","C48.2","malignant neoplasm of peritoneum, unspecified"
"5","cancer","C48.8","malignant neoplasm of overlapping sites of retroperitoneum and peritoneum"
"5","cancer","C49","malignant neoplasm of other connective and soft tissue"
"5","cancer","C49.0","malignant neoplasm of connective and soft tissue of head, face and neck"
"5","cancer","C49.1","malignant neoplasm of connective and soft tissue of upper limb, including shoulder"
"5","cancer","C49.10","malignant neoplasm of connective and soft tissue of unspecified upper limb, including shoulder"
"5","cancer","C49.11","malignant neoplasm of connective and soft tissue of right upper limb, including shoulder"
"5","cancer","C49.12","malignant neoplasm of connective and soft tissue of left upper limb, including shoulder"
"5","cancer","C49.2","malignant neoplasm of connective and soft tissue of lower limb, including hip"
"5","cancer","C49.20","malignant neoplasm of connective and soft tissue of unspecified lower limb, including hip"
"5","cancer","C49.21","malignant neoplasm of connective and soft tissue of right lower limb, including hip"
"5","cancer","C49.22","malignant neoplasm of connective and soft tissue of left lower limb, including hip"
"5","cancer","C49.3","malignant neoplasm of connective and soft tissue of thorax"
"5","cancer","C49.4","malignant neoplasm of connective and soft tissue of abdomen"
"5","cancer","C49.5","malignant neoplasm of connective and soft tissue of pelvis"
"5","cancer","C49.6","malignant neoplasm of connective and soft tissue of trunk, unspecified"
"5","cancer","C49.8","malignant neoplasm of overlapping sites of connective and soft tissue"
"5","cancer","C49.9","malignant neoplasm of connective and soft tissue, unspecified"
"5","cancer","C49.A","gastrointestinal stromal tumor"
"5","cancer","C49.A0","gastrointestinal stromal tumor, unspecified site"
"5","cancer","C49.A1","gastrointestinal stromal tumor of esophagus"
"5","cancer","C49.A2","gastrointestinal stromal tumor of stomach"
"5","cancer","C49.A3","gastrointestinal stromal tumor of small intestine"
"5","cancer","C49.A4","gastrointestinal stromal tumor of large intestine"
"5","cancer","C49.A5","gastrointestinal stromal tumor of rectum"
"5","cancer","C49.A9","gastrointestinal stromal tumor of other sites"
"5","cancer","C50","malignant neoplasm of breast"
"5","cancer","C50.0","malignant neoplasm of nipple and areola"
"5","cancer","C50.01","malignant neoplasm of nipple and areola, female"
"5","cancer","C50.011","malignant neoplasm of nipple and areola, right female breast"
"5","cancer","C50.012","malignant neoplasm of nipple and areola, left female breast"
"5","cancer","C50.019","malignant neoplasm of nipple and areola, unspecified female breast"
"5","cancer","C50.02","malignant neoplasm of nipple and areola, male"
"5","cancer","C50.021","malignant neoplasm of nipple and areola, right male breast"
"5","cancer","C50.022","malignant neoplasm of nipple and areola, left male breast"
"5","cancer","C50.029","malignant neoplasm of nipple and areola, unspecified male breast"
"5","cancer","C50.1","malignant neoplasm of central portion of breast"
"5","cancer","C50.11","malignant neoplasm of central portion of breast, female"
"5","cancer","C50.111","malignant neoplasm of central portion of right female breast"
"5","cancer","C50.112","malignant neoplasm of central portion of left female breast"
"5","cancer","C50.119","malignant neoplasm of central portion of unspecified female breast"
"5","cancer","C50.12","malignant neoplasm of central portion of breast, male"
"5","cancer","C50.121","malignant neoplasm of central portion of right male breast"
"5","cancer","C50.122","malignant neoplasm of central portion of left male breast"
"5","cancer","C50.129","malignant neoplasm of central portion of unspecified male breast"
"5","cancer","C50.2","malignant neoplasm of upper-inner quadrant of breast"
"5","cancer","C50.21","malignant neoplasm of upper-inner quadrant of breast, female"
"5","cancer","C50.211","malignant neoplasm of upper-inner quadrant of right female breast"
"5","cancer","C50.212","malignant neoplasm of upper-inner quadrant of left female breast"
"5","cancer","C50.219","malignant neoplasm of upper-inner quadrant of unspecified female breast"
"5","cancer","C50.22","malignant neoplasm of upper-inner quadrant of breast, male"
"5","cancer","C50.221","malignant neoplasm of upper-inner quadrant of right male breast"
"5","cancer","C50.222","malignant neoplasm of upper-inner quadrant of left male breast"
"5","cancer","C50.229","malignant neoplasm of upper-inner quadrant of unspecified male breast"
"5","cancer","C50.3","malignant neoplasm of lower-inner quadrant of breast"
"5","cancer","C50.31","malignant neoplasm of lower-inner quadrant of breast, female"
"5","cancer","C50.311","malignant neoplasm of lower-inner quadrant of right female breast"
"5","cancer","C50.312","malignant neoplasm of lower-inner quadrant of left female breast"
"5","cancer","C50.319","malignant neoplasm of lower-inner quadrant of unspecified female breast"
"5","cancer","C50.32","malignant neoplasm of lower-inner quadrant of breast, male"
"5","cancer","C50.321","malignant neoplasm of lower-inner quadrant of right male breast"
"5","cancer","C50.322","malignant neoplasm of lower-inner quadrant of left male breast"
"5","cancer","C50.329","malignant neoplasm of lower-inner quadrant of unspecified male breast"
"5","cancer","C50.4","malignant neoplasm of upper-outer quadrant of breast"
"5","cancer","C50.41","malignant neoplasm of upper-outer quadrant of breast, female"
"5","cancer","C50.411","malignant neoplasm of upper-outer quadrant of right female breast"
"5","cancer","C50.412","malignant neoplasm of upper-outer quadrant of left female breast"
"5","cancer","C50.419","malignant neoplasm of upper-outer quadrant of unspecified female breast"
"5","cancer","C50.42","malignant neoplasm of upper-outer quadrant of breast, male"
"5","cancer","C50.421","malignant neoplasm of upper-outer quadrant of right male breast"
"5","cancer","C50.422","malignant neoplasm of upper-outer quadrant of left male breast"
"5","cancer","C50.429","malignant neoplasm of upper-outer quadrant of unspecified male breast"
"5","cancer","C50.5","malignant neoplasm of lower-outer quadrant of breast"
"5","cancer","C50.51","malignant neoplasm of lower-outer quadrant of breast, female"
"5","cancer","C50.511","malignant neoplasm of lower-outer quadrant of right female breast"
"5","cancer","C50.512","malignant neoplasm of lower-outer quadrant of left female breast"
"5","cancer","C50.519","malignant neoplasm of lower-outer quadrant of unspecified female breast"
"5","cancer","C50.52","malignant neoplasm of lower-outer quadrant of breast, male"
"5","cancer","C50.521","malignant neoplasm of lower-outer quadrant of right male breast"
"5","cancer","C50.522","malignant neoplasm of lower-outer quadrant of left male breast"
"5","cancer","C50.529","malignant neoplasm of lower-outer quadrant of unspecified male breast"
"5","cancer","C50.6","malignant neoplasm of axillary tail of breast"
"5","cancer","C50.61","malignant neoplasm of axillary tail of breast, female"
"5","cancer","C50.611","malignant neoplasm of axillary tail of right female breast"
"5","cancer","C50.612","malignant neoplasm of axillary tail of left female breast"
"5","cancer","C50.619","malignant neoplasm of axillary tail of unspecified female breast"
"5","cancer","C50.62","malignant neoplasm of axillary tail of breast, male"
"5","cancer","C50.621","malignant neoplasm of axillary tail of right male breast"
"5","cancer","C50.622","malignant neoplasm of axillary tail of left male breast"
"5","cancer","C50.629","malignant neoplasm of axillary tail of unspecified male breast"
"5","cancer","C50.8","malignant neoplasm of overlapping sites of breast"
"5","cancer","C50.81","malignant neoplasm of overlapping sites of breast, female"
"5","cancer","C50.811","malignant neoplasm of overlapping sites of right female breast"
"5","cancer","C50.812","malignant neoplasm of overlapping sites of left female breast"
"5","cancer","C50.819","malignant neoplasm of overlapping sites of unspecified female breast"
"5","cancer","C50.82","malignant neoplasm of overlapping sites of breast, male"
"5","cancer","C50.821","malignant neoplasm of overlapping sites of right male breast"
"5","cancer","C50.822","malignant neoplasm of overlapping sites of left male breast"
"5","cancer","C50.829","malignant neoplasm of overlapping sites of unspecified male breast"
"5","cancer","C50.9","malignant neoplasm of breast of unspecified site"
"5","cancer","C50.91","malignant neoplasm of breast of unspecified site, female"
"5","cancer","C50.911","malignant neoplasm of unspecified site of right female breast"
"5","cancer","C50.912","malignant neoplasm of unspecified site of left female breast"
"5","cancer","C50.919","malignant neoplasm of unspecified site of unspecified female breast"
"5","cancer","C50.92","malignant neoplasm of breast of unspecified site, male"
"5","cancer","C50.921","malignant neoplasm of unspecified site of right male breast"
"5","cancer","C50.922","malignant neoplasm of unspecified site of left male breast"
"5","cancer","C50.929","malignant neoplasm of unspecified site of unspecified male breast"
"5","cancer","C51","malignant neoplasm of vulva"
"5","cancer","C51.0","malignant neoplasm of labium majus"
"5","cancer","C51.1","malignant neoplasm of labium minus"
"5","cancer","C51.2","malignant neoplasm of clitoris"
"5","cancer","C51.8","malignant neoplasm of overlapping sites of vulva"
"5","cancer","C51.9","malignant neoplasm of vulva, unspecified"
"5","cancer","C52","malignant neoplasm of vagina"
"5","cancer","C53","malignant neoplasm of cervix uteri"
"5","cancer","C53.0","malignant neoplasm of endocervix"
"5","cancer","C53.1","malignant neoplasm of exocervix"
"5","cancer","C53.8","malignant neoplasm of overlapping sites of cervix uteri"
"5","cancer","C53.9","malignant neoplasm of cervix uteri, unspecified"
"5","cancer","C54","malignant neoplasm of corpus uteri"
"5","cancer","C54.0","malignant neoplasm of isthmus uteri"
"5","cancer","C54.1","malignant neoplasm of endometrium"
"5","cancer","C54.2","malignant neoplasm of myometrium"
"5","cancer","C54.3","malignant neoplasm of fundus uteri"
"5","cancer","C54.8","malignant neoplasm of overlapping sites of corpus uteri"
"5","cancer","C54.9","malignant neoplasm of corpus uteri, unspecified"
"5","cancer","C55","malignant neoplasm of uterus, part unspecified"
"5","cancer","C56","malignant neoplasm of ovary"
"5","cancer","C56.1","malignant neoplasm of right ovary"
"5","cancer","C56.2","malignant neoplasm of left ovary"
"5","cancer","C56.3","malignant neoplasm of bilateral ovaries"
"5","cancer","C56.9","malignant neoplasm of unspecified ovary"
"5","cancer","C57","malignant neoplasm of other and unspecified female genital organs"
"5","cancer","C57.0","malignant neoplasm of fallopian tube"
"5","cancer","C57.00","malignant neoplasm of unspecified fallopian tube"
"5","cancer","C57.01","malignant neoplasm of right fallopian tube"
"5","cancer","C57.02","malignant neoplasm of left fallopian tube"
"5","cancer","C57.1","malignant neoplasm of broad ligament"
"5","cancer","C57.10","malignant neoplasm of unspecified broad ligament"
"5","cancer","C57.11","malignant neoplasm of right broad ligament"
"5","cancer","C57.12","malignant neoplasm of left broad ligament"
"5","cancer","C57.2","malignant neoplasm of round ligament"
"5","cancer","C57.20","malignant neoplasm of unspecified round ligament"
"5","cancer","C57.21","malignant neoplasm of right round ligament"
"5","cancer","C57.22","malignant neoplasm of left round ligament"
"5","cancer","C57.3","malignant neoplasm of parametrium"
"5","cancer","C57.4","malignant neoplasm of uterine adnexa, unspecified"
"5","cancer","C57.7","malignant neoplasm of other specified female genital organs"
"5","cancer","C57.8","malignant neoplasm of overlapping sites of female genital organs"
"5","cancer","C57.9","malignant neoplasm of female genital organ, unspecified"
"5","cancer","C58","malignant neoplasm of placenta"
"5","cancer","C60","malignant neoplasm of penis"
"5","cancer","C60.0","malignant neoplasm of prepuce"
"5","cancer","C60.1","malignant neoplasm of glans penis"
"5","cancer","C60.2","malignant neoplasm of body of penis"
"5","cancer","C60.8","malignant neoplasm of overlapping sites of penis"
"5","cancer","C60.9","malignant neoplasm of penis, unspecified"
"5","cancer","C61","malignant neoplasm of prostate"
"5","cancer","C62","malignant neoplasm of testis"
"5","cancer","C62.0","malignant neoplasm of undescended testis"
"5","cancer","C62.00","malignant neoplasm of unspecified undescended testis"
"5","cancer","C62.01","malignant neoplasm of undescended right testis"
"5","cancer","C62.02","malignant neoplasm of undescended left testis"
"5","cancer","C62.1","malignant neoplasm of descended testis"
"5","cancer","C62.10","malignant neoplasm of unspecified descended testis"
"5","cancer","C62.11","malignant neoplasm of descended right testis"
"5","cancer","C62.12","malignant neoplasm of descended left testis"
"5","cancer","C62.9","malignant neoplasm of testis, unspecified whether descended or undescended"
"5","cancer","C62.90","malignant neoplasm of unspecified testis, unspecified whether descended or undescended"
"5","cancer","C62.91","malignant neoplasm of right testis, unspecified whether descended or undescended"
"5","cancer","C62.92","malignant neoplasm of left testis, unspecified whether descended or undescended"
"5","cancer","C63","malignant neoplasm of other and unspecified male genital organs"
"5","cancer","C63.0","malignant neoplasm of epididymis"
"5","cancer","C63.00","malignant neoplasm of unspecified epididymis"
"5","cancer","C63.01","malignant neoplasm of right epididymis"
"5","cancer","C63.02","malignant neoplasm of left epididymis"
"5","cancer","C63.1","malignant neoplasm of spermatic cord"
"5","cancer","C63.10","malignant neoplasm of unspecified spermatic cord"
"5","cancer","C63.11","malignant neoplasm of right spermatic cord"
"5","cancer","C63.12","malignant neoplasm of left spermatic cord"
"5","cancer","C63.2","malignant neoplasm of scrotum"
"5","cancer","C63.7","malignant neoplasm of other specified male genital organs"
"5","cancer","C63.8","malignant neoplasm of overlapping sites of male genital organs"
"5","cancer","C63.9","malignant neoplasm of male genital organ, unspecified"
"5","cancer","C64","malignant neoplasm of kidney, except renal pelvis"
"5","cancer","C64.1","malignant neoplasm of right kidney, except renal pelvis"
"5","cancer","C64.2","malignant neoplasm of left kidney, except renal pelvis"
"5","cancer","C64.9","malignant neoplasm of unspecified kidney, except renal pelvis"
"5","cancer","C65","malignant neoplasm of renal pelvis"
"5","cancer","C65.1","malignant neoplasm of right renal pelvis"
"5","cancer","C65.2","malignant neoplasm of left renal pelvis"
"5","cancer","C65.9","malignant neoplasm of unspecified renal pelvis"
"5","cancer","C66","malignant neoplasm of ureter"
"5","cancer","C66.1","malignant neoplasm of right ureter"
"5","cancer","C66.2","malignant neoplasm of left ureter"
"5","cancer","C66.9","malignant neoplasm of unspecified ureter"
"5","cancer","C67","malignant neoplasm of bladder"
"5","cancer","C67.0","malignant neoplasm of trigone of bladder"
"5","cancer","C67.1","malignant neoplasm of dome of bladder"
"5","cancer","C67.2","malignant neoplasm of lateral wall of bladder"
"5","cancer","C67.3","malignant neoplasm of anterior wall of bladder"
"5","cancer","C67.4","malignant neoplasm of posterior wall of bladder"
"5","cancer","C67.5","malignant neoplasm of bladder neck"
"5","cancer","C67.6","malignant neoplasm of ureteric orifice"
"5","cancer","C67.7","malignant neoplasm of urachus"
"5","cancer","C67.8","malignant neoplasm of overlapping sites of bladder"
"5","cancer","C67.9","malignant neoplasm of bladder, unspecified"
"5","cancer","C68","malignant neoplasm of other and unspecified urinary organs"
"5","cancer","C68.0","malignant neoplasm of urethra"
"5","cancer","C68.1","malignant neoplasm of paraurethral glands"
"5","cancer","C68.8","malignant neoplasm of overlapping sites of urinary organs"
"5","cancer","C68.9","malignant neoplasm of urinary organ, unspecified"
"5","cancer","C69","malignant neoplasm of eye and adnexa"
"5","cancer","C69.0","malignant neoplasm of conjunctiva"
"5","cancer","C69.00","malignant neoplasm of unspecified conjunctiva"
"5","cancer","C69.01","malignant neoplasm of right conjunctiva"
"5","cancer","C69.02","malignant neoplasm of left conjunctiva"
"5","cancer","C69.1","malignant neoplasm of cornea"
"5","cancer","C69.10","malignant neoplasm of unspecified cornea"
"5","cancer","C69.11","malignant neoplasm of right cornea"
"5","cancer","C69.12","malignant neoplasm of left cornea"
"5","cancer","C69.2","malignant neoplasm of retina"
"5","cancer","C69.20","malignant neoplasm of unspecified retina"
"5","cancer","C69.21","malignant neoplasm of right retina"
"5","cancer","C69.22","malignant neoplasm of left retina"
"5","cancer","C69.3","malignant neoplasm of choroid"
"5","cancer","C69.30","malignant neoplasm of unspecified choroid"
"5","cancer","C69.31","malignant neoplasm of right choroid"
"5","cancer","C69.32","malignant neoplasm of left choroid"
"5","cancer","C69.4","malignant neoplasm of ciliary body"
"5","cancer","C69.40","malignant neoplasm of unspecified ciliary body"
"5","cancer","C69.41","malignant neoplasm of right ciliary body"
"5","cancer","C69.42","malignant neoplasm of left ciliary body"
"5","cancer","C69.5","malignant neoplasm of lacrimal gland and duct"
"5","cancer","C69.50","malignant neoplasm of unspecified lacrimal gland and duct"
"5","cancer","C69.51","malignant neoplasm of right lacrimal gland and duct"
"5","cancer","C69.52","malignant neoplasm of left lacrimal gland and duct"
"5","cancer","C69.6","malignant neoplasm of orbit"
"5","cancer","C69.60","malignant neoplasm of unspecified orbit"
"5","cancer","C69.61","malignant neoplasm of right orbit"
"5","cancer","C69.62","malignant neoplasm of left orbit"
"5","cancer","C69.8","malignant neoplasm of overlapping sites of eye and adnexa"
"5","cancer","C69.80","malignant neoplasm of overlapping sites of unspecified eye and adnexa"
"5","cancer","C69.81","malignant neoplasm of overlapping sites of right eye and adnexa"
"5","cancer","C69.82","malignant neoplasm of overlapping sites of left eye and adnexa"
"5","cancer","C69.9","malignant neoplasm of unspecified site of eye"
"5","cancer","C69.90","malignant neoplasm of unspecified site of unspecified eye"
"5","cancer","C69.91","malignant neoplasm of unspecified site of right eye"
"5","cancer","C69.92","malignant neoplasm of unspecified site of left eye"
"5","cancer","C70","malignant neoplasm of meninges"
"5","cancer","C70.0","malignant neoplasm of cerebral meninges"
"5","cancer","C70.1","malignant neoplasm of spinal meninges"
"5","cancer","C70.9","malignant neoplasm of meninges, unspecified"
"5","cancer","C71","malignant neoplasm of brain"
"5","cancer","C71.0","malignant neoplasm of cerebrum, except lobes and ventricles"
"5","cancer","C71.1","malignant neoplasm of frontal lobe"
"5","cancer","C71.2","malignant neoplasm of temporal lobe"
"5","cancer","C71.3","malignant neoplasm of parietal lobe"
"5","cancer","C71.4","malignant neoplasm of occipital lobe"
"5","cancer","C71.5","malignant neoplasm of cerebral ventricle"
"5","cancer","C71.6","malignant neoplasm of cerebellum"
"5","cancer","C71.7","malignant neoplasm of brain stem"
"5","cancer","C71.8","malignant neoplasm of overlapping sites of brain"
"5","cancer","C71.9","malignant neoplasm of brain, unspecified"
"5","cancer","C72","malignant neoplasm of spinal cord, cranial nerves and other parts of central nervous system"
"5","cancer","C72.0","malignant neoplasm of spinal cord"
"5","cancer","C72.1","malignant neoplasm of cauda equina"
"5","cancer","C72.2","malignant neoplasm of olfactory nerve"
"5","cancer","C72.20","malignant neoplasm of unspecified olfactory nerve"
"5","cancer","C72.21","malignant neoplasm of right olfactory nerve"
"5","cancer","C72.22","malignant neoplasm of left olfactory nerve"
"5","cancer","C72.3","malignant neoplasm of optic nerve"
"5","cancer","C72.30","malignant neoplasm of unspecified optic nerve"
"5","cancer","C72.31","malignant neoplasm of right optic nerve"
"5","cancer","C72.32","malignant neoplasm of left optic nerve"
"5","cancer","C72.4","malignant neoplasm of acoustic nerve"
"5","cancer","C72.40","malignant neoplasm of unspecified acoustic nerve"
"5","cancer","C72.41","malignant neoplasm of right acoustic nerve"
"5","cancer","C72.42","malignant neoplasm of left acoustic nerve"
"5","cancer","C72.5","malignant neoplasm of other and unspecified cranial nerves"
"5","cancer","C72.50","malignant neoplasm of unspecified cranial nerve"
"5","cancer","C72.59","malignant neoplasm of other cranial nerves"
"5","cancer","C72.9","malignant neoplasm of central nervous system, unspecified"
"5","cancer","C73","malignant neoplasm of thyroid gland"
"5","cancer","C74","malignant neoplasm of adrenal gland"
"5","cancer","C74.0","malignant neoplasm of cortex of adrenal gland"
"5","cancer","C74.00","malignant neoplasm of cortex of unspecified adrenal gland"
"5","cancer","C74.01","malignant neoplasm of cortex of right adrenal gland"
"5","cancer","C74.02","malignant neoplasm of cortex of left adrenal gland"
"5","cancer","C74.1","malignant neoplasm of medulla of adrenal gland"
"5","cancer","C74.10","malignant neoplasm of medulla of unspecified adrenal gland"
"5","cancer","C74.11","malignant neoplasm of medulla of right adrenal gland"
"5","cancer","C74.12","malignant neoplasm of medulla of left adrenal gland"
"5","cancer","C74.9","malignant neoplasm of unspecified part of adrenal gland"
"5","cancer","C74.90","malignant neoplasm of unspecified part of unspecified adrenal gland"
"5","cancer","C74.91","malignant neoplasm of unspecified part of right adrenal gland"
"5","cancer","C74.92","malignant neoplasm of unspecified part of left adrenal gland"
"5","cancer","C75","malignant neoplasm of other endocrine glands and related structures"
"5","cancer","C75.0","malignant neoplasm of parathyroid gland"
"5","cancer","C75.1","malignant neoplasm of pituitary gland"
"5","cancer","C75.2","malignant neoplasm of craniopharyngeal duct"
"5","cancer","C75.3","malignant neoplasm of pineal gland"
"5","cancer","C75.4","malignant neoplasm of carotid body"
"5","cancer","C75.5","malignant neoplasm of aortic body and other paraganglia"
"5","cancer","C75.8","malignant neoplasm with pluriglandular involvement, unspecified"
"5","cancer","C75.9","malignant neoplasm of endocrine gland, unspecified"
"5","cancer","C76","malignant neoplasm of other and ill-defined sites"
"5","cancer","C76.0","malignant neoplasm of head, face and neck"
"5","cancer","C76.1","malignant neoplasm of thorax"
"5","cancer","C76.2","malignant neoplasm of abdomen"
"5","cancer","C76.3","malignant neoplasm of pelvis"
"5","cancer","C76.4","malignant neoplasm of upper limb"
"5","cancer","C76.40","malignant neoplasm of unspecified upper limb"
"5","cancer","C76.41","malignant neoplasm of right upper limb"
"5","cancer","C76.42","malignant neoplasm of left upper limb"
"5","cancer","C76.5","malignant neoplasm of lower limb"
"5","cancer","C76.50","malignant neoplasm of unspecified lower limb"
"5","cancer","C76.51","malignant neoplasm of right lower limb"
"5","cancer","C76.52","malignant neoplasm of left lower limb"
"5","cancer","C76.8","malignant neoplasm of other specified ill-defined sites"
"5","cancer","C77","secondary and unspecified malignant neoplasm of lymph nodes"
"5","cancer","C77.0","secondary and unspecified malignant neoplasm of lymph nodes of head, face and neck"
"5","cancer","C77.1","secondary and unspecified malignant neoplasm of intrathoracic lymph nodes"
"5","cancer","C77.2","secondary and unspecified malignant neoplasm of intra-abdominal lymph nodes"
"5","cancer","C77.3","secondary and unspecified malignant neoplasm of axilla and upper limb lymph nodes"
"5","cancer","C77.4","secondary and unspecified malignant neoplasm of inguinal and lower limb lymph nodes"
"5","cancer","C77.5","secondary and unspecified malignant neoplasm of intrapelvic lymph nodes"
"5","cancer","C77.8","secondary and unspecified malignant neoplasm of lymph nodes of multiple regions"
"5","cancer","C77.9","secondary and unspecified malignant neoplasm of lymph node, unspecified"
"5","cancer","C78","secondary malignant neoplasm of respiratory and digestive organs"
"5","cancer","C78.0","secondary malignant neoplasm of lung"
"5","cancer","C78.00","secondary malignant neoplasm of unspecified lung"
"5","cancer","C78.01","secondary malignant neoplasm of right lung"
"5","cancer","C78.02","secondary malignant neoplasm of left lung"
"5","cancer","C78.1","secondary malignant neoplasm of mediastinum"
"5","cancer","C78.2","secondary malignant neoplasm of pleura"
"5","cancer","C78.3","secondary malignant neoplasm of other and unspecified respiratory organs"
"5","cancer","C78.30","secondary malignant neoplasm of unspecified respiratory organ"
"5","cancer","C78.39","secondary malignant neoplasm of other respiratory organs"
"5","cancer","C78.4","secondary malignant neoplasm of small intestine"
"5","cancer","C78.5","secondary malignant neoplasm of large intestine and rectum"
"5","cancer","C78.6","secondary malignant neoplasm of retroperitoneum and peritoneum"
"5","cancer","C78.7","secondary malignant neoplasm of liver and intrahepatic bile duct"
"5","cancer","C78.8","secondary malignant neoplasm of other and unspecified digestive organs"
"5","cancer","C78.80","secondary malignant neoplasm of unspecified digestive organ"
"5","cancer","C78.89","secondary malignant neoplasm of other digestive organs"
"5","cancer","C79","secondary malignant neoplasm of other and unspecified sites"
"5","cancer","C79.0","secondary malignant neoplasm of kidney and renal pelvis"
"5","cancer","C79.00","secondary malignant neoplasm of unspecified kidney and renal pelvis"
"5","cancer","C79.01","secondary malignant neoplasm of right kidney and renal pelvis"
"5","cancer","C79.02","secondary malignant neoplasm of left kidney and renal pelvis"
"5","cancer","C79.1","secondary malignant neoplasm of bladder and other and unspecified urinary organs"
"5","cancer","C79.10","secondary malignant neoplasm of unspecified urinary organs"
"5","cancer","C79.11","secondary malignant neoplasm of bladder"
"5","cancer","C79.19","secondary malignant neoplasm of other urinary organs"
"5","cancer","C79.2","secondary malignant neoplasm of skin"
"5","cancer","C79.3","secondary malignant neoplasm of brain and cerebral meninges"
"5","cancer","C79.31","secondary malignant neoplasm of brain"
"5","cancer","C79.32","secondary malignant neoplasm of cerebral meninges"
"5","cancer","C79.4","secondary malignant neoplasm of other and unspecified parts of nervous system"
"5","cancer","C79.40","secondary malignant neoplasm of unspecified part of nervous system"
"5","cancer","C79.49","secondary malignant neoplasm of other parts of nervous system"
"5","cancer","C79.5","secondary malignant neoplasm of bone and bone marrow"
"5","cancer","C79.51","secondary malignant neoplasm of bone"
"5","cancer","C79.52","secondary malignant neoplasm of bone marrow"
"5","cancer","C79.6","secondary malignant neoplasm of ovary"
"5","cancer","C79.60","secondary malignant neoplasm of unspecified ovary"
"5","cancer","C79.61","secondary malignant neoplasm of right ovary"
"5","cancer","C79.62","secondary malignant neoplasm of left ovary"
"5","cancer","C79.63","secondary malignant neoplasm of bilateral ovaries"
"5","cancer","C79.7","secondary malignant neoplasm of adrenal gland"
"5","cancer","C79.70","secondary malignant neoplasm of unspecified adrenal gland"
"5","cancer","C79.71","secondary malignant neoplasm of right adrenal gland"
"5","cancer","C79.72","secondary malignant neoplasm of left adrenal gland"
"5","cancer","C79.8","secondary malignant neoplasm of other specified sites"
"5","cancer","C79.81","secondary malignant neoplasm of breast"
"5","cancer","C79.82","secondary malignant neoplasm of genital organs"
"5","cancer","C79.89","secondary malignant neoplasm of other specified sites"
"5","cancer","C79.9","secondary malignant neoplasm of unspecified site"
"5","cancer","C80","malignant neoplasm without specification of site"
"5","cancer","C80.0","disseminated malignant neoplasm, unspecified"
"5","cancer","C80.1","malignant (primary) neoplasm, unspecified"
"5","cancer","C80.2","malignant neoplasm associated with transplanted organ"
"5","cancer","C81","hodgkin lymphoma"
"5","cancer","C81.0","nodular lymphocyte predominant hodgkin lymphoma"
"5","cancer","C81.00","nodular lymphocyte predominant hodgkin lymphoma, unspecified site"
"5","cancer","C81.01","nodular lymphocyte predominant hodgkin lymphoma, lymph nodes of head, face, and neck"
"5","cancer","C81.02","nodular lymphocyte predominant hodgkin lymphoma, intrathoracic lymph nodes"
"5","cancer","C81.03","nodular lymphocyte predominant hodgkin lymphoma, intra-abdominal lymph nodes"
"5","cancer","C81.04","nodular lymphocyte predominant hodgkin lymphoma, lymph nodes of axilla and upper limb"
"5","cancer","C81.05","nodular lymphocyte predominant hodgkin lymphoma, lymph nodes of inguinal region and lower limb"
"5","cancer","C81.06","nodular lymphocyte predominant hodgkin lymphoma, intrapelvic lymph nodes"
"5","cancer","C81.07","nodular lymphocyte predominant hodgkin lymphoma, spleen"
"5","cancer","C81.08","nodular lymphocyte predominant hodgkin lymphoma, lymph nodes of multiple sites"
"5","cancer","C81.09","nodular lymphocyte predominant hodgkin lymphoma, extranodal and solid organ sites"
"5","cancer","C81.1","nodular sclerosis hodgkin lymphoma"
"5","cancer","C81.10","nodular sclerosis hodgkin lymphoma, unspecified site"
"5","cancer","C81.11","nodular sclerosis hodgkin lymphoma, lymph nodes of head, face, and neck"
"5","cancer","C81.12","nodular sclerosis hodgkin lymphoma, intrathoracic lymph nodes"
"5","cancer","C81.13","nodular sclerosis hodgkin lymphoma, intra-abdominal lymph nodes"
"5","cancer","C81.14","nodular sclerosis hodgkin lymphoma, lymph nodes of axilla and upper limb"
"5","cancer","C81.15","nodular sclerosis hodgkin lymphoma, lymph nodes of inguinal region and lower limb"
"5","cancer","C81.16","nodular sclerosis hodgkin lymphoma, intrapelvic lymph nodes"
"5","cancer","C81.17","nodular sclerosis hodgkin lymphoma, spleen"
"5","cancer","C81.18","nodular sclerosis hodgkin lymphoma, lymph nodes of multiple sites"
"5","cancer","C81.19","nodular sclerosis hodgkin lymphoma, extranodal and solid organ sites"
"5","cancer","C81.2","mixed cellularity hodgkin lymphoma"
"5","cancer","C81.20","mixed cellularity hodgkin lymphoma, unspecified site"
"5","cancer","C81.21","mixed cellularity hodgkin lymphoma, lymph nodes of head, face, and neck"
"5","cancer","C81.22","mixed cellularity hodgkin lymphoma, intrathoracic lymph nodes"
"5","cancer","C81.23","mixed cellularity hodgkin lymphoma, intra-abdominal lymph nodes"
"5","cancer","C81.24","mixed cellularity hodgkin lymphoma, lymph nodes of axilla and upper limb"
"5","cancer","C81.25","mixed cellularity hodgkin lymphoma, lymph nodes of inguinal region and lower limb"
"5","cancer","C81.26","mixed cellularity hodgkin lymphoma, intrapelvic lymph nodes"
"5","cancer","C81.27","mixed cellularity hodgkin lymphoma, spleen"
"5","cancer","C81.28","mixed cellularity hodgkin lymphoma, lymph nodes of multiple sites"
"5","cancer","C81.29","mixed cellularity hodgkin lymphoma, extranodal and solid organ sites"
"5","cancer","C81.3","lymphocyte depleted hodgkin lymphoma"
"5","cancer","C81.30","lymphocyte depleted hodgkin lymphoma, unspecified site"
"5","cancer","C81.31","lymphocyte depleted hodgkin lymphoma, lymph nodes of head, face, and neck"
"5","cancer","C81.32","lymphocyte depleted hodgkin lymphoma, intrathoracic lymph nodes"
"5","cancer","C81.33","lymphocyte depleted hodgkin lymphoma, intra-abdominal lymph nodes"
"5","cancer","C81.34","lymphocyte depleted hodgkin lymphoma, lymph nodes of axilla and upper limb"
"5","cancer","C81.35","lymphocyte depleted hodgkin lymphoma, lymph nodes of inguinal region and lower limb"
"5","cancer","C81.36","lymphocyte depleted hodgkin lymphoma, intrapelvic lymph nodes"
"5","cancer","C81.37","lymphocyte depleted hodgkin lymphoma, spleen"
"5","cancer","C81.38","lymphocyte depleted hodgkin lymphoma, lymph nodes of multiple sites"
"5","cancer","C81.39","lymphocyte depleted hodgkin lymphoma, extranodal and solid organ sites"
"5","cancer","C81.4","lymphocyte-rich hodgkin lymphoma"
"5","cancer","C81.40","lymphocyte-rich hodgkin lymphoma, unspecified site"
"5","cancer","C81.41","lymphocyte-rich hodgkin lymphoma, lymph nodes of head, face, and neck"
"5","cancer","C81.42","lymphocyte-rich hodgkin lymphoma, intrathoracic lymph nodes"
"5","cancer","C81.43","lymphocyte-rich hodgkin lymphoma, intra-abdominal lymph nodes"
"5","cancer","C81.44","lymphocyte-rich hodgkin lymphoma, lymph nodes of axilla and upper limb"
"5","cancer","C81.45","lymphocyte-rich hodgkin lymphoma, lymph nodes of inguinal region and lower limb"
"5","cancer","C81.46","lymphocyte-rich hodgkin lymphoma, intrapelvic lymph nodes"
"5","cancer","C81.47","lymphocyte-rich hodgkin lymphoma, spleen"
"5","cancer","C81.48","lymphocyte-rich hodgkin lymphoma, lymph nodes of multiple sites"
"5","cancer","C81.49","lymphocyte-rich hodgkin lymphoma, extranodal and solid organ sites"
"5","cancer","C81.7","other hodgkin lymphoma"
"5","cancer","C81.70","other hodgkin lymphoma, unspecified site"
"5","cancer","C81.71","other hodgkin lymphoma, lymph nodes of head, face, and neck"
"5","cancer","C81.72","other hodgkin lymphoma, intrathoracic lymph nodes"
"5","cancer","C81.73","other hodgkin lymphoma, intra-abdominal lymph nodes"
"5","cancer","C81.74","other hodgkin lymphoma, lymph nodes of axilla and upper limb"
"5","cancer","C81.75","other hodgkin lymphoma, lymph nodes of inguinal region and lower limb"
"5","cancer","C81.76","other hodgkin lymphoma, intrapelvic lymph nodes"
"5","cancer","C81.77","other hodgkin lymphoma, spleen"
"5","cancer","C81.78","other hodgkin lymphoma, lymph nodes of multiple sites"
"5","cancer","C81.79","other hodgkin lymphoma, extranodal and solid organ sites"
"5","cancer","C81.9","hodgkin lymphoma, unspecified"
"5","cancer","C81.90","hodgkin lymphoma, unspecified, unspecified site"
"5","cancer","C81.91","hodgkin lymphoma, unspecified, lymph nodes of head, face, and neck"
"5","cancer","C81.92","hodgkin lymphoma, unspecified, intrathoracic lymph nodes"
"5","cancer","C81.93","hodgkin lymphoma, unspecified, intra-abdominal lymph nodes"
"5","cancer","C81.94","hodgkin lymphoma, unspecified, lymph nodes of axilla and upper limb"
"5","cancer","C81.95","hodgkin lymphoma, unspecified, lymph nodes of inguinal region and lower limb"
"5","cancer","C81.96","hodgkin lymphoma, unspecified, intrapelvic lymph nodes"
"5","cancer","C81.97","hodgkin lymphoma, unspecified, spleen"
"5","cancer","C81.98","hodgkin lymphoma, unspecified, lymph nodes of multiple sites"
"5","cancer","C81.99","hodgkin lymphoma, unspecified, extranodal and solid organ sites"
"5","cancer","C82","follicular lymphoma"
"5","cancer","C82.0","follicular lymphoma grade i"
"5","cancer","C82.00","follicular lymphoma grade i, unspecified site"
"5","cancer","C82.01","follicular lymphoma grade i, lymph nodes of head, face, and neck"
"5","cancer","C82.02","follicular lymphoma grade i, intrathoracic lymph nodes"
"5","cancer","C82.03","follicular lymphoma grade i, intra-abdominal lymph nodes"
"5","cancer","C82.04","follicular lymphoma grade i, lymph nodes of axilla and upper limb"
"5","cancer","C82.05","follicular lymphoma grade i, lymph nodes of inguinal region and lower limb"
"5","cancer","C82.06","follicular lymphoma grade i, intrapelvic lymph nodes"
"5","cancer","C82.07","follicular lymphoma grade i, spleen"
"5","cancer","C82.08","follicular lymphoma grade i, lymph nodes of multiple sites"
"5","cancer","C82.09","follicular lymphoma grade i, extranodal and solid organ sites"
"5","cancer","C82.1","follicular lymphoma grade ii"
"5","cancer","C82.10","follicular lymphoma grade ii, unspecified site"
"5","cancer","C82.11","follicular lymphoma grade ii, lymph nodes of head, face, and neck"
"5","cancer","C82.12","follicular lymphoma grade ii, intrathoracic lymph nodes"
"5","cancer","C82.13","follicular lymphoma grade ii, intra-abdominal lymph nodes"
"5","cancer","C82.14","follicular lymphoma grade ii, lymph nodes of axilla and upper limb"
"5","cancer","C82.15","follicular lymphoma grade ii, lymph nodes of inguinal region and lower limb"
"5","cancer","C82.16","follicular lymphoma grade ii, intrapelvic lymph nodes"
"5","cancer","C82.17","follicular lymphoma grade ii, spleen"
"5","cancer","C82.18","follicular lymphoma grade ii, lymph nodes of multiple sites"
"5","cancer","C82.19","follicular lymphoma grade ii, extranodal and solid organ sites"
"5","cancer","C82.2","follicular lymphoma grade iii, unspecified"
"5","cancer","C82.20","follicular lymphoma grade iii, unspecified, unspecified site"
"5","cancer","C82.21","follicular lymphoma grade iii, unspecified, lymph nodes of head, face, and neck"
"5","cancer","C82.22","follicular lymphoma grade iii, unspecified, intrathoracic lymph nodes"
"5","cancer","C82.23","follicular lymphoma grade iii, unspecified, intra-abdominal lymph nodes"
"5","cancer","C82.24","follicular lymphoma grade iii, unspecified, lymph nodes of axilla and upper limb"
"5","cancer","C82.25","follicular lymphoma grade iii, unspecified, lymph nodes of inguinal region and lower limb"
"5","cancer","C82.26","follicular lymphoma grade iii, unspecified, intrapelvic lymph nodes"
"5","cancer","C82.27","follicular lymphoma grade iii, unspecified, spleen"
"5","cancer","C82.28","follicular lymphoma grade iii, unspecified, lymph nodes of multiple sites"
"5","cancer","C82.29","follicular lymphoma grade iii, unspecified, extranodal and solid organ sites"
"5","cancer","C82.3","follicular lymphoma grade iiia"
"5","cancer","C82.30","follicular lymphoma grade iiia, unspecified site"
"5","cancer","C82.31","follicular lymphoma grade iiia, lymph nodes of head, face, and neck"
"5","cancer","C82.32","follicular lymphoma grade iiia, intrathoracic lymph nodes"
"5","cancer","C82.33","follicular lymphoma grade iiia, intra-abdominal lymph nodes"
"5","cancer","C82.34","follicular lymphoma grade iiia, lymph nodes of axilla and upper limb"
"5","cancer","C82.35","follicular lymphoma grade iiia, lymph nodes of inguinal region and lower limb"
"5","cancer","C82.36","follicular lymphoma grade iiia, intrapelvic lymph nodes"
"5","cancer","C82.37","follicular lymphoma grade iiia, spleen"
"5","cancer","C82.38","follicular lymphoma grade iiia, lymph nodes of multiple sites"
"5","cancer","C82.39","follicular lymphoma grade iiia, extranodal and solid organ sites"
"5","cancer","C82.4","follicular lymphoma grade iiib"
"5","cancer","C82.40","follicular lymphoma grade iiib, unspecified site"
"5","cancer","C82.41","follicular lymphoma grade iiib, lymph nodes of head, face, and neck"
"5","cancer","C82.42","follicular lymphoma grade iiib, intrathoracic lymph nodes"
"5","cancer","C82.43","follicular lymphoma grade iiib, intra-abdominal lymph nodes"
"5","cancer","C82.44","follicular lymphoma grade iiib, lymph nodes of axilla and upper limb"
"5","cancer","C82.45","follicular lymphoma grade iiib, lymph nodes of inguinal region and lower limb"
"5","cancer","C82.46","follicular lymphoma grade iiib, intrapelvic lymph nodes"
"5","cancer","C82.47","follicular lymphoma grade iiib, spleen"
"5","cancer","C82.48","follicular lymphoma grade iiib, lymph nodes of multiple sites"
"5","cancer","C82.49","follicular lymphoma grade iiib, extranodal and solid organ sites"
"5","cancer","C82.5","diffuse follicle center lymphoma"
"5","cancer","C82.50","diffuse follicle center lymphoma, unspecified site"
"5","cancer","C82.51","diffuse follicle center lymphoma, lymph nodes of head, face, and neck"
"5","cancer","C82.52","diffuse follicle center lymphoma, intrathoracic lymph nodes"
"5","cancer","C82.53","diffuse follicle center lymphoma, intra-abdominal lymph nodes"
"5","cancer","C82.54","diffuse follicle center lymphoma, lymph nodes of axilla and upper limb"
"5","cancer","C82.55","diffuse follicle center lymphoma, lymph nodes of inguinal region and lower limb"
"5","cancer","C82.56","diffuse follicle center lymphoma, intrapelvic lymph nodes"
"5","cancer","C82.57","diffuse follicle center lymphoma, spleen"
"5","cancer","C82.58","diffuse follicle center lymphoma, lymph nodes of multiple sites"
"5","cancer","C82.59","diffuse follicle center lymphoma, extranodal and solid organ sites"
"5","cancer","C82.6","cutaneous follicle center lymphoma"
"5","cancer","C82.60","cutaneous follicle center lymphoma, unspecified site"
"5","cancer","C82.61","cutaneous follicle center lymphoma, lymph nodes of head, face, and neck"
"5","cancer","C82.62","cutaneous follicle center lymphoma, intrathoracic lymph nodes"
"5","cancer","C82.63","cutaneous follicle center lymphoma, intra-abdominal lymph nodes"
"5","cancer","C82.64","cutaneous follicle center lymphoma, lymph nodes of axilla and upper limb"
"5","cancer","C82.65","cutaneous follicle center lymphoma, lymph nodes of inguinal region and lower limb"
"5","cancer","C82.66","cutaneous follicle center lymphoma, intrapelvic lymph nodes"
"5","cancer","C82.67","cutaneous follicle center lymphoma, spleen"
"5","cancer","C82.68","cutaneous follicle center lymphoma, lymph nodes of multiple sites"
"5","cancer","C82.69","cutaneous follicle center lymphoma, extranodal and solid organ sites"
"5","cancer","C82.8","other types of follicular lymphoma"
"5","cancer","C82.80","other types of follicular lymphoma, unspecified site"
"5","cancer","C82.81","other types of follicular lymphoma, lymph nodes of head, face, and neck"
"5","cancer","C82.82","other types of follicular lymphoma, intrathoracic lymph nodes"
"5","cancer","C82.83","other types of follicular lymphoma, intra-abdominal lymph nodes"
"5","cancer","C82.84","other types of follicular lymphoma, lymph nodes of axilla and upper limb"
"5","cancer","C82.85","other types of follicular lymphoma, lymph nodes of inguinal region and lower limb"
"5","cancer","C82.86","other types of follicular lymphoma, intrapelvic lymph nodes"
"5","cancer","C82.87","other types of follicular lymphoma, spleen"
"5","cancer","C82.88","other types of follicular lymphoma, lymph nodes of multiple sites"
"5","cancer","C82.89","other types of follicular lymphoma, extranodal and solid organ sites"
"5","cancer","C82.9","follicular lymphoma, unspecified"
"5","cancer","C82.90","follicular lymphoma, unspecified, unspecified site"
"5","cancer","C82.91","follicular lymphoma, unspecified, lymph nodes of head, face, and neck"
"5","cancer","C82.92","follicular lymphoma, unspecified, intrathoracic lymph nodes"
"5","cancer","C82.93","follicular lymphoma, unspecified, intra-abdominal lymph nodes"
"5","cancer","C82.94","follicular lymphoma, unspecified, lymph nodes of axilla and upper limb"
"5","cancer","C82.95","follicular lymphoma, unspecified, lymph nodes of inguinal region and lower limb"
"5","cancer","C82.96","follicular lymphoma, unspecified, intrapelvic lymph nodes"
"5","cancer","C82.97","follicular lymphoma, unspecified, spleen"
"5","cancer","C82.98","follicular lymphoma, unspecified, lymph nodes of multiple sites"
"5","cancer","C82.99","follicular lymphoma, unspecified, extranodal and solid organ sites"
"5","cancer","C83","non-follicular lymphoma"
"5","cancer","C83.0","small cell b-cell lymphoma"
"5","cancer","C83.00","small cell b-cell lymphoma, unspecified site"
"5","cancer","C83.01","small cell b-cell lymphoma, lymph nodes of head, face, and neck"
"5","cancer","C83.02","small cell b-cell lymphoma, intrathoracic lymph nodes"
"5","cancer","C83.03","small cell b-cell lymphoma, intra-abdominal lymph nodes"
"5","cancer","C83.04","small cell b-cell lymphoma, lymph nodes of axilla and upper limb"
"5","cancer","C83.05","small cell b-cell lymphoma, lymph nodes of inguinal region and lower limb"
"5","cancer","C83.06","small cell b-cell lymphoma, intrapelvic lymph nodes"
"5","cancer","C83.07","small cell b-cell lymphoma, spleen"
"5","cancer","C83.08","small cell b-cell lymphoma, lymph nodes of multiple sites"
"5","cancer","C83.09","small cell b-cell lymphoma, extranodal and solid organ sites"
"5","cancer","C83.1","mantle cell lymphoma"
"5","cancer","C83.10","mantle cell lymphoma, unspecified site"
"5","cancer","C83.11","mantle cell lymphoma, lymph nodes of head, face, and neck"
"5","cancer","C83.12","mantle cell lymphoma, intrathoracic lymph nodes"
"5","cancer","C83.13","mantle cell lymphoma, intra-abdominal lymph nodes"
"5","cancer","C83.14","mantle cell lymphoma, lymph nodes of axilla and upper limb"
"5","cancer","C83.15","mantle cell lymphoma, lymph nodes of inguinal region and lower limb"
"5","cancer","C83.16","mantle cell lymphoma, intrapelvic lymph nodes"
"5","cancer","C83.17","mantle cell lymphoma, spleen"
"5","cancer","C83.18","mantle cell lymphoma, lymph nodes of multiple sites"
"5","cancer","C83.19","mantle cell lymphoma, extranodal and solid organ sites"
"5","cancer","C83.3","diffuse large b-cell lymphoma"
"5","cancer","C83.30","diffuse large b-cell lymphoma, unspecified site"
"5","cancer","C83.31","diffuse large b-cell lymphoma, lymph nodes of head, face, and neck"
"5","cancer","C83.32","diffuse large b-cell lymphoma, intrathoracic lymph nodes"
"5","cancer","C83.33","diffuse large b-cell lymphoma, intra-abdominal lymph nodes"
"5","cancer","C83.34","diffuse large b-cell lymphoma, lymph nodes of axilla and upper limb"
"5","cancer","C83.35","diffuse large b-cell lymphoma, lymph nodes of inguinal region and lower limb"
"5","cancer","C83.36","diffuse large b-cell lymphoma, intrapelvic lymph nodes"
"5","cancer","C83.37","diffuse large b-cell lymphoma, spleen"
"5","cancer","C83.38","diffuse large b-cell lymphoma, lymph nodes of multiple sites"
"5","cancer","C83.39","diffuse large b-cell lymphoma, extranodal and solid organ sites"
"5","cancer","C83.5","lymphoblastic (diffuse) lymphoma"
"5","cancer","C83.50","lymphoblastic (diffuse) lymphoma, unspecified site"
"5","cancer","C83.51","lymphoblastic (diffuse) lymphoma, lymph nodes of head, face, and neck"
"5","cancer","C83.52","lymphoblastic (diffuse) lymphoma, intrathoracic lymph nodes"
"5","cancer","C83.53","lymphoblastic (diffuse) lymphoma, intra-abdominal lymph nodes"
"5","cancer","C83.54","lymphoblastic (diffuse) lymphoma, lymph nodes of axilla and upper limb"
"5","cancer","C83.55","lymphoblastic (diffuse) lymphoma, lymph nodes of inguinal region and lower limb"
"5","cancer","C83.56","lymphoblastic (diffuse) lymphoma, intrapelvic lymph nodes"
"5","cancer","C83.57","lymphoblastic (diffuse) lymphoma, spleen"
"5","cancer","C83.58","lymphoblastic (diffuse) lymphoma, lymph nodes of multiple sites"
"5","cancer","C83.59","lymphoblastic (diffuse) lymphoma, extranodal and solid organ sites"
"5","cancer","C83.7","burkitt lymphoma"
"5","cancer","C83.70","burkitt lymphoma, unspecified site"
"5","cancer","C83.71","burkitt lymphoma, lymph nodes of head, face, and neck"
"5","cancer","C83.72","burkitt lymphoma, intrathoracic lymph nodes"
"5","cancer","C83.73","burkitt lymphoma, intra-abdominal lymph nodes"
"5","cancer","C83.74","burkitt lymphoma, lymph nodes of axilla and upper limb"
"5","cancer","C83.75","burkitt lymphoma, lymph nodes of inguinal region and lower limb"
"5","cancer","C83.76","burkitt lymphoma, intrapelvic lymph nodes"
"5","cancer","C83.77","burkitt lymphoma, spleen"
"5","cancer","C83.78","burkitt lymphoma, lymph nodes of multiple sites"
"5","cancer","C83.79","burkitt lymphoma, extranodal and solid organ sites"
"5","cancer","C83.8","other non-follicular lymphoma"
"5","cancer","C83.80","other non-follicular lymphoma, unspecified site"
"5","cancer","C83.81","other non-follicular lymphoma, lymph nodes of head, face, and neck"
"5","cancer","C83.82","other non-follicular lymphoma, intrathoracic lymph nodes"
"5","cancer","C83.83","other non-follicular lymphoma, intra-abdominal lymph nodes"
"5","cancer","C83.84","other non-follicular lymphoma, lymph nodes of axilla and upper limb"
"5","cancer","C83.85","other non-follicular lymphoma, lymph nodes of inguinal region and lower limb"
"5","cancer","C83.86","other non-follicular lymphoma, intrapelvic lymph nodes"
"5","cancer","C83.87","other non-follicular lymphoma, spleen"
"5","cancer","C83.88","other non-follicular lymphoma, lymph nodes of multiple sites"
"5","cancer","C83.89","other non-follicular lymphoma, extranodal and solid organ sites"
"5","cancer","C83.9","non-follicular (diffuse) lymphoma, unspecified"
"5","cancer","C83.90","non-follicular (diffuse) lymphoma, unspecified, unspecified site"
"5","cancer","C83.91","non-follicular (diffuse) lymphoma, unspecified, lymph nodes of head, face, and neck"
"5","cancer","C83.92","non-follicular (diffuse) lymphoma, unspecified, intrathoracic lymph nodes"
"5","cancer","C83.93","non-follicular (diffuse) lymphoma, unspecified, intra-abdominal lymph nodes"
"5","cancer","C83.94","non-follicular (diffuse) lymphoma, unspecified, lymph nodes of axilla and upper limb"
"5","cancer","C83.95","non-follicular (diffuse) lymphoma, unspecified, lymph nodes of inguinal region and lower limb"
"5","cancer","C83.96","non-follicular (diffuse) lymphoma, unspecified, intrapelvic lymph nodes"
"5","cancer","C83.97","non-follicular (diffuse) lymphoma, unspecified, spleen"
"5","cancer","C83.98","non-follicular (diffuse) lymphoma, unspecified, lymph nodes of multiple sites"
"5","cancer","C83.99","non-follicular (diffuse) lymphoma, unspecified, extranodal and solid organ sites"
"5","cancer","C84","mature t/nk-cell lymphomas"
"5","cancer","C84.0","mycosis fungoides"
"5","cancer","C84.00","mycosis fungoides, unspecified site"
"5","cancer","C84.01","mycosis fungoides, lymph nodes of head, face, and neck"
"5","cancer","C84.02","mycosis fungoides, intrathoracic lymph nodes"
"5","cancer","C84.03","mycosis fungoides, intra-abdominal lymph nodes"
"5","cancer","C84.04","mycosis fungoides, lymph nodes of axilla and upper limb"
"5","cancer","C84.05","mycosis fungoides, lymph nodes of inguinal region and lower limb"
"5","cancer","C84.06","mycosis fungoides, intrapelvic lymph nodes"
"5","cancer","C84.07","mycosis fungoides, spleen"
"5","cancer","C84.08","mycosis fungoides, lymph nodes of multiple sites"
"5","cancer","C84.09","mycosis fungoides, extranodal and solid organ sites"
"5","cancer","C84.1","sezary disease"
"5","cancer","C84.10","sezary disease, unspecified site"
"5","cancer","C84.11","sezary disease, lymph nodes of head, face, and neck"
"5","cancer","C84.12","sezary disease, intrathoracic lymph nodes"
"5","cancer","C84.13","sezary disease, intra-abdominal lymph nodes"
"5","cancer","C84.14","sezary disease, lymph nodes of axilla and upper limb"
"5","cancer","C84.15","sezary disease, lymph nodes of inguinal region and lower limb"
"5","cancer","C84.16","sezary disease, intrapelvic lymph nodes"
"5","cancer","C84.17","sezary disease, spleen"
"5","cancer","C84.18","sezary disease, lymph nodes of multiple sites"
"5","cancer","C84.19","sezary disease, extranodal and solid organ sites"
"5","cancer","C84.4","peripheral t-cell lymphoma, not elsewhere classified"
"5","cancer","C84.40","peripheral t-cell lymphoma, not elsewhere classified, unspecified site"
"5","cancer","C84.41","peripheral t-cell lymphoma, not elsewhere classified, lymph nodes of head, face, and neck"
"5","cancer","C84.42","peripheral t-cell lymphoma, not elsewhere classified, intrathoracic lymph nodes"
"5","cancer","C84.43","peripheral t-cell lymphoma, not elsewhere classified, intra-abdominal lymph nodes"
"5","cancer","C84.44","peripheral t-cell lymphoma, not elsewhere classified, lymph nodes of axilla and upper limb"
"5","cancer","C84.45","peripheral t-cell lymphoma, not elsewhere classified, lymph nodes of inguinal region and lower limb"
"5","cancer","C84.46","peripheral t-cell lymphoma, not elsewhere classified, intrapelvic lymph nodes"
"5","cancer","C84.47","peripheral t-cell lymphoma, not elsewhere classified, spleen"
"5","cancer","C84.48","peripheral t-cell lymphoma, not elsewhere classified, lymph nodes of multiple sites"
"5","cancer","C84.49","peripheral t-cell lymphoma, not elsewhere classified, extranodal and solid organ sites"
"5","cancer","C84.6","anaplastic large cell lymphoma, alk-positive"
"5","cancer","C84.60","anaplastic large cell lymphoma, alk-positive, unspecified site"
"5","cancer","C84.61","anaplastic large cell lymphoma, alk-positive, lymph nodes of head, face, and neck"
"5","cancer","C84.62","anaplastic large cell lymphoma, alk-positive, intrathoracic lymph nodes"
"5","cancer","C84.63","anaplastic large cell lymphoma, alk-positive, intra-abdominal lymph nodes"
"5","cancer","C84.64","anaplastic large cell lymphoma, alk-positive, lymph nodes of axilla and upper limb"
"5","cancer","C84.65","anaplastic large cell lymphoma, alk-positive, lymph nodes of inguinal region and lower limb"
"5","cancer","C84.66","anaplastic large cell lymphoma, alk-positive, intrapelvic lymph nodes"
"5","cancer","C84.67","anaplastic large cell lymphoma, alk-positive, spleen"
"5","cancer","C84.68","anaplastic large cell lymphoma, alk-positive, lymph nodes of multiple sites"
"5","cancer","C84.69","anaplastic large cell lymphoma, alk-positive, extranodal and solid organ sites"
"5","cancer","C84.7","anaplastic large cell lymphoma, alk-negative"
"5","cancer","C84.70","anaplastic large cell lymphoma, alk-negative, unspecified site"
"5","cancer","C84.71","anaplastic large cell lymphoma, alk-negative, lymph nodes of head, face, and neck"
"5","cancer","C84.72","anaplastic large cell lymphoma, alk-negative, intrathoracic lymph nodes"
"5","cancer","C84.73","anaplastic large cell lymphoma, alk-negative, intra-abdominal lymph nodes"
"5","cancer","C84.74","anaplastic large cell lymphoma, alk-negative, lymph nodes of axilla and upper limb"
"5","cancer","C84.75","anaplastic large cell lymphoma, alk-negative, lymph nodes of inguinal region and lower limb"
"5","cancer","C84.76","anaplastic large cell lymphoma, alk-negative, intrapelvic lymph nodes"
"5","cancer","C84.77","anaplastic large cell lymphoma, alk-negative, spleen"
"5","cancer","C84.78","anaplastic large cell lymphoma, alk-negative, lymph nodes of multiple sites"
"5","cancer","C84.79","anaplastic large cell lymphoma, alk-negative, extranodal and solid organ sites"
"5","cancer","C84.7A","anaplastic large cell lymphoma, alk-negative, breast"
"5","cancer","C84.9","mature t/nk-cell lymphomas, unspecified"
"5","cancer","C84.90","mature t/nk-cell lymphomas, unspecified, unspecified site"
"5","cancer","C84.91","mature t/nk-cell lymphomas, unspecified, lymph nodes of head, face, and neck"
"5","cancer","C84.92","mature t/nk-cell lymphomas, unspecified, intrathoracic lymph nodes"
"5","cancer","C84.93","mature t/nk-cell lymphomas, unspecified, intra-abdominal lymph nodes"
"5","cancer","C84.94","mature t/nk-cell lymphomas, unspecified, lymph nodes of axilla and upper limb"
"5","cancer","C84.95","mature t/nk-cell lymphomas, unspecified, lymph nodes of inguinal region and lower limb"
"5","cancer","C84.96","mature t/nk-cell lymphomas, unspecified, intrapelvic lymph nodes"
"5","cancer","C84.97","mature t/nk-cell lymphomas, unspecified, spleen"
"5","cancer","C84.98","mature t/nk-cell lymphomas, unspecified, lymph nodes of multiple sites"
"5","cancer","C84.99","mature t/nk-cell lymphomas, unspecified, extranodal and solid organ sites"
"5","cancer","C84.A","cutaneous t-cell lymphoma, unspecified"
"5","cancer","C84.A0","cutaneous t-cell lymphoma, unspecified, unspecified site"
"5","cancer","C84.A1","cutaneous t-cell lymphoma, unspecified lymph nodes of head, face, and neck"
"5","cancer","C84.A2","cutaneous t-cell lymphoma, unspecified, intrathoracic lymph nodes"
"5","cancer","C84.A3","cutaneous t-cell lymphoma, unspecified, intra-abdominal lymph nodes"
"5","cancer","C84.A4","cutaneous t-cell lymphoma, unspecified, lymph nodes of axilla and upper limb"
"5","cancer","C84.A5","cutaneous t-cell lymphoma, unspecified, lymph nodes of inguinal region and lower limb"
"5","cancer","C84.A6","cutaneous t-cell lymphoma, unspecified, intrapelvic lymph nodes"
"5","cancer","C84.A7","cutaneous t-cell lymphoma, unspecified, spleen"
"5","cancer","C84.A8","cutaneous t-cell lymphoma, unspecified, lymph nodes of multiple sites"
"5","cancer","C84.A9","cutaneous t-cell lymphoma, unspecified, extranodal and solid organ sites"
"5","cancer","C84.Z","other mature t/nk-cell lymphomas"
"5","cancer","C84.Z0","other mature t/nk-cell lymphomas, unspecified site"
"5","cancer","C84.Z1","other mature t/nk-cell lymphomas, lymph nodes of head, face, and neck"
"5","cancer","C84.Z2","other mature t/nk-cell lymphomas, intrathoracic lymph nodes"
"5","cancer","C84.Z3","other mature t/nk-cell lymphomas, intra-abdominal lymph nodes"
"5","cancer","C84.Z4","other mature t/nk-cell lymphomas, lymph nodes of axilla and upper limb"
"5","cancer","C84.Z5","other mature t/nk-cell lymphomas, lymph nodes of inguinal region and lower limb"
"5","cancer","C84.Z6","other mature t/nk-cell lymphomas, intrapelvic lymph nodes"
"5","cancer","C84.Z7","other mature t/nk-cell lymphomas, spleen"
"5","cancer","C84.Z8","other mature t/nk-cell lymphomas, lymph nodes of multiple sites"
"5","cancer","C84.Z9","other mature t/nk-cell lymphomas, extranodal and solid organ sites"
"5","cancer","C85","other specified and unspecified types of non-hodgkin lymphoma"
"5","cancer","C85.1","unspecified b-cell lymphoma"
"5","cancer","C85.10","unspecified b-cell lymphoma, unspecified site"
"5","cancer","C85.11","unspecified b-cell lymphoma, lymph nodes of head, face, and neck"
"5","cancer","C85.12","unspecified b-cell lymphoma, intrathoracic lymph nodes"
"5","cancer","C85.13","unspecified b-cell lymphoma, intra-abdominal lymph nodes"
"5","cancer","C85.14","unspecified b-cell lymphoma, lymph nodes of axilla and upper limb"
"5","cancer","C85.15","unspecified b-cell lymphoma, lymph nodes of inguinal region and lower limb"
"5","cancer","C85.16","unspecified b-cell lymphoma, intrapelvic lymph nodes"
"5","cancer","C85.17","unspecified b-cell lymphoma, spleen"
"5","cancer","C85.18","unspecified b-cell lymphoma, lymph nodes of multiple sites"
"5","cancer","C85.19","unspecified b-cell lymphoma, extranodal and solid organ sites"
"5","cancer","C85.2","mediastinal (thymic) large b-cell lymphoma"
"5","cancer","C85.20","mediastinal (thymic) large b-cell lymphoma, unspecified site"
"5","cancer","C85.21","mediastinal (thymic) large b-cell lymphoma, lymph nodes of head, face, and neck"
"5","cancer","C85.22","mediastinal (thymic) large b-cell lymphoma, intrathoracic lymph nodes"
"5","cancer","C85.23","mediastinal (thymic) large b-cell lymphoma, intra-abdominal lymph nodes"
"5","cancer","C85.24","mediastinal (thymic) large b-cell lymphoma, lymph nodes of axilla and upper limb"
"5","cancer","C85.25","mediastinal (thymic) large b-cell lymphoma, lymph nodes of inguinal region and lower limb"
"5","cancer","C85.26","mediastinal (thymic) large b-cell lymphoma, intrapelvic lymph nodes"
"5","cancer","C85.27","mediastinal (thymic) large b-cell lymphoma, spleen"
"5","cancer","C85.28","mediastinal (thymic) large b-cell lymphoma, lymph nodes of multiple sites"
"5","cancer","C85.29","mediastinal (thymic) large b-cell lymphoma, extranodal and solid organ sites"
"5","cancer","C85.8","other specified types of non-hodgkin lymphoma"
"5","cancer","C85.80","other specified types of non-hodgkin lymphoma, unspecified site"
"5","cancer","C85.81","other specified types of non-hodgkin lymphoma, lymph nodes of head, face, and neck"
"5","cancer","C85.82","other specified types of non-hodgkin lymphoma, intrathoracic lymph nodes"
"5","cancer","C85.83","other specified types of non-hodgkin lymphoma, intra-abdominal lymph nodes"
"5","cancer","C85.84","other specified types of non-hodgkin lymphoma, lymph nodes of axilla and upper limb"
"5","cancer","C85.85","other specified types of non-hodgkin lymphoma, lymph nodes of inguinal region and lower limb"
"5","cancer","C85.86","other specified types of non-hodgkin lymphoma, intrapelvic lymph nodes"
"5","cancer","C85.87","other specified types of non-hodgkin lymphoma, spleen"
"5","cancer","C85.88","other specified types of non-hodgkin lymphoma, lymph nodes of multiple sites"
"5","cancer","C85.89","other specified types of non-hodgkin lymphoma, extranodal and solid organ sites"
"5","cancer","C85.9","non-hodgkin lymphoma, unspecified"
"5","cancer","C85.90","non-hodgkin lymphoma, unspecified, unspecified site"
"5","cancer","C85.91","non-hodgkin lymphoma, unspecified, lymph nodes of head, face, and neck"
"5","cancer","C85.92","non-hodgkin lymphoma, unspecified, intrathoracic lymph nodes"
"5","cancer","C85.93","non-hodgkin lymphoma, unspecified, intra-abdominal lymph nodes"
"5","cancer","C85.94","non-hodgkin lymphoma, unspecified, lymph nodes of axilla and upper limb"
"5","cancer","C85.95","non-hodgkin lymphoma, unspecified, lymph nodes of inguinal region and lower limb"
"5","cancer","C85.96","non-hodgkin lymphoma, unspecified, intrapelvic lymph nodes"
"5","cancer","C85.97","non-hodgkin lymphoma, unspecified, spleen"
"5","cancer","C85.98","non-hodgkin lymphoma, unspecified, lymph nodes of multiple sites"
"5","cancer","C85.99","non-hodgkin lymphoma, unspecified, extranodal and solid organ sites"
"5","cancer","C86","other specified types of t/nk-cell lymphoma"
"5","cancer","C86.0","extranodal nk/t-cell lymphoma, nasal type"
"5","cancer","C86.1","hepatosplenic t-cell lymphoma"
"5","cancer","C86.2","enteropathy-type (intestinal) t-cell lymphoma"
"5","cancer","C86.3","subcutaneous panniculitis-like t-cell lymphoma"
"5","cancer","C86.4","blastic nk-cell lymphoma"
"5","cancer","C86.5","angioimmunoblastic t-cell lymphoma"
"5","cancer","C86.6","primary cutaneous cd30-positive t-cell proliferations"
"5","cancer","C88","malignant immunoproliferative diseases and certain other b-cell lymphomas"
"5","cancer","C88.0","waldenstrom macroglobulinemia"
"5","cancer","C88.2","heavy chain disease"
"5","cancer","C88.3","immunoproliferative small intestinal disease"
"5","cancer","C88.4","extranodal marginal zone b-cell lymphoma of mucosa-associated lymphoid tissue [malt-lymphoma]"
"5","cancer","C88.8","other malignant immunoproliferative diseases"
"5","cancer","C88.9","malignant immunoproliferative disease, unspecified"
"5","cancer","C90","multiple myeloma and malignant plasma cell neoplasms"
"5","cancer","C90.0","multiple myeloma"
"5","cancer","C90.00","multiple myeloma not having achieved remission"
"5","cancer","C90.01","multiple myeloma in remission"
"5","cancer","C90.02","multiple myeloma in relapse"
"5","cancer","C90.1","plasma cell leukemia"
"5","cancer","C90.10","plasma cell leukemia not having achieved remission"
"5","cancer","C90.11","plasma cell leukemia in remission"
"5","cancer","C90.12","plasma cell leukemia in relapse"
"5","cancer","C90.2","extramedullary plasmacytoma"
"5","cancer","C90.20","extramedullary plasmacytoma not having achieved remission"
"5","cancer","C90.21","extramedullary plasmacytoma in remission"
"5","cancer","C90.22","extramedullary plasmacytoma in relapse"
"5","cancer","C90.3","solitary plasmacytoma"
"5","cancer","C90.30","solitary plasmacytoma not having achieved remission"
"5","cancer","C90.31","solitary plasmacytoma in remission"
"5","cancer","C90.32","solitary plasmacytoma in relapse"
"5","cancer","C91","lymphoid leukemia"
"5","cancer","C91.0","acute lymphoblastic leukemia [all]"
"5","cancer","C91.00","acute lymphoblastic leukemia not having achieved remission"
"5","cancer","C91.01","acute lymphoblastic leukemia, in remission"
"5","cancer","C91.02","acute lymphoblastic leukemia, in relapse"
"5","cancer","C91.1","chronic lymphocytic leukemia of b-cell type"
"5","cancer","C91.10","chronic lymphocytic leukemia of b-cell type not having achieved remission"
"5","cancer","C91.11","chronic lymphocytic leukemia of b-cell type in remission"
"5","cancer","C91.12","chronic lymphocytic leukemia of b-cell type in relapse"
"5","cancer","C91.3","prolymphocytic leukemia of b-cell type"
"5","cancer","C91.30","prolymphocytic leukemia of b-cell type not having achieved remission"
"5","cancer","C91.31","prolymphocytic leukemia of b-cell type, in remission"
"5","cancer","C91.32","prolymphocytic leukemia of b-cell type, in relapse"
"5","cancer","C91.4","hairy cell leukemia"
"5","cancer","C91.40","hairy cell leukemia not having achieved remission"
"5","cancer","C91.41","hairy cell leukemia, in remission"
"5","cancer","C91.42","hairy cell leukemia, in relapse"
"5","cancer","C91.5","adult t-cell lymphoma/leukemia (htlv-1-associated)"
"5","cancer","C91.50","adult t-cell lymphoma/leukemia (htlv-1-associated) not having achieved remission"
"5","cancer","C91.51","adult t-cell lymphoma/leukemia (htlv-1-associated), in remission"
"5","cancer","C91.52","adult t-cell lymphoma/leukemia (htlv-1-associated), in relapse"
"5","cancer","C91.6","prolymphocytic leukemia of t-cell type"
"5","cancer","C91.60","prolymphocytic leukemia of t-cell type not having achieved remission"
"5","cancer","C91.61","prolymphocytic leukemia of t-cell type, in remission"
"5","cancer","C91.62","prolymphocytic leukemia of t-cell type, in relapse"
"5","cancer","C91.9","lymphoid leukemia, unspecified"
"5","cancer","C91.90","lymphoid leukemia, unspecified not having achieved remission"
"5","cancer","C91.91","lymphoid leukemia, unspecified, in remission"
"5","cancer","C91.92","lymphoid leukemia, unspecified, in relapse"
"5","cancer","C91.A","mature b-cell leukemia burkitt-type"
"5","cancer","C91.A0","mature b-cell leukemia burkitt-type not having achieved remission"
"5","cancer","C91.A1","mature b-cell leukemia burkitt-type, in remission"
"5","cancer","C91.A2","mature b-cell leukemia burkitt-type, in relapse"
"5","cancer","C91.Z","other lymphoid leukemia"
"5","cancer","C91.Z0","other lymphoid leukemia not having achieved remission"
"5","cancer","C91.Z1","other lymphoid leukemia, in remission"
"5","cancer","C91.Z2","other lymphoid leukemia, in relapse"
"5","cancer","C92","myeloid leukemia"
"5","cancer","C92.0","acute myeloblastic leukemia"
"5","cancer","C92.00","acute myeloblastic leukemia, not having achieved remission"
"5","cancer","C92.01","acute myeloblastic leukemia, in remission"
"5","cancer","C92.02","acute myeloblastic leukemia, in relapse"
"5","cancer","C92.1","chronic myeloid leukemia, bcr/abl-positive"
"5","cancer","C92.10","chronic myeloid leukemia, bcr/abl-positive, not having achieved remission"
"5","cancer","C92.11","chronic myeloid leukemia, bcr/abl-positive, in remission"
"5","cancer","C92.12","chronic myeloid leukemia, bcr/abl-positive, in relapse"
"5","cancer","C92.2","atypical chronic myeloid leukemia, bcr/abl-negative"
"5","cancer","C92.20","atypical chronic myeloid leukemia, bcr/abl-negative, not having achieved remission"
"5","cancer","C92.21","atypical chronic myeloid leukemia, bcr/abl-negative, in remission"
"5","cancer","C92.22","atypical chronic myeloid leukemia, bcr/abl-negative, in relapse"
"5","cancer","C92.3","myeloid sarcoma"
"5","cancer","C92.30","myeloid sarcoma, not having achieved remission"
"5","cancer","C92.31","myeloid sarcoma, in remission"
"5","cancer","C92.32","myeloid sarcoma, in relapse"
"5","cancer","C92.4","acute promyelocytic leukemia"
"5","cancer","C92.40","acute promyelocytic leukemia, not having achieved remission"
"5","cancer","C92.41","acute promyelocytic leukemia, in remission"
"5","cancer","C92.42","acute promyelocytic leukemia, in relapse"
"5","cancer","C92.5","acute myelomonocytic leukemia"
"5","cancer","C92.50","acute myelomonocytic leukemia, not having achieved remission"
"5","cancer","C92.51","acute myelomonocytic leukemia, in remission"
"5","cancer","C92.52","acute myelomonocytic leukemia, in relapse"
"5","cancer","C92.6","acute myeloid leukemia with 11q23-abnormality"
"5","cancer","C92.60","acute myeloid leukemia with 11q23-abnormality not having achieved remission"
"5","cancer","C92.61","acute myeloid leukemia with 11q23-abnormality in remission"
"5","cancer","C92.62","acute myeloid leukemia with 11q23-abnormality in relapse"
"5","cancer","C92.9","myeloid leukemia, unspecified"
"5","cancer","C92.90","myeloid leukemia, unspecified, not having achieved remission"
"5","cancer","C92.91","myeloid leukemia, unspecified in remission"
"5","cancer","C92.92","myeloid leukemia, unspecified in relapse"
"5","cancer","C92.A","acute myeloid leukemia with multilineage dysplasia"
"5","cancer","C92.A0","acute myeloid leukemia with multilineage dysplasia, not having achieved remission"
"5","cancer","C92.A1","acute myeloid leukemia with multilineage dysplasia, in remission"
"5","cancer","C92.A2","acute myeloid leukemia with multilineage dysplasia, in relapse"
"5","cancer","C92.Z","other myeloid leukemia"
"5","cancer","C92.Z0","other myeloid leukemia not having achieved remission"
"5","cancer","C92.Z1","other myeloid leukemia, in remission"
"5","cancer","C92.Z2","other myeloid leukemia, in relapse"
"5","cancer","C93","monocytic leukemia"
"5","cancer","C93.0","acute monoblastic/monocytic leukemia"
"5","cancer","C93.00","acute monoblastic/monocytic leukemia, not having achieved remission"
"5","cancer","C93.01","acute monoblastic/monocytic leukemia, in remission"
"5","cancer","C93.02","acute monoblastic/monocytic leukemia, in relapse"
"5","cancer","C93.1","chronic myelomonocytic leukemia"
"5","cancer","C93.10","chronic myelomonocytic leukemia not having achieved remission"
"5","cancer","C93.11","chronic myelomonocytic leukemia, in remission"
"5","cancer","C93.12","chronic myelomonocytic leukemia, in relapse"
"5","cancer","C93.3","juvenile myelomonocytic leukemia"
"5","cancer","C93.30","juvenile myelomonocytic leukemia, not having achieved remission"
"5","cancer","C93.31","juvenile myelomonocytic leukemia, in remission"
"5","cancer","C93.32","juvenile myelomonocytic leukemia, in relapse"
"5","cancer","C93.9","monocytic leukemia, unspecified"
"5","cancer","C93.90","monocytic leukemia, unspecified, not having achieved remission"
"5","cancer","C93.91","monocytic leukemia, unspecified in remission"
"5","cancer","C93.92","monocytic leukemia, unspecified in relapse"
"5","cancer","C93.Z","other monocytic leukemia"
"5","cancer","C93.Z0","other monocytic leukemia, not having achieved remission"
"5","cancer","C93.Z1","other monocytic leukemia, in remission"
"5","cancer","C93.Z2","other monocytic leukemia, in relapse"
"5","cancer","C94","other leukemias of specified cell type"
"5","cancer","C94.0","acute erythroid leukemia"
"5","cancer","C94.00","acute erythroid leukemia, not having achieved remission"
"5","cancer","C94.01","acute erythroid leukemia, in remission"
"5","cancer","C94.02","acute erythroid leukemia, in relapse"
"5","cancer","C94.2","acute megakaryoblastic leukemia"
"5","cancer","C94.20","acute megakaryoblastic leukemia not having achieved remission"
"5","cancer","C94.21","acute megakaryoblastic leukemia, in remission"
"5","cancer","C94.22","acute megakaryoblastic leukemia, in relapse"
"5","cancer","C94.3","mast cell leukemia"
"5","cancer","C94.30","mast cell leukemia not having achieved remission"
"5","cancer","C94.31","mast cell leukemia, in remission"
"5","cancer","C94.32","mast cell leukemia, in relapse"
"5","cancer","C94.4","acute panmyelosis with myelofibrosis"
"5","cancer","C94.40","acute panmyelosis with myelofibrosis not having achieved remission"
"5","cancer","C94.41","acute panmyelosis with myelofibrosis, in remission"
"5","cancer","C94.42","acute panmyelosis with myelofibrosis, in relapse"
"5","cancer","C94.6","myelodysplastic disease, not elsewhere classified"
"5","cancer","C94.8","other specified leukemias"
"5","cancer","C94.80","other specified leukemias not having achieved remission"
"5","cancer","C94.81","other specified leukemias, in remission"
"5","cancer","C94.82","other specified leukemias, in relapse"
"5","cancer","C95","leukemia of unspecified cell type"
"5","cancer","C95.0","acute leukemia of unspecified cell type"
"5","cancer","C95.00","acute leukemia of unspecified cell type not having achieved remission"
"5","cancer","C95.01","acute leukemia of unspecified cell type, in remission"
"5","cancer","C95.02","acute leukemia of unspecified cell type, in relapse"
"5","cancer","C95.1","chronic leukemia of unspecified cell type"
"5","cancer","C95.10","chronic leukemia of unspecified cell type not having achieved remission"
"5","cancer","C95.11","chronic leukemia of unspecified cell type, in remission"
"5","cancer","C95.12","chronic leukemia of unspecified cell type, in relapse"
"5","cancer","C95.9","leukemia, unspecified"
"5","cancer","C95.90","leukemia, unspecified not having achieved remission"
"5","cancer","C95.91","leukemia, unspecified, in remission"
"5","cancer","C95.92","leukemia, unspecified, in relapse"
"5","cancer","C96","other and unspecified malignant neoplasms of lymphoid, hematopoietic and related tissue"
"5","cancer","C96.0","multifocal and multisystemic (disseminated) langerhans-cell histiocytosis"
"5","cancer","C96.2","malignant mast cell neoplasm"
"5","cancer","C96.20","malignant mast cell neoplasm, unspecified"
"5","cancer","C96.21","aggressive systemic mastocytosis"
"5","cancer","C96.22","mast cell sarcoma"
"5","cancer","C96.29","other malignant mast cell neoplasm"
"5","cancer","C96.4","sarcoma of dendritic cells (accessory cells)"
"5","cancer","C96.5","multifocal and unisystemic langerhans-cell histiocytosis"
"5","cancer","C96.6","unifocal langerhans-cell histiocytosis"
"5","cancer","C96.9","malignant neoplasm of lymphoid, hematopoietic and related tissue, unspecified"
"5","cancer","C96.A","histiocytic sarcoma"
"5","cancer","C96.Z","other specified malignant neoplasms of lymphoid, hematopoietic and related tissue"
"6","chronic_kidney_disease","E08.22","diabetes mellitus due to underlying condition with diabetic chronic kidney disease"
"6","chronic_kidney_disease","E09.22","drug or chemical induced diabetes mellitus with diabetic chronic kidney disease"
"6","chronic_kidney_disease","E10.22","type 1 diabetes mellitus with diabetic chronic kidney disease"
"6","chronic_kidney_disease","E11.22","type 2 diabetes mellitus with diabetic chronic kidney disease"
"6","chronic_kidney_disease","E13.22","other specified diabetes mellitus with diabetic chronic kidney disease"
"6","chronic_kidney_disease","I12","hypertensive chronic kidney disease"
"6","chronic_kidney_disease","I12.0","hypertensive chronic kidney disease with stage 5 chronic kidney disease or end stage renal disease"
"6","chronic_kidney_disease","I12.9","hypertensive chronic kidney disease with stage 1 through stage 4 chronic kidney disease, or unspecified chronic kidney disease"
"6","chronic_kidney_disease","I13","hypertensive heart and chronic kidney disease"
"6","chronic_kidney_disease","I13.0","hypertensive heart and chronic kidney disease with heart failure and stage 1 through stage 4 chronic kidney disease, or unspecified chronic kidney disease"
"6","chronic_kidney_disease","I13.1","hypertensive heart and chronic kidney disease without heart failure"
"6","chronic_kidney_disease","I13.10","hypertensive heart and chronic kidney disease without heart failure, with stage 1 through stage 4 chronic kidney disease, or unspecified chronic kidney disease"
"6","chronic_kidney_disease","I13.11","hypertensive heart and chronic kidney disease without heart failure, with stage 5 chronic kidney disease, or end stage renal disease"
"6","chronic_kidney_disease","I13.2","hypertensive heart and chronic kidney disease with heart failure and with stage 5 chronic kidney disease, or end stage renal disease"
"6","chronic_kidney_disease","N18","chronic kidney disease (ckd)"
"6","chronic_kidney_disease","N18.1","chronic kidney disease, stage 1"
"6","chronic_kidney_disease","N18.2","chronic kidney disease, stage 2 (mild)"
"6","chronic_kidney_disease","N18.3","chronic kidney disease, stage 3 (moderate)"
"6","chronic_kidney_disease","N18.30","chronic kidney disease, stage 3 unspecified"
"6","chronic_kidney_disease","N18.31","chronic kidney disease, stage 3a"
"6","chronic_kidney_disease","N18.32","chronic kidney disease, stage 3b"
"6","chronic_kidney_disease","N18.4","chronic kidney disease, stage 4 (severe)"
"6","chronic_kidney_disease","N18.5","chronic kidney disease, stage 5"
"6","chronic_kidney_disease","N18.6","end stage renal disease"
"6","chronic_kidney_disease","N18.9","chronic kidney disease, unspecified"
"7","chronic_liver_diseases","B18","chronic viral hepatitis"
"7","chronic_liver_diseases","B18.0","chronic viral hepatitis b with delta-agent"
"7","chronic_liver_diseases","B18.1","chronic viral hepatitis b without delta-agent"
"7","chronic_liver_diseases","B18.2","chronic viral hepatitis c"
"7","chronic_liver_diseases","B18.8","other chronic viral hepatitis"
"7","chronic_liver_diseases","B18.9","chronic viral hepatitis, unspecified"
"7","chronic_liver_diseases","K70","alcoholic liver disease"
"7","chronic_liver_diseases","K70.0","alcoholic fatty liver"
"7","chronic_liver_diseases","K70.1","alcoholic hepatitis"
"7","chronic_liver_diseases","K70.10","alcoholic hepatitis without ascites"
"7","chronic_liver_diseases","K70.11","alcoholic hepatitis with ascites"
"7","chronic_liver_diseases","K70.2","alcoholic fibrosis and sclerosis of liver"
"7","chronic_liver_diseases","K70.3","alcoholic cirrhosis of liver"
"7","chronic_liver_diseases","K70.30","alcoholic cirrhosis of liver without ascites"
"7","chronic_liver_diseases","K70.31","alcoholic cirrhosis of liver with ascites"
"7","chronic_liver_diseases","K70.4","alcoholic hepatic failure"
"7","chronic_liver_diseases","K70.40","alcoholic hepatic failure without coma"
"7","chronic_liver_diseases","K70.41","alcoholic hepatic failure with coma"
"7","chronic_liver_diseases","K70.9","alcoholic liver disease, unspecified"
"7","chronic_liver_diseases","K71.4","toxic liver disease with chronic lobular hepatitis"
"7","chronic_liver_diseases","K71.5","toxic liver disease with chronic active hepatitis"
"7","chronic_liver_diseases","K71.50","toxic liver disease with chronic active hepatitis without ascites"
"7","chronic_liver_diseases","K71.51","toxic liver disease with chronic active hepatitis with ascites"
"7","chronic_liver_diseases","K71.7","toxic liver disease with fibrosis and cirrhosis of liver"
"7","chronic_liver_diseases","K72.1","chronic hepatic failure"
"7","chronic_liver_diseases","K72.10","chronic hepatic failure without coma"
"7","chronic_liver_diseases","K72.11","chronic hepatic failure with coma"
"7","chronic_liver_diseases","K73","chronic hepatitis, not elsewhere classified"
"7","chronic_liver_diseases","K73.0","chronic persistent hepatitis, not elsewhere classified"
"7","chronic_liver_diseases","K73.1","chronic lobular hepatitis, not elsewhere classified"
"7","chronic_liver_diseases","K73.2","chronic active hepatitis, not elsewhere classified"
"7","chronic_liver_diseases","K73.8","other chronic hepatitis, not elsewhere classified"
"7","chronic_liver_diseases","K73.9","chronic hepatitis, unspecified"
"7","chronic_liver_diseases","K74","fibrosis and cirrhosis of liver"
"7","chronic_liver_diseases","K74.0","hepatic fibrosis"
"7","chronic_liver_diseases","K74.00","hepatic fibrosis, unspecified"
"7","chronic_liver_diseases","K74.01","hepatic fibrosis, early fibrosis"
"7","chronic_liver_diseases","K74.02","hepatic fibrosis, advanced fibrosis"
"7","chronic_liver_diseases","K74.1","hepatic sclerosis"
"7","chronic_liver_diseases","K74.2","hepatic fibrosis with hepatic sclerosis"
"7","chronic_liver_diseases","K74.3","primary biliary cirrhosis"
"7","chronic_liver_diseases","K74.4","secondary biliary cirrhosis"
"7","chronic_liver_diseases","K74.5","biliary cirrhosis, unspecified"
"7","chronic_liver_diseases","K74.6","other and unspecified cirrhosis of liver"
"7","chronic_liver_diseases","K74.60","unspecified cirrhosis of liver"
"7","chronic_liver_diseases","K74.69","other cirrhosis of liver"
"7","chronic_liver_diseases","K75","other inflammatory liver diseases"
"7","chronic_liver_diseases","K75.0","abscess of liver"
"7","chronic_liver_diseases","K75.1","phlebitis of portal vein"
"7","chronic_liver_diseases","K75.2","nonspecific reactive hepatitis"
"7","chronic_liver_diseases","K75.3","granulomatous hepatitis, not elsewhere classified"
"7","chronic_liver_diseases","K75.4","autoimmune hepatitis"
"7","chronic_liver_diseases","K75.8","other specified inflammatory liver diseases"
"7","chronic_liver_diseases","K75.81","nonalcoholic steatohepatitis (nash)"
"7","chronic_liver_diseases","K75.89","other specified inflammatory liver diseases"
"7","chronic_liver_diseases","K75.9","inflammatory liver disease, unspecified"
"7","chronic_liver_diseases","K76","other diseases of liver"
"7","chronic_liver_diseases","K76.0","fatty (change of) liver, not elsewhere classified"
"7","chronic_liver_diseases","K76.1","chronic passive congestion of liver"
"7","chronic_liver_diseases","K76.2","central hemorrhagic necrosis of liver"
"7","chronic_liver_diseases","K76.3","infarction of liver"
"7","chronic_liver_diseases","K76.4","peliosis hepatis"
"7","chronic_liver_diseases","K76.5","hepatic veno-occlusive disease"
"7","chronic_liver_diseases","K76.6","portal hypertension"
"7","chronic_liver_diseases","K76.7","hepatorenal syndrome"
"7","chronic_liver_diseases","K76.8","other specified diseases of liver"
"7","chronic_liver_diseases","K76.81","hepatopulmonary syndrome"
"7","chronic_liver_diseases","K76.82","hepatic encephalopathy"
"7","chronic_liver_diseases","K76.89","other specified diseases of liver"
"7","chronic_liver_diseases","K76.9","liver disease, unspecified"
"7","chronic_liver_diseases","R16","hepatomegaly and splenomegaly, not elsewhere classified"
"7","chronic_liver_diseases","R16.0","hepatomegaly, not elsewhere classified"
"7","chronic_liver_diseases","R16.1","splenomegaly, not elsewhere classified"
"7","chronic_liver_diseases","R16.2","hepatomegaly with splenomegaly, not elsewhere classified"
"8","diabetes_mellitus","E08","diabetes mellitus due to underlying condition"
"8","diabetes_mellitus","E08.0","diabetes mellitus due to underlying condition with hyperosmolarity"
"8","diabetes_mellitus","E08.00","diabetes mellitus due to underlying condition with hyperosmolarity without nonketotic hyperglycemic-hyperosmolar coma (nkhhc)"
"8","diabetes_mellitus","E08.01","diabetes mellitus due to underlying condition with hyperosmolarity with coma"
"8","diabetes_mellitus","E08.1","diabetes mellitus due to underlying condition with ketoacidosis"
"8","diabetes_mellitus","E08.10","diabetes mellitus due to underlying condition with ketoacidosis without coma"
"8","diabetes_mellitus","E08.11","diabetes mellitus due to underlying condition with ketoacidosis with coma"
"8","diabetes_mellitus","E08.2","diabetes mellitus due to underlying condition with kidney complications"
"8","diabetes_mellitus","E08.21","diabetes mellitus due to underlying condition with diabetic nephropathy"
"8","diabetes_mellitus","E08.22","diabetes mellitus due to underlying condition with diabetic chronic kidney disease"
"8","diabetes_mellitus","E08.29","diabetes mellitus due to underlying condition with other diabetic kidney complication"
"8","diabetes_mellitus","E08.3","diabetes mellitus due to underlying condition with ophthalmic complications"
"8","diabetes_mellitus","E08.31","diabetes mellitus due to underlying condition with unspecified diabetic retinopathy"
"8","diabetes_mellitus","E08.311","diabetes mellitus due to underlying condition with unspecified diabetic retinopathy with macular edema"
"8","diabetes_mellitus","E08.319","diabetes mellitus due to underlying condition with unspecified diabetic retinopathy without macular edema"
"8","diabetes_mellitus","E08.32","diabetes mellitus due to underlying condition with mild nonproliferative diabetic retinopathy"
"8","diabetes_mellitus","E08.321","diabetes mellitus due to underlying condition with mild nonproliferative diabetic retinopathy with macular edema"
"8","diabetes_mellitus","E08.3211","diabetes mellitus due to underlying condition with mild nonproliferative diabetic retinopathy with macular edema, right eye"
"8","diabetes_mellitus","E08.3212","diabetes mellitus due to underlying condition with mild nonproliferative diabetic retinopathy with macular edema, left eye"
"8","diabetes_mellitus","E08.3213","diabetes mellitus due to underlying condition with mild nonproliferative diabetic retinopathy with macular edema, bilateral"
"8","diabetes_mellitus","E08.3219","diabetes mellitus due to underlying condition with mild nonproliferative diabetic retinopathy with macular edema, unspecified eye"
"8","diabetes_mellitus","E08.329","diabetes mellitus due to underlying condition with mild nonproliferative diabetic retinopathy without macular edema"
"8","diabetes_mellitus","E08.3291","diabetes mellitus due to underlying condition with mild nonproliferative diabetic retinopathy without macular edema, right eye"
"8","diabetes_mellitus","E08.3292","diabetes mellitus due to underlying condition with mild nonproliferative diabetic retinopathy without macular edema, left eye"
"8","diabetes_mellitus","E08.3293","diabetes mellitus due to underlying condition with mild nonproliferative diabetic retinopathy without macular edema, bilateral"
"8","diabetes_mellitus","E08.3299","diabetes mellitus due to underlying condition with mild nonproliferative diabetic retinopathy without macular edema, unspecified eye"
"8","diabetes_mellitus","E08.33","diabetes mellitus due to underlying condition with moderate nonproliferative diabetic retinopathy"
"8","diabetes_mellitus","E08.331","diabetes mellitus due to underlying condition with moderate nonproliferative diabetic retinopathy with macular edema"
"8","diabetes_mellitus","E08.3311","diabetes mellitus due to underlying condition with moderate nonproliferative diabetic retinopathy with macular edema, right eye"
"8","diabetes_mellitus","E08.3312","diabetes mellitus due to underlying condition with moderate nonproliferative diabetic retinopathy with macular edema, left eye"
"8","diabetes_mellitus","E08.3313","diabetes mellitus due to underlying condition with moderate nonproliferative diabetic retinopathy with macular edema, bilateral"
"8","diabetes_mellitus","E08.3319","diabetes mellitus due to underlying condition with moderate nonproliferative diabetic retinopathy with macular edema, unspecified eye"
"8","diabetes_mellitus","E08.339","diabetes mellitus due to underlying condition with moderate nonproliferative diabetic retinopathy without macular edema"
"8","diabetes_mellitus","E08.3391","diabetes mellitus due to underlying condition with moderate nonproliferative diabetic retinopathy without macular edema, right eye"
"8","diabetes_mellitus","E08.3392","diabetes mellitus due to underlying condition with moderate nonproliferative diabetic retinopathy without macular edema, left eye"
"8","diabetes_mellitus","E08.3393","diabetes mellitus due to underlying condition with moderate nonproliferative diabetic retinopathy without macular edema, bilateral"
"8","diabetes_mellitus","E08.3399","diabetes mellitus due to underlying condition with moderate nonproliferative diabetic retinopathy without macular edema, unspecified eye"
"8","diabetes_mellitus","E08.34","diabetes mellitus due to underlying condition with severe nonproliferative diabetic retinopathy"
"8","diabetes_mellitus","E08.341","diabetes mellitus due to underlying condition with severe nonproliferative diabetic retinopathy with macular edema"
"8","diabetes_mellitus","E08.3411","diabetes mellitus due to underlying condition with severe nonproliferative diabetic retinopathy with macular edema, right eye"
"8","diabetes_mellitus","E08.3412","diabetes mellitus due to underlying condition with severe nonproliferative diabetic retinopathy with macular edema, left eye"
"8","diabetes_mellitus","E08.3413","diabetes mellitus due to underlying condition with severe nonproliferative diabetic retinopathy with macular edema, bilateral"
"8","diabetes_mellitus","E08.3419","diabetes mellitus due to underlying condition with severe nonproliferative diabetic retinopathy with macular edema, unspecified eye"
"8","diabetes_mellitus","E08.349","diabetes mellitus due to underlying condition with severe nonproliferative diabetic retinopathy without macular edema"
"8","diabetes_mellitus","E08.3491","diabetes mellitus due to underlying condition with severe nonproliferative diabetic retinopathy without macular edema, right eye"
"8","diabetes_mellitus","E08.3492","diabetes mellitus due to underlying condition with severe nonproliferative diabetic retinopathy without macular edema, left eye"
"8","diabetes_mellitus","E08.3493","diabetes mellitus due to underlying condition with severe nonproliferative diabetic retinopathy without macular edema, bilateral"
"8","diabetes_mellitus","E08.3499","diabetes mellitus due to underlying condition with severe nonproliferative diabetic retinopathy without macular edema, unspecified eye"
"8","diabetes_mellitus","E08.35","diabetes mellitus due to underlying condition with proliferative diabetic retinopathy"
"8","diabetes_mellitus","E08.351","diabetes mellitus due to underlying condition with proliferative diabetic retinopathy with macular edema"
"8","diabetes_mellitus","E08.3511","diabetes mellitus due to underlying condition with proliferative diabetic retinopathy with macular edema, right eye"
"8","diabetes_mellitus","E08.3512","diabetes mellitus due to underlying condition with proliferative diabetic retinopathy with macular edema, left eye"
"8","diabetes_mellitus","E08.3513","diabetes mellitus due to underlying condition with proliferative diabetic retinopathy with macular edema, bilateral"
"8","diabetes_mellitus","E08.3519","diabetes mellitus due to underlying condition with proliferative diabetic retinopathy with macular edema, unspecified eye"
"8","diabetes_mellitus","E08.352","diabetes mellitus due to underlying condition with proliferative diabetic retinopathy with traction retinal detachment involving the macula"
"8","diabetes_mellitus","E08.3521","diabetes mellitus due to underlying condition with proliferative diabetic retinopathy with traction retinal detachment involving the macula, right eye"
"8","diabetes_mellitus","E08.3522","diabetes mellitus due to underlying condition with proliferative diabetic retinopathy with traction retinal detachment involving the macula, left eye"
"8","diabetes_mellitus","E08.3523","diabetes mellitus due to underlying condition with proliferative diabetic retinopathy with traction retinal detachment involving the macula, bilateral"
"8","diabetes_mellitus","E08.3529","diabetes mellitus due to underlying condition with proliferative diabetic retinopathy with traction retinal detachment involving the macula, unspecified eye"
"8","diabetes_mellitus","E08.353","diabetes mellitus due to underlying condition with proliferative diabetic retinopathy with traction retinal detachment not involving the macula"
"8","diabetes_mellitus","E08.3531","diabetes mellitus due to underlying condition with proliferative diabetic retinopathy with traction retinal detachment not involving the macula, right eye"
"8","diabetes_mellitus","E08.3532","diabetes mellitus due to underlying condition with proliferative diabetic retinopathy with traction retinal detachment not involving the macula, left eye"
"8","diabetes_mellitus","E08.3533","diabetes mellitus due to underlying condition with proliferative diabetic retinopathy with traction retinal detachment not involving the macula, bilateral"
"8","diabetes_mellitus","E08.3539","diabetes mellitus due to underlying condition with proliferative diabetic retinopathy with traction retinal detachment not involving the macula, unspecified eye"
"8","diabetes_mellitus","E08.354","diabetes mellitus due to underlying condition with proliferative diabetic retinopathy with combined traction retinal detachment and rhegmatogenous retinal detachment"
"8","diabetes_mellitus","E08.3541","diabetes mellitus due to underlying condition with proliferative diabetic retinopathy with combined traction retinal detachment and rhegmatogenous retinal detachment, right eye"
"8","diabetes_mellitus","E08.3542","diabetes mellitus due to underlying condition with proliferative diabetic retinopathy with combined traction retinal detachment and rhegmatogenous retinal detachment, left eye"
"8","diabetes_mellitus","E08.3543","diabetes mellitus due to underlying condition with proliferative diabetic retinopathy with combined traction retinal detachment and rhegmatogenous retinal detachment, bilateral"
"8","diabetes_mellitus","E08.3549","diabetes mellitus due to underlying condition with proliferative diabetic retinopathy with combined traction retinal detachment and rhegmatogenous retinal detachment, unspecified eye"
"8","diabetes_mellitus","E08.355","diabetes mellitus due to underlying condition with stable proliferative diabetic retinopathy"
"8","diabetes_mellitus","E08.3551","diabetes mellitus due to underlying condition with stable proliferative diabetic retinopathy, right eye"
"8","diabetes_mellitus","E08.3552","diabetes mellitus due to underlying condition with stable proliferative diabetic retinopathy, left eye"
"8","diabetes_mellitus","E08.3553","diabetes mellitus due to underlying condition with stable proliferative diabetic retinopathy, bilateral"
"8","diabetes_mellitus","E08.3559","diabetes mellitus due to underlying condition with stable proliferative diabetic retinopathy, unspecified eye"
"8","diabetes_mellitus","E08.359","diabetes mellitus due to underlying condition with proliferative diabetic retinopathy without macular edema"
"8","diabetes_mellitus","E08.3591","diabetes mellitus due to underlying condition with proliferative diabetic retinopathy without macular edema, right eye"
"8","diabetes_mellitus","E08.3592","diabetes mellitus due to underlying condition with proliferative diabetic retinopathy without macular edema, left eye"
"8","diabetes_mellitus","E08.3593","diabetes mellitus due to underlying condition with proliferative diabetic retinopathy without macular edema, bilateral"
"8","diabetes_mellitus","E08.3599","diabetes mellitus due to underlying condition with proliferative diabetic retinopathy without macular edema, unspecified eye"
"8","diabetes_mellitus","E08.36","diabetes mellitus due to underlying condition with diabetic cataract"
"8","diabetes_mellitus","E08.37","diabetes mellitus due to underlying condition with diabetic macular edema, resolved following treatment"
"8","diabetes_mellitus","E08.37X1","diabetes mellitus due to underlying condition with diabetic macular edema, resolved following treatment, right eye"
"8","diabetes_mellitus","E08.37X2","diabetes mellitus due to underlying condition with diabetic macular edema, resolved following treatment, left eye"
"8","diabetes_mellitus","E08.37X3","diabetes mellitus due to underlying condition with diabetic macular edema, resolved following treatment, bilateral"
"8","diabetes_mellitus","E08.37X9","diabetes mellitus due to underlying condition with diabetic macular edema, resolved following treatment, unspecified eye"
"8","diabetes_mellitus","E08.39","diabetes mellitus due to underlying condition with other diabetic ophthalmic complication"
"8","diabetes_mellitus","E08.4","diabetes mellitus due to underlying condition with neurological complications"
"8","diabetes_mellitus","E08.40","diabetes mellitus due to underlying condition with diabetic neuropathy, unspecified"
"8","diabetes_mellitus","E08.41","diabetes mellitus due to underlying condition with diabetic mononeuropathy"
"8","diabetes_mellitus","E08.42","diabetes mellitus due to underlying condition with diabetic polyneuropathy"
"8","diabetes_mellitus","E08.43","diabetes mellitus due to underlying condition with diabetic autonomic (poly)neuropathy"
"8","diabetes_mellitus","E08.44","diabetes mellitus due to underlying condition with diabetic amyotrophy"
"8","diabetes_mellitus","E08.49","diabetes mellitus due to underlying condition with other diabetic neurological complication"
"8","diabetes_mellitus","E08.5","diabetes mellitus due to underlying condition with circulatory complications"
"8","diabetes_mellitus","E08.51","diabetes mellitus due to underlying condition with diabetic peripheral angiopathy without gangrene"
"8","diabetes_mellitus","E08.52","diabetes mellitus due to underlying condition with diabetic peripheral angiopathy with gangrene"
"8","diabetes_mellitus","E08.59","diabetes mellitus due to underlying condition with other circulatory complications"
"8","diabetes_mellitus","E08.6","diabetes mellitus due to underlying condition with other specified complications"
"8","diabetes_mellitus","E08.61","diabetes mellitus due to underlying condition with diabetic arthropathy"
"8","diabetes_mellitus","E08.610","diabetes mellitus due to underlying condition with diabetic neuropathic arthropathy"
"8","diabetes_mellitus","E08.618","diabetes mellitus due to underlying condition with other diabetic arthropathy"
"8","diabetes_mellitus","E08.62","diabetes mellitus due to underlying condition with skin complications"
"8","diabetes_mellitus","E08.620","diabetes mellitus due to underlying condition with diabetic dermatitis"
"8","diabetes_mellitus","E08.621","diabetes mellitus due to underlying condition with foot ulcer"
"8","diabetes_mellitus","E08.622","diabetes mellitus due to underlying condition with other skin ulcer"
"8","diabetes_mellitus","E08.628","diabetes mellitus due to underlying condition with other skin complications"
"8","diabetes_mellitus","E08.63","diabetes mellitus due to underlying condition with oral complications"
"8","diabetes_mellitus","E08.630","diabetes mellitus due to underlying condition with periodontal disease"
"8","diabetes_mellitus","E08.638","diabetes mellitus due to underlying condition with other oral complications"
"8","diabetes_mellitus","E08.64","diabetes mellitus due to underlying condition with hypoglycemia"
"8","diabetes_mellitus","E08.641","diabetes mellitus due to underlying condition with hypoglycemia with coma"
"8","diabetes_mellitus","E08.649","diabetes mellitus due to underlying condition with hypoglycemia without coma"
"8","diabetes_mellitus","E08.65","diabetes mellitus due to underlying condition with hyperglycemia"
"8","diabetes_mellitus","E08.69","diabetes mellitus due to underlying condition with other specified complication"
"8","diabetes_mellitus","E08.8","diabetes mellitus due to underlying condition with unspecified complications"
"8","diabetes_mellitus","E08.9","diabetes mellitus due to underlying condition without complications"
"8","diabetes_mellitus","E09","drug or chemical induced diabetes mellitus"
"8","diabetes_mellitus","E09.0","drug or chemical induced diabetes mellitus with hyperosmolarity"
"8","diabetes_mellitus","E09.00","drug or chemical induced diabetes mellitus with hyperosmolarity without nonketotic hyperglycemic-hyperosmolar coma (nkhhc)"
"8","diabetes_mellitus","E09.01","drug or chemical induced diabetes mellitus with hyperosmolarity with coma"
"8","diabetes_mellitus","E09.1","drug or chemical induced diabetes mellitus with ketoacidosis"
"8","diabetes_mellitus","E09.10","drug or chemical induced diabetes mellitus with ketoacidosis without coma"
"8","diabetes_mellitus","E09.11","drug or chemical induced diabetes mellitus with ketoacidosis with coma"
"8","diabetes_mellitus","E09.2","drug or chemical induced diabetes mellitus with kidney complications"
"8","diabetes_mellitus","E09.21","drug or chemical induced diabetes mellitus with diabetic nephropathy"
"8","diabetes_mellitus","E09.22","drug or chemical induced diabetes mellitus with diabetic chronic kidney disease"
"8","diabetes_mellitus","E09.29","drug or chemical induced diabetes mellitus with other diabetic kidney complication"
"8","diabetes_mellitus","E09.3","drug or chemical induced diabetes mellitus with ophthalmic complications"
"8","diabetes_mellitus","E09.31","drug or chemical induced diabetes mellitus with unspecified diabetic retinopathy"
"8","diabetes_mellitus","E09.311","drug or chemical induced diabetes mellitus with unspecified diabetic retinopathy with macular edema"
"8","diabetes_mellitus","E09.319","drug or chemical induced diabetes mellitus with unspecified diabetic retinopathy without macular edema"
"8","diabetes_mellitus","E09.32","drug or chemical induced diabetes mellitus with mild nonproliferative diabetic retinopathy"
"8","diabetes_mellitus","E09.321","drug or chemical induced diabetes mellitus with mild nonproliferative diabetic retinopathy with macular edema"
"8","diabetes_mellitus","E09.3211","drug or chemical induced diabetes mellitus with mild nonproliferative diabetic retinopathy with macular edema, right eye"
"8","diabetes_mellitus","E09.3212","drug or chemical induced diabetes mellitus with mild nonproliferative diabetic retinopathy with macular edema, left eye"
"8","diabetes_mellitus","E09.3213","drug or chemical induced diabetes mellitus with mild nonproliferative diabetic retinopathy with macular edema, bilateral"
"8","diabetes_mellitus","E09.3219","drug or chemical induced diabetes mellitus with mild nonproliferative diabetic retinopathy with macular edema, unspecified eye"
"8","diabetes_mellitus","E09.329","drug or chemical induced diabetes mellitus with mild nonproliferative diabetic retinopathy without macular edema"
"8","diabetes_mellitus","E09.3291","drug or chemical induced diabetes mellitus with mild nonproliferative diabetic retinopathy without macular edema, right eye"
"8","diabetes_mellitus","E09.3292","drug or chemical induced diabetes mellitus with mild nonproliferative diabetic retinopathy without macular edema, left eye"
"8","diabetes_mellitus","E09.3293","drug or chemical induced diabetes mellitus with mild nonproliferative diabetic retinopathy without macular edema, bilateral"
"8","diabetes_mellitus","E09.3299","drug or chemical induced diabetes mellitus with mild nonproliferative diabetic retinopathy without macular edema, unspecified eye"
"8","diabetes_mellitus","E09.33","drug or chemical induced diabetes mellitus with moderate nonproliferative diabetic retinopathy"
"8","diabetes_mellitus","E09.331","drug or chemical induced diabetes mellitus with moderate nonproliferative diabetic retinopathy with macular edema"
"8","diabetes_mellitus","E09.3311","drug or chemical induced diabetes mellitus with moderate nonproliferative diabetic retinopathy with macular edema, right eye"
"8","diabetes_mellitus","E09.3312","drug or chemical induced diabetes mellitus with moderate nonproliferative diabetic retinopathy with macular edema, left eye"
"8","diabetes_mellitus","E09.3313","drug or chemical induced diabetes mellitus with moderate nonproliferative diabetic retinopathy with macular edema, bilateral"
"8","diabetes_mellitus","E09.3319","drug or chemical induced diabetes mellitus with moderate nonproliferative diabetic retinopathy with macular edema, unspecified eye"
"8","diabetes_mellitus","E09.339","drug or chemical induced diabetes mellitus with moderate nonproliferative diabetic retinopathy without macular edema"
"8","diabetes_mellitus","E09.3391","drug or chemical induced diabetes mellitus with moderate nonproliferative diabetic retinopathy without macular edema, right eye"
"8","diabetes_mellitus","E09.3392","drug or chemical induced diabetes mellitus with moderate nonproliferative diabetic retinopathy without macular edema, left eye"
"8","diabetes_mellitus","E09.3393","drug or chemical induced diabetes mellitus with moderate nonproliferative diabetic retinopathy without macular edema, bilateral"
"8","diabetes_mellitus","E09.3399","drug or chemical induced diabetes mellitus with moderate nonproliferative diabetic retinopathy without macular edema, unspecified eye"
"8","diabetes_mellitus","E09.34","drug or chemical induced diabetes mellitus with severe nonproliferative diabetic retinopathy"
"8","diabetes_mellitus","E09.341","drug or chemical induced diabetes mellitus with severe nonproliferative diabetic retinopathy with macular edema"
"8","diabetes_mellitus","E09.3411","drug or chemical induced diabetes mellitus with severe nonproliferative diabetic retinopathy with macular edema, right eye"
"8","diabetes_mellitus","E09.3412","drug or chemical induced diabetes mellitus with severe nonproliferative diabetic retinopathy with macular edema, left eye"
"8","diabetes_mellitus","E09.3413","drug or chemical induced diabetes mellitus with severe nonproliferative diabetic retinopathy with macular edema, bilateral"
"8","diabetes_mellitus","E09.3419","drug or chemical induced diabetes mellitus with severe nonproliferative diabetic retinopathy with macular edema, unspecified eye"
"8","diabetes_mellitus","E09.349","drug or chemical induced diabetes mellitus with severe nonproliferative diabetic retinopathy without macular edema"
"8","diabetes_mellitus","E09.3491","drug or chemical induced diabetes mellitus with severe nonproliferative diabetic retinopathy without macular edema, right eye"
"8","diabetes_mellitus","E09.3492","drug or chemical induced diabetes mellitus with severe nonproliferative diabetic retinopathy without macular edema, left eye"
"8","diabetes_mellitus","E09.3493","drug or chemical induced diabetes mellitus with severe nonproliferative diabetic retinopathy without macular edema, bilateral"
"8","diabetes_mellitus","E09.3499","drug or chemical induced diabetes mellitus with severe nonproliferative diabetic retinopathy without macular edema, unspecified eye"
"8","diabetes_mellitus","E09.35","drug or chemical induced diabetes mellitus with proliferative diabetic retinopathy"
"8","diabetes_mellitus","E09.351","drug or chemical induced diabetes mellitus with proliferative diabetic retinopathy with macular edema"
"8","diabetes_mellitus","E09.3511","drug or chemical induced diabetes mellitus with proliferative diabetic retinopathy with macular edema, right eye"
"8","diabetes_mellitus","E09.3512","drug or chemical induced diabetes mellitus with proliferative diabetic retinopathy with macular edema, left eye"
"8","diabetes_mellitus","E09.3513","drug or chemical induced diabetes mellitus with proliferative diabetic retinopathy with macular edema, bilateral"
"8","diabetes_mellitus","E09.3519","drug or chemical induced diabetes mellitus with proliferative diabetic retinopathy with macular edema, unspecified eye"
"8","diabetes_mellitus","E09.352","drug or chemical induced diabetes mellitus with proliferative diabetic retinopathy with traction retinal detachment involving the macula"
"8","diabetes_mellitus","E09.3521","drug or chemical induced diabetes mellitus with proliferative diabetic retinopathy with traction retinal detachment involving the macula, right eye"
"8","diabetes_mellitus","E09.3522","drug or chemical induced diabetes mellitus with proliferative diabetic retinopathy with traction retinal detachment involving the macula, left eye"
"8","diabetes_mellitus","E09.3523","drug or chemical induced diabetes mellitus with proliferative diabetic retinopathy with traction retinal detachment involving the macula, bilateral"
"8","diabetes_mellitus","E09.3529","drug or chemical induced diabetes mellitus with proliferative diabetic retinopathy with traction retinal detachment involving the macula, unspecified eye"
"8","diabetes_mellitus","E09.353","drug or chemical induced diabetes mellitus with proliferative diabetic retinopathy with traction retinal detachment not involving the macula"
"8","diabetes_mellitus","E09.3531","drug or chemical induced diabetes mellitus with proliferative diabetic retinopathy with traction retinal detachment not involving the macula, right eye"
"8","diabetes_mellitus","E09.3532","drug or chemical induced diabetes mellitus with proliferative diabetic retinopathy with traction retinal detachment not involving the macula, left eye"
"8","diabetes_mellitus","E09.3533","drug or chemical induced diabetes mellitus with proliferative diabetic retinopathy with traction retinal detachment not involving the macula, bilateral"
"8","diabetes_mellitus","E09.3539","drug or chemical induced diabetes mellitus with proliferative diabetic retinopathy with traction retinal detachment not involving the macula, unspecified eye"
"8","diabetes_mellitus","E09.354","drug or chemical induced diabetes mellitus with proliferative diabetic retinopathy with combined traction retinal detachment and rhegmatogenous retinal detachment"
"8","diabetes_mellitus","E09.3541","drug or chemical induced diabetes mellitus with proliferative diabetic retinopathy with combined traction retinal detachment and rhegmatogenous retinal detachment, right eye"
"8","diabetes_mellitus","E09.3542","drug or chemical induced diabetes mellitus with proliferative diabetic retinopathy with combined traction retinal detachment and rhegmatogenous retinal detachment, left eye"
"8","diabetes_mellitus","E09.3543","drug or chemical induced diabetes mellitus with proliferative diabetic retinopathy with combined traction retinal detachment and rhegmatogenous retinal detachment, bilateral"
"8","diabetes_mellitus","E09.3549","drug or chemical induced diabetes mellitus with proliferative diabetic retinopathy with combined traction retinal detachment and rhegmatogenous retinal detachment, unspecified eye"
"8","diabetes_mellitus","E09.355","drug or chemical induced diabetes mellitus with stable proliferative diabetic retinopathy"
"8","diabetes_mellitus","E09.3551","drug or chemical induced diabetes mellitus with stable proliferative diabetic retinopathy, right eye"
"8","diabetes_mellitus","E09.3552","drug or chemical induced diabetes mellitus with stable proliferative diabetic retinopathy, left eye"
"8","diabetes_mellitus","E09.3553","drug or chemical induced diabetes mellitus with stable proliferative diabetic retinopathy, bilateral"
"8","diabetes_mellitus","E09.3559","drug or chemical induced diabetes mellitus with stable proliferative diabetic retinopathy, unspecified eye"
"8","diabetes_mellitus","E09.359","drug or chemical induced diabetes mellitus with proliferative diabetic retinopathy without macular edema"
"8","diabetes_mellitus","E09.3591","drug or chemical induced diabetes mellitus with proliferative diabetic retinopathy without macular edema, right eye"
"8","diabetes_mellitus","E09.3592","drug or chemical induced diabetes mellitus with proliferative diabetic retinopathy without macular edema, left eye"
"8","diabetes_mellitus","E09.3593","drug or chemical induced diabetes mellitus with proliferative diabetic retinopathy without macular edema, bilateral"
"8","diabetes_mellitus","E09.3599","drug or chemical induced diabetes mellitus with proliferative diabetic retinopathy without macular edema, unspecified eye"
"8","diabetes_mellitus","E09.36","drug or chemical induced diabetes mellitus with diabetic cataract"
"8","diabetes_mellitus","E09.37","drug or chemical induced diabetes mellitus with diabetic macular edema, resolved following treatment"
"8","diabetes_mellitus","E09.37X1","drug or chemical induced diabetes mellitus with diabetic macular edema, resolved following treatment, right eye"
"8","diabetes_mellitus","E09.37X2","drug or chemical induced diabetes mellitus with diabetic macular edema, resolved following treatment, left eye"
"8","diabetes_mellitus","E09.37X3","drug or chemical induced diabetes mellitus with diabetic macular edema, resolved following treatment, bilateral"
"8","diabetes_mellitus","E09.37X9","drug or chemical induced diabetes mellitus with diabetic macular edema, resolved following treatment, unspecified eye"
"8","diabetes_mellitus","E09.39","drug or chemical induced diabetes mellitus with other diabetic ophthalmic complication"
"8","diabetes_mellitus","E09.4","drug or chemical induced diabetes mellitus with neurological complications"
"8","diabetes_mellitus","E09.40","drug or chemical induced diabetes mellitus with neurological complications with diabetic neuropathy, unspecified"
"8","diabetes_mellitus","E09.41","drug or chemical induced diabetes mellitus with neurological complications with diabetic mononeuropathy"
"8","diabetes_mellitus","E09.42","drug or chemical induced diabetes mellitus with neurological complications with diabetic polyneuropathy"
"8","diabetes_mellitus","E09.43","drug or chemical induced diabetes mellitus with neurological complications with diabetic autonomic (poly)neuropathy"
"8","diabetes_mellitus","E09.44","drug or chemical induced diabetes mellitus with neurological complications with diabetic amyotrophy"
"8","diabetes_mellitus","E09.49","drug or chemical induced diabetes mellitus with neurological complications with other diabetic neurological complication"
"8","diabetes_mellitus","E09.5","drug or chemical induced diabetes mellitus with circulatory complications"
"8","diabetes_mellitus","E09.51","drug or chemical induced diabetes mellitus with diabetic peripheral angiopathy without gangrene"
"8","diabetes_mellitus","E09.52","drug or chemical induced diabetes mellitus with diabetic peripheral angiopathy with gangrene"
"8","diabetes_mellitus","E09.59","drug or chemical induced diabetes mellitus with other circulatory complications"
"8","diabetes_mellitus","E09.6","drug or chemical induced diabetes mellitus with other specified complications"
"8","diabetes_mellitus","E09.61","drug or chemical induced diabetes mellitus with diabetic arthropathy"
"8","diabetes_mellitus","E09.610","drug or chemical induced diabetes mellitus with diabetic neuropathic arthropathy"
"8","diabetes_mellitus","E09.618","drug or chemical induced diabetes mellitus with other diabetic arthropathy"
"8","diabetes_mellitus","E09.62","drug or chemical induced diabetes mellitus with skin complications"
"8","diabetes_mellitus","E09.620","drug or chemical induced diabetes mellitus with diabetic dermatitis"
"8","diabetes_mellitus","E09.621","drug or chemical induced diabetes mellitus with foot ulcer"
"8","diabetes_mellitus","E09.622","drug or chemical induced diabetes mellitus with other skin ulcer"
"8","diabetes_mellitus","E09.628","drug or chemical induced diabetes mellitus with other skin complications"
"8","diabetes_mellitus","E09.63","drug or chemical induced diabetes mellitus with oral complications"
"8","diabetes_mellitus","E09.630","drug or chemical induced diabetes mellitus with periodontal disease"
"8","diabetes_mellitus","E09.638","drug or chemical induced diabetes mellitus with other oral complications"
"8","diabetes_mellitus","E09.64","drug or chemical induced diabetes mellitus with hypoglycemia"
"8","diabetes_mellitus","E09.641","drug or chemical induced diabetes mellitus with hypoglycemia with coma"
"8","diabetes_mellitus","E09.649","drug or chemical induced diabetes mellitus with hypoglycemia without coma"
"8","diabetes_mellitus","E09.65","drug or chemical induced diabetes mellitus with hyperglycemia"
"8","diabetes_mellitus","E09.69","drug or chemical induced diabetes mellitus with other specified complication"
"8","diabetes_mellitus","E09.8","drug or chemical induced diabetes mellitus with unspecified complications"
"8","diabetes_mellitus","E09.9","drug or chemical induced diabetes mellitus without complications"
"8","diabetes_mellitus","E10","type 1 diabetes mellitus"
"8","diabetes_mellitus","E10.1","type 1 diabetes mellitus with ketoacidosis"
"8","diabetes_mellitus","E10.10","type 1 diabetes mellitus with ketoacidosis without coma"
"8","diabetes_mellitus","E10.11","type 1 diabetes mellitus with ketoacidosis with coma"
"8","diabetes_mellitus","E10.2","type 1 diabetes mellitus with kidney complications"
"8","diabetes_mellitus","E10.21","type 1 diabetes mellitus with diabetic nephropathy"
"8","diabetes_mellitus","E10.22","type 1 diabetes mellitus with diabetic chronic kidney disease"
"8","diabetes_mellitus","E10.29","type 1 diabetes mellitus with other diabetic kidney complication"
"8","diabetes_mellitus","E10.3","type 1 diabetes mellitus with ophthalmic complications"
"8","diabetes_mellitus","E10.31","type 1 diabetes mellitus with unspecified diabetic retinopathy"
"8","diabetes_mellitus","E10.311","type 1 diabetes mellitus with unspecified diabetic retinopathy with macular edema"
"8","diabetes_mellitus","E10.319","type 1 diabetes mellitus with unspecified diabetic retinopathy without macular edema"
"8","diabetes_mellitus","E10.32","type 1 diabetes mellitus with mild nonproliferative diabetic retinopathy"
"8","diabetes_mellitus","E10.321","type 1 diabetes mellitus with mild nonproliferative diabetic retinopathy with macular edema"
"8","diabetes_mellitus","E10.3211","type 1 diabetes mellitus with mild nonproliferative diabetic retinopathy with macular edema, right eye"
"8","diabetes_mellitus","E10.3212","type 1 diabetes mellitus with mild nonproliferative diabetic retinopathy with macular edema, left eye"
"8","diabetes_mellitus","E10.3213","type 1 diabetes mellitus with mild nonproliferative diabetic retinopathy with macular edema, bilateral"
"8","diabetes_mellitus","E10.3219","type 1 diabetes mellitus with mild nonproliferative diabetic retinopathy with macular edema, unspecified eye"
"8","diabetes_mellitus","E10.329","type 1 diabetes mellitus with mild nonproliferative diabetic retinopathy without macular edema"
"8","diabetes_mellitus","E10.3291","type 1 diabetes mellitus with mild nonproliferative diabetic retinopathy without macular edema, right eye"
"8","diabetes_mellitus","E10.3292","type 1 diabetes mellitus with mild nonproliferative diabetic retinopathy without macular edema, left eye"
"8","diabetes_mellitus","E10.3293","type 1 diabetes mellitus with mild nonproliferative diabetic retinopathy without macular edema, bilateral"
"8","diabetes_mellitus","E10.3299","type 1 diabetes mellitus with mild nonproliferative diabetic retinopathy without macular edema, unspecified eye"
"8","diabetes_mellitus","E10.33","type 1 diabetes mellitus with moderate nonproliferative diabetic retinopathy"
"8","diabetes_mellitus","E10.331","type 1 diabetes mellitus with moderate nonproliferative diabetic retinopathy with macular edema"
"8","diabetes_mellitus","E10.3311","type 1 diabetes mellitus with moderate nonproliferative diabetic retinopathy with macular edema, right eye"
"8","diabetes_mellitus","E10.3312","type 1 diabetes mellitus with moderate nonproliferative diabetic retinopathy with macular edema, left eye"
"8","diabetes_mellitus","E10.3313","type 1 diabetes mellitus with moderate nonproliferative diabetic retinopathy with macular edema, bilateral"
"8","diabetes_mellitus","E10.3319","type 1 diabetes mellitus with moderate nonproliferative diabetic retinopathy with macular edema, unspecified eye"
"8","diabetes_mellitus","E10.339","type 1 diabetes mellitus with moderate nonproliferative diabetic retinopathy without macular edema"
"8","diabetes_mellitus","E10.3391","type 1 diabetes mellitus with moderate nonproliferative diabetic retinopathy without macular edema, right eye"
"8","diabetes_mellitus","E10.3392","type 1 diabetes mellitus with moderate nonproliferative diabetic retinopathy without macular edema, left eye"
"8","diabetes_mellitus","E10.3393","type 1 diabetes mellitus with moderate nonproliferative diabetic retinopathy without macular edema, bilateral"
"8","diabetes_mellitus","E10.3399","type 1 diabetes mellitus with moderate nonproliferative diabetic retinopathy without macular edema, unspecified eye"
"8","diabetes_mellitus","E10.34","type 1 diabetes mellitus with severe nonproliferative diabetic retinopathy"
"8","diabetes_mellitus","E10.341","type 1 diabetes mellitus with severe nonproliferative diabetic retinopathy with macular edema"
"8","diabetes_mellitus","E10.3411","type 1 diabetes mellitus with severe nonproliferative diabetic retinopathy with macular edema, right eye"
"8","diabetes_mellitus","E10.3412","type 1 diabetes mellitus with severe nonproliferative diabetic retinopathy with macular edema, left eye"
"8","diabetes_mellitus","E10.3413","type 1 diabetes mellitus with severe nonproliferative diabetic retinopathy with macular edema, bilateral"
"8","diabetes_mellitus","E10.3419","type 1 diabetes mellitus with severe nonproliferative diabetic retinopathy with macular edema, unspecified eye"
"8","diabetes_mellitus","E10.349","type 1 diabetes mellitus with severe nonproliferative diabetic retinopathy without macular edema"
"8","diabetes_mellitus","E10.3491","type 1 diabetes mellitus with severe nonproliferative diabetic retinopathy without macular edema, right eye"
"8","diabetes_mellitus","E10.3492","type 1 diabetes mellitus with severe nonproliferative diabetic retinopathy without macular edema, left eye"
"8","diabetes_mellitus","E10.3493","type 1 diabetes mellitus with severe nonproliferative diabetic retinopathy without macular edema, bilateral"
"8","diabetes_mellitus","E10.3499","type 1 diabetes mellitus with severe nonproliferative diabetic retinopathy without macular edema, unspecified eye"
"8","diabetes_mellitus","E10.35","type 1 diabetes mellitus with proliferative diabetic retinopathy"
"8","diabetes_mellitus","E10.351","type 1 diabetes mellitus with proliferative diabetic retinopathy with macular edema"
"8","diabetes_mellitus","E10.3511","type 1 diabetes mellitus with proliferative diabetic retinopathy with macular edema, right eye"
"8","diabetes_mellitus","E10.3512","type 1 diabetes mellitus with proliferative diabetic retinopathy with macular edema, left eye"
"8","diabetes_mellitus","E10.3513","type 1 diabetes mellitus with proliferative diabetic retinopathy with macular edema, bilateral"
"8","diabetes_mellitus","E10.3519","type 1 diabetes mellitus with proliferative diabetic retinopathy with macular edema, unspecified eye"
"8","diabetes_mellitus","E10.352","type 1 diabetes mellitus with proliferative diabetic retinopathy with traction retinal detachment involving the macula"
"8","diabetes_mellitus","E10.3521","type 1 diabetes mellitus with proliferative diabetic retinopathy with traction retinal detachment involving the macula, right eye"
"8","diabetes_mellitus","E10.3522","type 1 diabetes mellitus with proliferative diabetic retinopathy with traction retinal detachment involving the macula, left eye"
"8","diabetes_mellitus","E10.3523","type 1 diabetes mellitus with proliferative diabetic retinopathy with traction retinal detachment involving the macula, bilateral"
"8","diabetes_mellitus","E10.3529","type 1 diabetes mellitus with proliferative diabetic retinopathy with traction retinal detachment involving the macula, unspecified eye"
"8","diabetes_mellitus","E10.353","type 1 diabetes mellitus with proliferative diabetic retinopathy with traction retinal detachment not involving the macula"
"8","diabetes_mellitus","E10.3531","type 1 diabetes mellitus with proliferative diabetic retinopathy with traction retinal detachment not involving the macula, right eye"
"8","diabetes_mellitus","E10.3532","type 1 diabetes mellitus with proliferative diabetic retinopathy with traction retinal detachment not involving the macula, left eye"
"8","diabetes_mellitus","E10.3533","type 1 diabetes mellitus with proliferative diabetic retinopathy with traction retinal detachment not involving the macula, bilateral"
"8","diabetes_mellitus","E10.3539","type 1 diabetes mellitus with proliferative diabetic retinopathy with traction retinal detachment not involving the macula, unspecified eye"
"8","diabetes_mellitus","E10.354","type 1 diabetes mellitus with proliferative diabetic retinopathy with combined traction retinal detachment and rhegmatogenous retinal detachment"
"8","diabetes_mellitus","E10.3541","type 1 diabetes mellitus with proliferative diabetic retinopathy with combined traction retinal detachment and rhegmatogenous retinal detachment, right eye"
"8","diabetes_mellitus","E10.3542","type 1 diabetes mellitus with proliferative diabetic retinopathy with combined traction retinal detachment and rhegmatogenous retinal detachment, left eye"
"8","diabetes_mellitus","E10.3543","type 1 diabetes mellitus with proliferative diabetic retinopathy with combined traction retinal detachment and rhegmatogenous retinal detachment, bilateral"
"8","diabetes_mellitus","E10.3549","type 1 diabetes mellitus with proliferative diabetic retinopathy with combined traction retinal detachment and rhegmatogenous retinal detachment, unspecified eye"
"8","diabetes_mellitus","E10.355","type 1 diabetes mellitus with stable proliferative diabetic retinopathy"
"8","diabetes_mellitus","E10.3551","type 1 diabetes mellitus with stable proliferative diabetic retinopathy, right eye"
"8","diabetes_mellitus","E10.3552","type 1 diabetes mellitus with stable proliferative diabetic retinopathy, left eye"
"8","diabetes_mellitus","E10.3553","type 1 diabetes mellitus with stable proliferative diabetic retinopathy, bilateral"
"8","diabetes_mellitus","E10.3559","type 1 diabetes mellitus with stable proliferative diabetic retinopathy, unspecified eye"
"8","diabetes_mellitus","E10.359","type 1 diabetes mellitus with proliferative diabetic retinopathy without macular edema"
"8","diabetes_mellitus","E10.3591","type 1 diabetes mellitus with proliferative diabetic retinopathy without macular edema, right eye"
"8","diabetes_mellitus","E10.3592","type 1 diabetes mellitus with proliferative diabetic retinopathy without macular edema, left eye"
"8","diabetes_mellitus","E10.3593","type 1 diabetes mellitus with proliferative diabetic retinopathy without macular edema, bilateral"
"8","diabetes_mellitus","E10.3599","type 1 diabetes mellitus with proliferative diabetic retinopathy without macular edema, unspecified eye"
"8","diabetes_mellitus","E10.36","type 1 diabetes mellitus with diabetic cataract"
"8","diabetes_mellitus","E10.37","type 1 diabetes mellitus with diabetic macular edema, resolved following treatment"
"8","diabetes_mellitus","E10.37X1","type 1 diabetes mellitus with diabetic macular edema, resolved following treatment, right eye"
"8","diabetes_mellitus","E10.37X2","type 1 diabetes mellitus with diabetic macular edema, resolved following treatment, left eye"
"8","diabetes_mellitus","E10.37X3","type 1 diabetes mellitus with diabetic macular edema, resolved following treatment, bilateral"
"8","diabetes_mellitus","E10.37X9","type 1 diabetes mellitus with diabetic macular edema, resolved following treatment, unspecified eye"
"8","diabetes_mellitus","E10.39","type 1 diabetes mellitus with other diabetic ophthalmic complication"
"8","diabetes_mellitus","E10.4","type 1 diabetes mellitus with neurological complications"
"8","diabetes_mellitus","E10.40","type 1 diabetes mellitus with diabetic neuropathy, unspecified"
"8","diabetes_mellitus","E10.41","type 1 diabetes mellitus with diabetic mononeuropathy"
"8","diabetes_mellitus","E10.42","type 1 diabetes mellitus with diabetic polyneuropathy"
"8","diabetes_mellitus","E10.43","type 1 diabetes mellitus with diabetic autonomic (poly)neuropathy"
"8","diabetes_mellitus","E10.44","type 1 diabetes mellitus with diabetic amyotrophy"
"8","diabetes_mellitus","E10.49","type 1 diabetes mellitus with other diabetic neurological complication"
"8","diabetes_mellitus","E10.5","type 1 diabetes mellitus with circulatory complications"
"8","diabetes_mellitus","E10.51","type 1 diabetes mellitus with diabetic peripheral angiopathy without gangrene"
"8","diabetes_mellitus","E10.52","type 1 diabetes mellitus with diabetic peripheral angiopathy with gangrene"
"8","diabetes_mellitus","E10.59","type 1 diabetes mellitus with other circulatory complications"
"8","diabetes_mellitus","E10.6","type 1 diabetes mellitus with other specified complications"
"8","diabetes_mellitus","E10.61","type 1 diabetes mellitus with diabetic arthropathy"
"8","diabetes_mellitus","E10.610","type 1 diabetes mellitus with diabetic neuropathic arthropathy"
"8","diabetes_mellitus","E10.618","type 1 diabetes mellitus with other diabetic arthropathy"
"8","diabetes_mellitus","E10.62","type 1 diabetes mellitus with skin complications"
"8","diabetes_mellitus","E10.620","type 1 diabetes mellitus with diabetic dermatitis"
"8","diabetes_mellitus","E10.621","type 1 diabetes mellitus with foot ulcer"
"8","diabetes_mellitus","E10.622","type 1 diabetes mellitus with other skin ulcer"
"8","diabetes_mellitus","E10.628","type 1 diabetes mellitus with other skin complications"
"8","diabetes_mellitus","E10.63","type 1 diabetes mellitus with oral complications"
"8","diabetes_mellitus","E10.630","type 1 diabetes mellitus with periodontal disease"
"8","diabetes_mellitus","E10.638","type 1 diabetes mellitus with other oral complications"
"8","diabetes_mellitus","E10.64","type 1 diabetes mellitus with hypoglycemia"
"8","diabetes_mellitus","E10.641","type 1 diabetes mellitus with hypoglycemia with coma"
"8","diabetes_mellitus","E10.649","type 1 diabetes mellitus with hypoglycemia without coma"
"8","diabetes_mellitus","E10.65","type 1 diabetes mellitus with hyperglycemia"
"8","diabetes_mellitus","E10.69","type 1 diabetes mellitus with other specified complication"
"8","diabetes_mellitus","E10.8","type 1 diabetes mellitus with unspecified complications"
"8","diabetes_mellitus","E10.9","type 1 diabetes mellitus without complications"
"8","diabetes_mellitus","E11","type 2 diabetes mellitus"
"8","diabetes_mellitus","E11.0","type 2 diabetes mellitus with hyperosmolarity"
"8","diabetes_mellitus","E11.00","type 2 diabetes mellitus with hyperosmolarity without nonketotic hyperglycemic-hyperosmolar coma (nkhhc)"
"8","diabetes_mellitus","E11.01","type 2 diabetes mellitus with hyperosmolarity with coma"
"8","diabetes_mellitus","E11.1","type 2 diabetes mellitus with ketoacidosis"
"8","diabetes_mellitus","E11.10","type 2 diabetes mellitus with ketoacidosis without coma"
"8","diabetes_mellitus","E11.11","type 2 diabetes mellitus with ketoacidosis with coma"
"8","diabetes_mellitus","E11.2","type 2 diabetes mellitus with kidney complications"
"8","diabetes_mellitus","E11.21","type 2 diabetes mellitus with diabetic nephropathy"
"8","diabetes_mellitus","E11.22","type 2 diabetes mellitus with diabetic chronic kidney disease"
"8","diabetes_mellitus","E11.29","type 2 diabetes mellitus with other diabetic kidney complication"
"8","diabetes_mellitus","E11.3","type 2 diabetes mellitus with ophthalmic complications"
"8","diabetes_mellitus","E11.31","type 2 diabetes mellitus with unspecified diabetic retinopathy"
"8","diabetes_mellitus","E11.311","type 2 diabetes mellitus with unspecified diabetic retinopathy with macular edema"
"8","diabetes_mellitus","E11.319","type 2 diabetes mellitus with unspecified diabetic retinopathy without macular edema"
"8","diabetes_mellitus","E11.32","type 2 diabetes mellitus with mild nonproliferative diabetic retinopathy"
"8","diabetes_mellitus","E11.321","type 2 diabetes mellitus with mild nonproliferative diabetic retinopathy with macular edema"
"8","diabetes_mellitus","E11.3211","type 2 diabetes mellitus with mild nonproliferative diabetic retinopathy with macular edema, right eye"
"8","diabetes_mellitus","E11.3212","type 2 diabetes mellitus with mild nonproliferative diabetic retinopathy with macular edema, left eye"
"8","diabetes_mellitus","E11.3213","type 2 diabetes mellitus with mild nonproliferative diabetic retinopathy with macular edema, bilateral"
"8","diabetes_mellitus","E11.3219","type 2 diabetes mellitus with mild nonproliferative diabetic retinopathy with macular edema, unspecified eye"
"8","diabetes_mellitus","E11.329","type 2 diabetes mellitus with mild nonproliferative diabetic retinopathy without macular edema"
"8","diabetes_mellitus","E11.3291","type 2 diabetes mellitus with mild nonproliferative diabetic retinopathy without macular edema, right eye"
"8","diabetes_mellitus","E11.3292","type 2 diabetes mellitus with mild nonproliferative diabetic retinopathy without macular edema, left eye"
"8","diabetes_mellitus","E11.3293","type 2 diabetes mellitus with mild nonproliferative diabetic retinopathy without macular edema, bilateral"
"8","diabetes_mellitus","E11.3299","type 2 diabetes mellitus with mild nonproliferative diabetic retinopathy without macular edema, unspecified eye"
"8","diabetes_mellitus","E11.33","type 2 diabetes mellitus with moderate nonproliferative diabetic retinopathy"
"8","diabetes_mellitus","E11.331","type 2 diabetes mellitus with moderate nonproliferative diabetic retinopathy with macular edema"
"8","diabetes_mellitus","E11.3311","type 2 diabetes mellitus with moderate nonproliferative diabetic retinopathy with macular edema, right eye"
"8","diabetes_mellitus","E11.3312","type 2 diabetes mellitus with moderate nonproliferative diabetic retinopathy with macular edema, left eye"
"8","diabetes_mellitus","E11.3313","type 2 diabetes mellitus with moderate nonproliferative diabetic retinopathy with macular edema, bilateral"
"8","diabetes_mellitus","E11.3319","type 2 diabetes mellitus with moderate nonproliferative diabetic retinopathy with macular edema, unspecified eye"
"8","diabetes_mellitus","E11.339","type 2 diabetes mellitus with moderate nonproliferative diabetic retinopathy without macular edema"
"8","diabetes_mellitus","E11.3391","type 2 diabetes mellitus with moderate nonproliferative diabetic retinopathy without macular edema, right eye"
"8","diabetes_mellitus","E11.3392","type 2 diabetes mellitus with moderate nonproliferative diabetic retinopathy without macular edema, left eye"
"8","diabetes_mellitus","E11.3393","type 2 diabetes mellitus with moderate nonproliferative diabetic retinopathy without macular edema, bilateral"
"8","diabetes_mellitus","E11.3399","type 2 diabetes mellitus with moderate nonproliferative diabetic retinopathy without macular edema, unspecified eye"
"8","diabetes_mellitus","E11.34","type 2 diabetes mellitus with severe nonproliferative diabetic retinopathy"
"8","diabetes_mellitus","E11.341","type 2 diabetes mellitus with severe nonproliferative diabetic retinopathy with macular edema"
"8","diabetes_mellitus","E11.3411","type 2 diabetes mellitus with severe nonproliferative diabetic retinopathy with macular edema, right eye"
"8","diabetes_mellitus","E11.3412","type 2 diabetes mellitus with severe nonproliferative diabetic retinopathy with macular edema, left eye"
"8","diabetes_mellitus","E11.3413","type 2 diabetes mellitus with severe nonproliferative diabetic retinopathy with macular edema, bilateral"
"8","diabetes_mellitus","E11.3419","type 2 diabetes mellitus with severe nonproliferative diabetic retinopathy with macular edema, unspecified eye"
"8","diabetes_mellitus","E11.349","type 2 diabetes mellitus with severe nonproliferative diabetic retinopathy without macular edema"
"8","diabetes_mellitus","E11.3491","type 2 diabetes mellitus with severe nonproliferative diabetic retinopathy without macular edema, right eye"
"8","diabetes_mellitus","E11.3492","type 2 diabetes mellitus with severe nonproliferative diabetic retinopathy without macular edema, left eye"
"8","diabetes_mellitus","E11.3493","type 2 diabetes mellitus with severe nonproliferative diabetic retinopathy without macular edema, bilateral"
"8","diabetes_mellitus","E11.3499","type 2 diabetes mellitus with severe nonproliferative diabetic retinopathy without macular edema, unspecified eye"
"8","diabetes_mellitus","E11.35","type 2 diabetes mellitus with proliferative diabetic retinopathy"
"8","diabetes_mellitus","E11.351","type 2 diabetes mellitus with proliferative diabetic retinopathy with macular edema"
"8","diabetes_mellitus","E11.3511","type 2 diabetes mellitus with proliferative diabetic retinopathy with macular edema, right eye"
"8","diabetes_mellitus","E11.3512","type 2 diabetes mellitus with proliferative diabetic retinopathy with macular edema, left eye"
"8","diabetes_mellitus","E11.3513","type 2 diabetes mellitus with proliferative diabetic retinopathy with macular edema, bilateral"
"8","diabetes_mellitus","E11.3519","type 2 diabetes mellitus with proliferative diabetic retinopathy with macular edema, unspecified eye"
"8","diabetes_mellitus","E11.352","type 2 diabetes mellitus with proliferative diabetic retinopathy with traction retinal detachment involving the macula"
"8","diabetes_mellitus","E11.3521","type 2 diabetes mellitus with proliferative diabetic retinopathy with traction retinal detachment involving the macula, right eye"
"8","diabetes_mellitus","E11.3522","type 2 diabetes mellitus with proliferative diabetic retinopathy with traction retinal detachment involving the macula, left eye"
"8","diabetes_mellitus","E11.3523","type 2 diabetes mellitus with proliferative diabetic retinopathy with traction retinal detachment involving the macula, bilateral"
"8","diabetes_mellitus","E11.3529","type 2 diabetes mellitus with proliferative diabetic retinopathy with traction retinal detachment involving the macula, unspecified eye"
"8","diabetes_mellitus","E11.353","type 2 diabetes mellitus with proliferative diabetic retinopathy with traction retinal detachment not involving the macula"
"8","diabetes_mellitus","E11.3531","type 2 diabetes mellitus with proliferative diabetic retinopathy with traction retinal detachment not involving the macula, right eye"
"8","diabetes_mellitus","E11.3532","type 2 diabetes mellitus with proliferative diabetic retinopathy with traction retinal detachment not involving the macula, left eye"
"8","diabetes_mellitus","E11.3533","type 2 diabetes mellitus with proliferative diabetic retinopathy with traction retinal detachment not involving the macula, bilateral"
"8","diabetes_mellitus","E11.3539","type 2 diabetes mellitus with proliferative diabetic retinopathy with traction retinal detachment not involving the macula, unspecified eye"
"8","diabetes_mellitus","E11.354","type 2 diabetes mellitus with proliferative diabetic retinopathy with combined traction retinal detachment and rhegmatogenous retinal detachment"
"8","diabetes_mellitus","E11.3541","type 2 diabetes mellitus with proliferative diabetic retinopathy with combined traction retinal detachment and rhegmatogenous retinal detachment, right eye"
"8","diabetes_mellitus","E11.3542","type 2 diabetes mellitus with proliferative diabetic retinopathy with combined traction retinal detachment and rhegmatogenous retinal detachment, left eye"
"8","diabetes_mellitus","E11.3543","type 2 diabetes mellitus with proliferative diabetic retinopathy with combined traction retinal detachment and rhegmatogenous retinal detachment, bilateral"
"8","diabetes_mellitus","E11.3549","type 2 diabetes mellitus with proliferative diabetic retinopathy with combined traction retinal detachment and rhegmatogenous retinal detachment, unspecified eye"
"8","diabetes_mellitus","E11.355","type 2 diabetes mellitus with stable proliferative diabetic retinopathy"
"8","diabetes_mellitus","E11.3551","type 2 diabetes mellitus with stable proliferative diabetic retinopathy, right eye"
"8","diabetes_mellitus","E11.3552","type 2 diabetes mellitus with stable proliferative diabetic retinopathy, left eye"
"8","diabetes_mellitus","E11.3553","type 2 diabetes mellitus with stable proliferative diabetic retinopathy, bilateral"
"8","diabetes_mellitus","E11.3559","type 2 diabetes mellitus with stable proliferative diabetic retinopathy, unspecified eye"
"8","diabetes_mellitus","E11.359","type 2 diabetes mellitus with proliferative diabetic retinopathy without macular edema"
"8","diabetes_mellitus","E11.3591","type 2 diabetes mellitus with proliferative diabetic retinopathy without macular edema, right eye"
"8","diabetes_mellitus","E11.3592","type 2 diabetes mellitus with proliferative diabetic retinopathy without macular edema, left eye"
"8","diabetes_mellitus","E11.3593","type 2 diabetes mellitus with proliferative diabetic retinopathy without macular edema, bilateral"
"8","diabetes_mellitus","E11.3599","type 2 diabetes mellitus with proliferative diabetic retinopathy without macular edema, unspecified eye"
"8","diabetes_mellitus","E11.36","type 2 diabetes mellitus with diabetic cataract"
"8","diabetes_mellitus","E11.37","type 2 diabetes mellitus with diabetic macular edema, resolved following treatment"
"8","diabetes_mellitus","E11.37X1","type 2 diabetes mellitus with diabetic macular edema, resolved following treatment, right eye"
"8","diabetes_mellitus","E11.37X2","type 2 diabetes mellitus with diabetic macular edema, resolved following treatment, left eye"
"8","diabetes_mellitus","E11.37X3","type 2 diabetes mellitus with diabetic macular edema, resolved following treatment, bilateral"
"8","diabetes_mellitus","E11.37X9","type 2 diabetes mellitus with diabetic macular edema, resolved following treatment, unspecified eye"
"8","diabetes_mellitus","E11.39","type 2 diabetes mellitus with other diabetic ophthalmic complication"
"8","diabetes_mellitus","E11.4","type 2 diabetes mellitus with neurological complications"
"8","diabetes_mellitus","E11.40","type 2 diabetes mellitus with diabetic neuropathy, unspecified"
"8","diabetes_mellitus","E11.41","type 2 diabetes mellitus with diabetic mononeuropathy"
"8","diabetes_mellitus","E11.42","type 2 diabetes mellitus with diabetic polyneuropathy"
"8","diabetes_mellitus","E11.43","type 2 diabetes mellitus with diabetic autonomic (poly)neuropathy"
"8","diabetes_mellitus","E11.44","type 2 diabetes mellitus with diabetic amyotrophy"
"8","diabetes_mellitus","E11.49","type 2 diabetes mellitus with other diabetic neurological complication"
"8","diabetes_mellitus","E11.5","type 2 diabetes mellitus with circulatory complications"
"8","diabetes_mellitus","E11.51","type 2 diabetes mellitus with diabetic peripheral angiopathy without gangrene"
"8","diabetes_mellitus","E11.52","type 2 diabetes mellitus with diabetic peripheral angiopathy with gangrene"
"8","diabetes_mellitus","E11.59","type 2 diabetes mellitus with other circulatory complications"
"8","diabetes_mellitus","E11.6","type 2 diabetes mellitus with other specified complications"
"8","diabetes_mellitus","E11.61","type 2 diabetes mellitus with diabetic arthropathy"
"8","diabetes_mellitus","E11.610","type 2 diabetes mellitus with diabetic neuropathic arthropathy"
"8","diabetes_mellitus","E11.618","type 2 diabetes mellitus with other diabetic arthropathy"
"8","diabetes_mellitus","E11.62","type 2 diabetes mellitus with skin complications"
"8","diabetes_mellitus","E11.620","type 2 diabetes mellitus with diabetic dermatitis"
"8","diabetes_mellitus","E11.621","type 2 diabetes mellitus with foot ulcer"
"8","diabetes_mellitus","E11.622","type 2 diabetes mellitus with other skin ulcer"
"8","diabetes_mellitus","E11.628","type 2 diabetes mellitus with other skin complications"
"8","diabetes_mellitus","E11.63","type 2 diabetes mellitus with oral complications"
"8","diabetes_mellitus","E11.630","type 2 diabetes mellitus with periodontal disease"
"8","diabetes_mellitus","E11.638","type 2 diabetes mellitus with other oral complications"
"8","diabetes_mellitus","E11.64","type 2 diabetes mellitus with hypoglycemia"
"8","diabetes_mellitus","E11.641","type 2 diabetes mellitus with hypoglycemia with coma"
"8","diabetes_mellitus","E11.649","type 2 diabetes mellitus with hypoglycemia without coma"
"8","diabetes_mellitus","E11.65","type 2 diabetes mellitus with hyperglycemia"
"8","diabetes_mellitus","E11.69","type 2 diabetes mellitus with other specified complication"
"8","diabetes_mellitus","E11.8","type 2 diabetes mellitus with unspecified complications"
"8","diabetes_mellitus","E11.9","type 2 diabetes mellitus without complications"
"8","diabetes_mellitus","E13","other specified diabetes mellitus"
"8","diabetes_mellitus","E13.0","other specified diabetes mellitus with hyperosmolarity"
"8","diabetes_mellitus","E13.00","other specified diabetes mellitus with hyperosmolarity without nonketotic hyperglycemic-hyperosmolar coma (nkhhc)"
"8","diabetes_mellitus","E13.01","other specified diabetes mellitus with hyperosmolarity with coma"
"8","diabetes_mellitus","E13.1","other specified diabetes mellitus with ketoacidosis"
"8","diabetes_mellitus","E13.10","other specified diabetes mellitus with ketoacidosis without coma"
"8","diabetes_mellitus","E13.11","other specified diabetes mellitus with ketoacidosis with coma"
"8","diabetes_mellitus","E13.2","other specified diabetes mellitus with kidney complications"
"8","diabetes_mellitus","E13.21","other specified diabetes mellitus with diabetic nephropathy"
"8","diabetes_mellitus","E13.22","other specified diabetes mellitus with diabetic chronic kidney disease"
"8","diabetes_mellitus","E13.29","other specified diabetes mellitus with other diabetic kidney complication"
"8","diabetes_mellitus","E13.3","other specified diabetes mellitus with ophthalmic complications"
"8","diabetes_mellitus","E13.31","other specified diabetes mellitus with unspecified diabetic retinopathy"
"8","diabetes_mellitus","E13.311","other specified diabetes mellitus with unspecified diabetic retinopathy with macular edema"
"8","diabetes_mellitus","E13.319","other specified diabetes mellitus with unspecified diabetic retinopathy without macular edema"
"8","diabetes_mellitus","E13.32","other specified diabetes mellitus with mild nonproliferative diabetic retinopathy"
"8","diabetes_mellitus","E13.321","other specified diabetes mellitus with mild nonproliferative diabetic retinopathy with macular edema"
"8","diabetes_mellitus","E13.3211","other specified diabetes mellitus with mild nonproliferative diabetic retinopathy with macular edema, right eye"
"8","diabetes_mellitus","E13.3212","other specified diabetes mellitus with mild nonproliferative diabetic retinopathy with macular edema, left eye"
"8","diabetes_mellitus","E13.3213","other specified diabetes mellitus with mild nonproliferative diabetic retinopathy with macular edema, bilateral"
"8","diabetes_mellitus","E13.3219","other specified diabetes mellitus with mild nonproliferative diabetic retinopathy with macular edema, unspecified eye"
"8","diabetes_mellitus","E13.329","other specified diabetes mellitus with mild nonproliferative diabetic retinopathy without macular edema"
"8","diabetes_mellitus","E13.3291","other specified diabetes mellitus with mild nonproliferative diabetic retinopathy without macular edema, right eye"
"8","diabetes_mellitus","E13.3292","other specified diabetes mellitus with mild nonproliferative diabetic retinopathy without macular edema, left eye"
"8","diabetes_mellitus","E13.3293","other specified diabetes mellitus with mild nonproliferative diabetic retinopathy without macular edema, bilateral"
"8","diabetes_mellitus","E13.3299","other specified diabetes mellitus with mild nonproliferative diabetic retinopathy without macular edema, unspecified eye"
"8","diabetes_mellitus","E13.33","other specified diabetes mellitus with moderate nonproliferative diabetic retinopathy"
"8","diabetes_mellitus","E13.331","other specified diabetes mellitus with moderate nonproliferative diabetic retinopathy with macular edema"
"8","diabetes_mellitus","E13.3311","other specified diabetes mellitus with moderate nonproliferative diabetic retinopathy with macular edema, right eye"
"8","diabetes_mellitus","E13.3312","other specified diabetes mellitus with moderate nonproliferative diabetic retinopathy with macular edema, left eye"
"8","diabetes_mellitus","E13.3313","other specified diabetes mellitus with moderate nonproliferative diabetic retinopathy with macular edema, bilateral"
"8","diabetes_mellitus","E13.3319","other specified diabetes mellitus with moderate nonproliferative diabetic retinopathy with macular edema, unspecified eye"
"8","diabetes_mellitus","E13.339","other specified diabetes mellitus with moderate nonproliferative diabetic retinopathy without macular edema"
"8","diabetes_mellitus","E13.3391","other specified diabetes mellitus with moderate nonproliferative diabetic retinopathy without macular edema, right eye"
"8","diabetes_mellitus","E13.3392","other specified diabetes mellitus with moderate nonproliferative diabetic retinopathy without macular edema, left eye"
"8","diabetes_mellitus","E13.3393","other specified diabetes mellitus with moderate nonproliferative diabetic retinopathy without macular edema, bilateral"
"8","diabetes_mellitus","E13.3399","other specified diabetes mellitus with moderate nonproliferative diabetic retinopathy without macular edema, unspecified eye"
"8","diabetes_mellitus","E13.34","other specified diabetes mellitus with severe nonproliferative diabetic retinopathy"
"8","diabetes_mellitus","E13.341","other specified diabetes mellitus with severe nonproliferative diabetic retinopathy with macular edema"
"8","diabetes_mellitus","E13.3411","other specified diabetes mellitus with severe nonproliferative diabetic retinopathy with macular edema, right eye"
"8","diabetes_mellitus","E13.3412","other specified diabetes mellitus with severe nonproliferative diabetic retinopathy with macular edema, left eye"
"8","diabetes_mellitus","E13.3413","other specified diabetes mellitus with severe nonproliferative diabetic retinopathy with macular edema, bilateral"
"8","diabetes_mellitus","E13.3419","other specified diabetes mellitus with severe nonproliferative diabetic retinopathy with macular edema, unspecified eye"
"8","diabetes_mellitus","E13.349","other specified diabetes mellitus with severe nonproliferative diabetic retinopathy without macular edema"
"8","diabetes_mellitus","E13.3491","other specified diabetes mellitus with severe nonproliferative diabetic retinopathy without macular edema, right eye"
"8","diabetes_mellitus","E13.3492","other specified diabetes mellitus with severe nonproliferative diabetic retinopathy without macular edema, left eye"
"8","diabetes_mellitus","E13.3493","other specified diabetes mellitus with severe nonproliferative diabetic retinopathy without macular edema, bilateral"
"8","diabetes_mellitus","E13.3499","other specified diabetes mellitus with severe nonproliferative diabetic retinopathy without macular edema, unspecified eye"
"8","diabetes_mellitus","E13.35","other specified diabetes mellitus with proliferative diabetic retinopathy"
"8","diabetes_mellitus","E13.351","other specified diabetes mellitus with proliferative diabetic retinopathy with macular edema"
"8","diabetes_mellitus","E13.3511","other specified diabetes mellitus with proliferative diabetic retinopathy with macular edema, right eye"
"8","diabetes_mellitus","E13.3512","other specified diabetes mellitus with proliferative diabetic retinopathy with macular edema, left eye"
"8","diabetes_mellitus","E13.3513","other specified diabetes mellitus with proliferative diabetic retinopathy with macular edema, bilateral"
"8","diabetes_mellitus","E13.3519","other specified diabetes mellitus with proliferative diabetic retinopathy with macular edema, unspecified eye"
"8","diabetes_mellitus","E13.352","other specified diabetes mellitus with proliferative diabetic retinopathy with traction retinal detachment involving the macula"
"8","diabetes_mellitus","E13.3521","other specified diabetes mellitus with proliferative diabetic retinopathy with traction retinal detachment involving the macula, right eye"
"8","diabetes_mellitus","E13.3522","other specified diabetes mellitus with proliferative diabetic retinopathy with traction retinal detachment involving the macula, left eye"
"8","diabetes_mellitus","E13.3523","other specified diabetes mellitus with proliferative diabetic retinopathy with traction retinal detachment involving the macula, bilateral"
"8","diabetes_mellitus","E13.3529","other specified diabetes mellitus with proliferative diabetic retinopathy with traction retinal detachment involving the macula, unspecified eye"
"8","diabetes_mellitus","E13.353","other specified diabetes mellitus with proliferative diabetic retinopathy with traction retinal detachment not involving the macula"
"8","diabetes_mellitus","E13.3531","other specified diabetes mellitus with proliferative diabetic retinopathy with traction retinal detachment not involving the macula, right eye"
"8","diabetes_mellitus","E13.3532","other specified diabetes mellitus with proliferative diabetic retinopathy with traction retinal detachment not involving the macula, left eye"
"8","diabetes_mellitus","E13.3533","other specified diabetes mellitus with proliferative diabetic retinopathy with traction retinal detachment not involving the macula, bilateral"
"8","diabetes_mellitus","E13.3539","other specified diabetes mellitus with proliferative diabetic retinopathy with traction retinal detachment not involving the macula, unspecified eye"
"8","diabetes_mellitus","E13.354","other specified diabetes mellitus with proliferative diabetic retinopathy with combined traction retinal detachment and rhegmatogenous retinal detachment"
"8","diabetes_mellitus","E13.3541","other specified diabetes mellitus with proliferative diabetic retinopathy with combined traction retinal detachment and rhegmatogenous retinal detachment, right eye"
"8","diabetes_mellitus","E13.3542","other specified diabetes mellitus with proliferative diabetic retinopathy with combined traction retinal detachment and rhegmatogenous retinal detachment, left eye"
"8","diabetes_mellitus","E13.3543","other specified diabetes mellitus with proliferative diabetic retinopathy with combined traction retinal detachment and rhegmatogenous retinal detachment, bilateral"
"8","diabetes_mellitus","E13.3549","other specified diabetes mellitus with proliferative diabetic retinopathy with combined traction retinal detachment and rhegmatogenous retinal detachment, unspecified eye"
"8","diabetes_mellitus","E13.355","other specified diabetes mellitus with stable proliferative diabetic retinopathy"
"8","diabetes_mellitus","E13.3551","other specified diabetes mellitus with stable proliferative diabetic retinopathy, right eye"
"8","diabetes_mellitus","E13.3552","other specified diabetes mellitus with stable proliferative diabetic retinopathy, left eye"
"8","diabetes_mellitus","E13.3553","other specified diabetes mellitus with stable proliferative diabetic retinopathy, bilateral"
"8","diabetes_mellitus","E13.3559","other specified diabetes mellitus with stable proliferative diabetic retinopathy, unspecified eye"
"8","diabetes_mellitus","E13.359","other specified diabetes mellitus with proliferative diabetic retinopathy without macular edema"
"8","diabetes_mellitus","E13.3591","other specified diabetes mellitus with proliferative diabetic retinopathy without macular edema, right eye"
"8","diabetes_mellitus","E13.3592","other specified diabetes mellitus with proliferative diabetic retinopathy without macular edema, left eye"
"8","diabetes_mellitus","E13.3593","other specified diabetes mellitus with proliferative diabetic retinopathy without macular edema, bilateral"
"8","diabetes_mellitus","E13.3599","other specified diabetes mellitus with proliferative diabetic retinopathy without macular edema, unspecified eye"
"8","diabetes_mellitus","E13.36","other specified diabetes mellitus with diabetic cataract"
"8","diabetes_mellitus","E13.37","other specified diabetes mellitus with diabetic macular edema, resolved following treatment"
"8","diabetes_mellitus","E13.37X1","other specified diabetes mellitus with diabetic macular edema, resolved following treatment, right eye"
"8","diabetes_mellitus","E13.37X2","other specified diabetes mellitus with diabetic macular edema, resolved following treatment, left eye"
"8","diabetes_mellitus","E13.37X3","other specified diabetes mellitus with diabetic macular edema, resolved following treatment, bilateral"
"8","diabetes_mellitus","E13.37X9","other specified diabetes mellitus with diabetic macular edema, resolved following treatment, unspecified eye"
"8","diabetes_mellitus","E13.39","other specified diabetes mellitus with other diabetic ophthalmic complication"
"8","diabetes_mellitus","E13.4","other specified diabetes mellitus with neurological complications"
"8","diabetes_mellitus","E13.40","other specified diabetes mellitus with diabetic neuropathy, unspecified"
"8","diabetes_mellitus","E13.41","other specified diabetes mellitus with diabetic mononeuropathy"
"8","diabetes_mellitus","E13.42","other specified diabetes mellitus with diabetic polyneuropathy"
"8","diabetes_mellitus","E13.43","other specified diabetes mellitus with diabetic autonomic (poly)neuropathy"
"8","diabetes_mellitus","E13.44","other specified diabetes mellitus with diabetic amyotrophy"
"8","diabetes_mellitus","E13.49","other specified diabetes mellitus with other diabetic neurological complication"
"8","diabetes_mellitus","E13.5","other specified diabetes mellitus with circulatory complications"
"8","diabetes_mellitus","E13.51","other specified diabetes mellitus with diabetic peripheral angiopathy without gangrene"
"8","diabetes_mellitus","E13.52","other specified diabetes mellitus with diabetic peripheral angiopathy with gangrene"
"8","diabetes_mellitus","E13.59","other specified diabetes mellitus with other circulatory complications"
"8","diabetes_mellitus","E13.6","other specified diabetes mellitus with other specified complications"
"8","diabetes_mellitus","E13.61","other specified diabetes mellitus with diabetic arthropathy"
"8","diabetes_mellitus","E13.610","other specified diabetes mellitus with diabetic neuropathic arthropathy"
"8","diabetes_mellitus","E13.618","other specified diabetes mellitus with other diabetic arthropathy"
"8","diabetes_mellitus","E13.62","other specified diabetes mellitus with skin complications"
"8","diabetes_mellitus","E13.620","other specified diabetes mellitus with diabetic dermatitis"
"8","diabetes_mellitus","E13.621","other specified diabetes mellitus with foot ulcer"
"8","diabetes_mellitus","E13.622","other specified diabetes mellitus with other skin ulcer"
"8","diabetes_mellitus","E13.628","other specified diabetes mellitus with other skin complications"
"8","diabetes_mellitus","E13.63","other specified diabetes mellitus with oral complications"
"8","diabetes_mellitus","E13.630","other specified diabetes mellitus with periodontal disease"
"8","diabetes_mellitus","E13.638","other specified diabetes mellitus with other oral complications"
"8","diabetes_mellitus","E13.64","other specified diabetes mellitus with hypoglycemia"
"8","diabetes_mellitus","E13.641","other specified diabetes mellitus with hypoglycemia with coma"
"8","diabetes_mellitus","E13.649","other specified diabetes mellitus with hypoglycemia without coma"
"8","diabetes_mellitus","E13.65","other specified diabetes mellitus with hyperglycemia"
"8","diabetes_mellitus","E13.69","other specified diabetes mellitus with other specified complication"
"8","diabetes_mellitus","E13.8","other specified diabetes mellitus with unspecified complications"
"8","diabetes_mellitus","E13.9","other specified diabetes mellitus without complications"
"9","neurological_conditions","F01","vascular dementia"
"9","neurological_conditions","F01.5","vascular dementia, unspecified severity"
"9","neurological_conditions","F01.50","vascular dementia, unspecified severity, without behavioral disturbance, psychotic disturbance, mood disturbance, and anxiety"
"9","neurological_conditions","F01.51","vascular dementia, unspecified severity, with behavioral disturbance"
"9","neurological_conditions","F01.511","vascular dementia, unspecified severity, with agitation"
"9","neurological_conditions","F01.518","vascular dementia, unspecified severity, with other behavioral disturbance"
"9","neurological_conditions","F01.52","vascular dementia, unspecified severity, with psychotic disturbance"
"9","neurological_conditions","F01.53","vascular dementia, unspecified severity, with mood disturbance"
"9","neurological_conditions","F01.54","vascular dementia, unspecified severity, with anxiety"
"9","neurological_conditions","F01.A","vascular dementia, mild"
"9","neurological_conditions","F01.A0","vascular dementia, mild, without behavioral disturbance, psychotic disturbance, mood disturbance, and anxiety"
"9","neurological_conditions","F01.A1","vascular dementia, mild, with behavioral disturbance"
"9","neurological_conditions","F01.A11","vascular dementia, mild, with agitation"
"9","neurological_conditions","F01.A18","vascular dementia, mild, with other behavioral disturbance"
"9","neurological_conditions","F01.A2","vascular dementia, mild, with psychotic disturbance"
"9","neurological_conditions","F01.A3","vascular dementia, mild, with mood disturbance"
"9","neurological_conditions","F01.A4","vascular dementia, mild, with anxiety"
"9","neurological_conditions","F01.B","vascular dementia, moderate"
"9","neurological_conditions","F01.B0","vascular dementia, moderate, without behavioral disturbance, psychotic disturbance, mood disturbance, and anxiety"
"9","neurological_conditions","F01.B1","vascular dementia, moderate, with behavioral disturbance"
"9","neurological_conditions","F01.B11","vascular dementia, moderate, with agitation"
"9","neurological_conditions","F01.B18","vascular dementia, moderate, with other behavioral disturbance"
"9","neurological_conditions","F01.B2","vascular dementia, moderate, with psychotic disturbance"
"9","neurological_conditions","F01.B3","vascular dementia, moderate, with mood disturbance"
"9","neurological_conditions","F01.B4","vascular dementia, moderate, with anxiety"
"9","neurological_conditions","F01.C","vascular dementia, severe"
"9","neurological_conditions","F01.C0","vascular dementia, severe, without behavioral disturbance, psychotic disturbance, mood disturbance, and anxiety"
"9","neurological_conditions","F01.C1","vascular dementia, severe, with behavioral disturbance"
"9","neurological_conditions","F01.C11","vascular dementia, severe, with agitation"
"9","neurological_conditions","F01.C18","vascular dementia, severe, with other behavioral disturbance"
"9","neurological_conditions","F01.C2","vascular dementia, severe, with psychotic disturbance"
"9","neurological_conditions","F01.C3","vascular dementia, severe, with mood disturbance"
"9","neurological_conditions","F01.C4","vascular dementia, severe, with anxiety"
"9","neurological_conditions","F02","dementia in other diseases classified elsewhere"
"9","neurological_conditions","F02.8","dementia in other diseases classified elsewhere, unspecified severity"
"9","neurological_conditions","F02.80","dementia in other diseases classified elsewhere, unspecified severity, without behavioral disturbance, psychotic disturbance, mood disturbance, and anxiety"
"9","neurological_conditions","F02.81","dementia in other diseases classified elsewhere, unspecified severity, with behavioral disturbance"
"9","neurological_conditions","F02.811","dementia in other diseases classified elsewhere, unspecified severity, with agitation"
"9","neurological_conditions","F02.818","dementia in other diseases classified elsewhere, unspecified severity, with other behavioral disturbance"
"9","neurological_conditions","F02.82","dementia in other diseases classified elsewhere, unspecified severity, with psychotic disturbance"
"9","neurological_conditions","F02.83","dementia in other diseases classified elsewhere, unspecified severity, with mood disturbance"
"9","neurological_conditions","F02.84","dementia in other diseases classified elsewhere, unspecified severity, with anxiety"
"9","neurological_conditions","F02.A","dementia in other diseases classified elsewhere, mild"
"9","neurological_conditions","F02.A0","dementia in other diseases classified elsewhere, mild, without behavioral disturbance, psychotic disturbance, mood disturbance, and anxiety"
"9","neurological_conditions","F02.A1","dementia in other diseases classified elsewhere, mild, with behavioral disturbance"
"9","neurological_conditions","F02.A11","dementia in other diseases classified elsewhere, mild, with agitation"
"9","neurological_conditions","F02.A18","dementia in other diseases classified elsewhere, mild, with other behavioral disturbance"
"9","neurological_conditions","F02.A2","dementia in other diseases classified elsewhere, mild, with psychotic disturbance"
"9","neurological_conditions","F02.A3","dementia in other diseases classified elsewhere, mild, with mood disturbance"
"9","neurological_conditions","F02.A4","dementia in other diseases classified elsewhere, mild, with anxiety"
"9","neurological_conditions","F02.B","dementia in other diseases classified elsewhere, moderate"
"9","neurological_conditions","F02.B0","dementia in other diseases classified elsewhere, moderate, without behavioral disturbance, psychotic disturbance, mood disturbance, and anxiety"
"9","neurological_conditions","F02.B1","dementia in other diseases classified elsewhere, moderate, with behavioral disturbance"
"9","neurological_conditions","F02.B11","dementia in other diseases classified elsewhere, moderate, with agitation"
"9","neurological_conditions","F02.B18","dementia in other diseases classified elsewhere, moderate, with other behavioral disturbance"
"9","neurological_conditions","F02.B2","dementia in other diseases classified elsewhere, moderate, with psychotic disturbance"
"9","neurological_conditions","F02.B3","dementia in other diseases classified elsewhere, moderate, with mood disturbance"
"9","neurological_conditions","F02.B4","dementia in other diseases classified elsewhere, moderate, with anxiety"
"9","neurological_conditions","F02.C","dementia in other diseases classified elsewhere, severe"
"9","neurological_conditions","F02.C0","dementia in other diseases classified elsewhere, severe, without behavioral disturbance, psychotic disturbance, mood disturbance, and anxiety"
"9","neurological_conditions","F02.C1","dementia in other diseases classified elsewhere, severe, with behavioral disturbance"
"9","neurological_conditions","F02.C11","dementia in other diseases classified elsewhere, severe, with agitation"
"9","neurological_conditions","F02.C18","dementia in other diseases classified elsewhere, severe, with other behavioral disturbance"
"9","neurological_conditions","F02.C2","dementia in other diseases classified elsewhere, severe, with psychotic disturbance"
"9","neurological_conditions","F02.C3","dementia in other diseases classified elsewhere, severe, with mood disturbance"
"9","neurological_conditions","F02.C4","dementia in other diseases classified elsewhere, severe, with anxiety"
"9","neurological_conditions","F03","unspecified dementia"
"9","neurological_conditions","F03.9","unspecified dementia, unspecified severity"
"9","neurological_conditions","F03.90","unspecified dementia, unspecified severity, without behavioral disturbance, psychotic disturbance, mood disturbance, and anxiety"
"9","neurological_conditions","F03.91","unspecified dementia, unspecified severity, with behavioral disturbance"
"9","neurological_conditions","F03.911","unspecified dementia, unspecified severity, with agitation"
"9","neurological_conditions","F03.918","unspecified dementia, unspecified severity, with other behavioral disturbance"
"9","neurological_conditions","F03.92","unspecified dementia, unspecified severity, with psychotic disturbance"
"9","neurological_conditions","F03.93","unspecified dementia, unspecified severity, with mood disturbance"
"9","neurological_conditions","F03.94","unspecified dementia, unspecified severity, with anxiety"
"9","neurological_conditions","F03.A","unspecified dementia, mild"
"9","neurological_conditions","F03.A0","unspecified dementia, mild, without behavioral disturbance, psychotic disturbance, mood disturbance, and anxiety"
"9","neurological_conditions","F03.A1","unspecified dementia, mild, with behavioral disturbance"
"9","neurological_conditions","F03.A11","unspecified dementia, mild, with agitation"
"9","neurological_conditions","F03.A18","unspecified dementia, mild, with other behavioral disturbance"
"9","neurological_conditions","F03.A2","unspecified dementia, mild, with psychotic disturbance"
"9","neurological_conditions","F03.A3","unspecified dementia, mild, with mood disturbance"
"9","neurological_conditions","F03.A4","unspecified dementia, mild, with anxiety"
"9","neurological_conditions","F03.B","unspecified dementia, moderate"
"9","neurological_conditions","F03.B0","unspecified dementia, moderate, without behavioral disturbance, psychotic disturbance, mood disturbance, and anxiety"
"9","neurological_conditions","F03.B1","unspecified dementia, moderate, with behavioral disturbance"
"9","neurological_conditions","F03.B11","unspecified dementia, moderate, with agitation"
"9","neurological_conditions","F03.B18","unspecified dementia, moderate, with other behavioral disturbance"
"9","neurological_conditions","F03.B2","unspecified dementia, moderate, with psychotic disturbance"
"9","neurological_conditions","F03.B3","unspecified dementia, moderate, with mood disturbance"
"9","neurological_conditions","F03.B4","unspecified dementia, moderate, with anxiety"
"9","neurological_conditions","F03.C","unspecified dementia, severe"
"9","neurological_conditions","F03.C0","unspecified dementia, severe, without behavioral disturbance, psychotic disturbance, mood disturbance, and anxiety"
"9","neurological_conditions","F03.C1","unspecified dementia, severe, with behavioral disturbance"
"9","neurological_conditions","F03.C11","unspecified dementia, severe, with agitation"
"9","neurological_conditions","F03.C18","unspecified dementia, severe, with other behavioral disturbance"
"9","neurological_conditions","F03.C2","unspecified dementia, severe, with psychotic disturbance"
"9","neurological_conditions","F03.C3","unspecified dementia, severe, with mood disturbance"
"9","neurological_conditions","F03.C4","unspecified dementia, severe, with anxiety"
"9","neurological_conditions","G10","huntington's disease"
"9","neurological_conditions","G11","hereditary ataxia"
"9","neurological_conditions","G11.0","congenital nonprogressive ataxia"
"9","neurological_conditions","G11.1","early-onset cerebellar ataxia"
"9","neurological_conditions","G11.10","early-onset cerebellar ataxia, unspecified"
"9","neurological_conditions","G11.11","friedreich ataxia"
"9","neurological_conditions","G11.19","other early-onset cerebellar ataxia"
"9","neurological_conditions","G11.2","late-onset cerebellar ataxia"
"9","neurological_conditions","G11.3","cerebellar ataxia with defective dna repair"
"9","neurological_conditions","G11.4","hereditary spastic paraplegia"
"9","neurological_conditions","G11.8","other hereditary ataxias"
"9","neurological_conditions","G11.9","hereditary ataxia, unspecified"
"9","neurological_conditions","G12","spinal muscular atrophy and related syndromes"
"9","neurological_conditions","G12.0","infantile spinal muscular atrophy, type i [werdnig-hoffman]"
"9","neurological_conditions","G12.1","other inherited spinal muscular atrophy"
"9","neurological_conditions","G12.2","motor neuron disease"
"9","neurological_conditions","G12.20","motor neuron disease, unspecified"
"9","neurological_conditions","G12.21","amyotrophic lateral sclerosis"
"9","neurological_conditions","G12.22","progressive bulbar palsy"
"9","neurological_conditions","G12.23","primary lateral sclerosis"
"9","neurological_conditions","G12.24","familial motor neuron disease"
"9","neurological_conditions","G12.25","progressive spinal muscle atrophy"
"9","neurological_conditions","G12.29","other motor neuron disease"
"9","neurological_conditions","G12.8","other spinal muscular atrophies and related syndromes"
"9","neurological_conditions","G12.9","spinal muscular atrophy, unspecified"
"9","neurological_conditions","G13","systemic atrophies primarily affecting central nervous system in diseases classified elsewhere"
"9","neurological_conditions","G13.0","paraneoplastic neuromyopathy and neuropathy"
"9","neurological_conditions","G13.1","other systemic atrophy primarily affecting central nervous system in neoplastic disease"
"9","neurological_conditions","G13.2","systemic atrophy primarily affecting the central nervous system in myxedema"
"9","neurological_conditions","G13.8","systemic atrophy primarily affecting central nervous system in other diseases classified elsewhere"
"9","neurological_conditions","G14","postpolio syndrome"
"9","neurological_conditions","G20","parkinson's disease"
"9","neurological_conditions","G21","secondary parkinsonism"
"9","neurological_conditions","G21.0","malignant neuroleptic syndrome"
"9","neurological_conditions","G21.1","other drug-induced secondary parkinsonism"
"9","neurological_conditions","G21.11","neuroleptic induced parkinsonism"
"9","neurological_conditions","G21.19","other drug induced secondary parkinsonism"
"9","neurological_conditions","G21.2","secondary parkinsonism due to other external agents"
"9","neurological_conditions","G21.3","postencephalitic parkinsonism"
"9","neurological_conditions","G21.4","vascular parkinsonism"
"9","neurological_conditions","G21.8","other secondary parkinsonism"
"9","neurological_conditions","G21.9","secondary parkinsonism, unspecified"
"9","neurological_conditions","G23","other degenerative diseases of basal ganglia"
"9","neurological_conditions","G23.0","hallervorden-spatz disease"
"9","neurological_conditions","G23.1","progressive supranuclear ophthalmoplegia [steele-richardson-olszewski]"
"9","neurological_conditions","G23.2","striatonigral degeneration"
"9","neurological_conditions","G23.8","other specified degenerative diseases of basal ganglia"
"9","neurological_conditions","G23.9","degenerative disease of basal ganglia, unspecified"
"9","neurological_conditions","G24","dystonia"
"9","neurological_conditions","G24.0","drug induced dystonia"
"9","neurological_conditions","G24.01","drug induced subacute dyskinesia"
"9","neurological_conditions","G24.02","drug induced acute dystonia"
"9","neurological_conditions","G24.09","other drug induced dystonia"
"9","neurological_conditions","G24.1","genetic torsion dystonia"
"9","neurological_conditions","G24.2","idiopathic nonfamilial dystonia"
"9","neurological_conditions","G24.3","spasmodic torticollis"
"9","neurological_conditions","G24.4","idiopathic orofacial dystonia"
"9","neurological_conditions","G24.5","blepharospasm"
"9","neurological_conditions","G24.8","other dystonia"
"9","neurological_conditions","G24.9","dystonia, unspecified"
"9","neurological_conditions","G25","other extrapyramidal and movement disorders"
"9","neurological_conditions","G25.0","essential tremor"
"9","neurological_conditions","G25.1","drug-induced tremor"
"9","neurological_conditions","G25.2","other specified forms of tremor"
"9","neurological_conditions","G25.3","myoclonus"
"9","neurological_conditions","G25.4","drug-induced chorea"
"9","neurological_conditions","G25.5","other chorea"
"9","neurological_conditions","G25.6","drug induced tics and other tics of organic origin"
"9","neurological_conditions","G25.61","drug induced tics"
"9","neurological_conditions","G25.69","other tics of organic origin"
"9","neurological_conditions","G25.7","other and unspecified drug induced movement disorders"
"9","neurological_conditions","G25.70","drug induced movement disorder, unspecified"
"9","neurological_conditions","G25.71","drug induced akathisia"
"9","neurological_conditions","G25.79","other drug induced movement disorders"
"9","neurological_conditions","G25.8","other specified extrapyramidal and movement disorders"
"9","neurological_conditions","G25.81","restless legs syndrome"
"9","neurological_conditions","G25.82","stiff-man syndrome"
"9","neurological_conditions","G25.83","benign shuddering attacks"
"9","neurological_conditions","G25.89","other specified extrapyramidal and movement disorders"
"9","neurological_conditions","G25.9","extrapyramidal and movement disorder, unspecified"
"9","neurological_conditions","G26","extrapyramidal and movement disorders in diseases classified elsewhere"
"9","neurological_conditions","G30","alzheimer's disease"
"9","neurological_conditions","G30.0","alzheimer's disease with early onset"
"9","neurological_conditions","G30.1","alzheimer's disease with late onset"
"9","neurological_conditions","G30.8","other alzheimer's disease"
"9","neurological_conditions","G30.9","alzheimer's disease, unspecified"
"9","neurological_conditions","G31","other degenerative diseases of nervous system, not elsewhere classified"
"9","neurological_conditions","G31.0","frontotemporal dementia"
"9","neurological_conditions","G31.01","pick's disease"
"9","neurological_conditions","G31.09","other frontotemporal neurocognitive disorder"
"9","neurological_conditions","G31.1","senile degeneration of brain, not elsewhere classified"
"9","neurological_conditions","G31.2","degeneration of nervous system due to alcohol"
"9","neurological_conditions","G31.8","other specified degenerative diseases of nervous system"
"9","neurological_conditions","G31.81","alpers disease"
"9","neurological_conditions","G31.82","leigh's disease"
"9","neurological_conditions","G31.83","neurocognitive disorder with lewy bodies"
"9","neurological_conditions","G31.84","mild cognitive impairment of uncertain or unknown etiology"
"9","neurological_conditions","G31.85","corticobasal degeneration"
"9","neurological_conditions","G31.89","other specified degenerative diseases of nervous system"
"9","neurological_conditions","G31.9","degenerative disease of nervous system, unspecified"
"9","neurological_conditions","G32","other degenerative disorders of nervous system in diseases classified elsewhere"
"9","neurological_conditions","G32.0","subacute combined degeneration of spinal cord in diseases classified elsewhere"
"9","neurological_conditions","G32.8","other specified degenerative disorders of nervous system in diseases classified elsewhere"
"9","neurological_conditions","G32.81","cerebellar ataxia in diseases classified elsewhere"
"9","neurological_conditions","G32.89","other specified degenerative disorders of nervous system in diseases classified elsewhere"
"9","neurological_conditions","G70","myasthenia gravis and other myoneural disorders"
"9","neurological_conditions","G70.0","myasthenia gravis"
"9","neurological_conditions","G70.00","myasthenia gravis without (acute) exacerbation"
"9","neurological_conditions","G70.01","myasthenia gravis with (acute) exacerbation"
"9","neurological_conditions","G70.1","toxic myoneural disorders"
"9","neurological_conditions","G70.2","congenital and developmental myasthenia"
"9","neurological_conditions","G70.8","other specified myoneural disorders"
"9","neurological_conditions","G70.80","lambert-eaton syndrome, unspecified"
"9","neurological_conditions","G70.81","lambert-eaton syndrome in disease classified elsewhere"
"9","neurological_conditions","G70.89","other specified myoneural disorders"
"9","neurological_conditions","G70.9","myoneural disorder, unspecified"
"9","neurological_conditions","G71","primary disorders of muscles"
"9","neurological_conditions","G71.0","muscular dystrophy"
"9","neurological_conditions","G71.00","muscular dystrophy, unspecified"
"9","neurological_conditions","G71.01","duchenne or becker muscular dystrophy"
"9","neurological_conditions","G71.02","facioscapulohumeral muscular dystrophy"
"9","neurological_conditions","G71.03","limb girdle muscular dystrophies"
"9","neurological_conditions","G71.031","autosomal dominant limb girdle muscular dystrophy"
"9","neurological_conditions","G71.032","autosomal recessive limb girdle muscular dystrophy due to calpain-3 dysfunction"
"9","neurological_conditions","G71.033","limb girdle muscular dystrophy due to dysferlin dysfunction"
"9","neurological_conditions","G71.034","limb girdle muscular dystrophy due to sarcoglycan dysfunction"
"9","neurological_conditions","G71.0340","limb girdle muscular dystrophy due to sarcoglycan dysfunction, unspecified"
"9","neurological_conditions","G71.0341","limb girdle muscular dystrophy due to alpha sarcoglycan dysfunction"
"9","neurological_conditions","G71.0342","limb girdle muscular dystrophy due to beta sarcoglycan dysfunction"
"9","neurological_conditions","G71.0349","limb girdle muscular dystrophy due to other sarcoglycan dysfunction"
"9","neurological_conditions","G71.035","limb girdle muscular dystrophy due to anoctamin-5 dysfunction"
"9","neurological_conditions","G71.038","other limb girdle muscular dystrophy"
"9","neurological_conditions","G71.039","limb girdle muscular dystrophy, unspecified"
"9","neurological_conditions","G71.09","other specified muscular dystrophies"
"9","neurological_conditions","G71.1","myotonic disorders"
"9","neurological_conditions","G71.11","myotonic muscular dystrophy"
"9","neurological_conditions","G71.12","myotonia congenita"
"9","neurological_conditions","G71.13","myotonic chondrodystrophy"
"9","neurological_conditions","G71.14","drug induced myotonia"
"9","neurological_conditions","G71.19","other specified myotonic disorders"
"9","neurological_conditions","G71.2","congenital myopathies"
"9","neurological_conditions","G71.20","congenital myopathy, unspecified"
"9","neurological_conditions","G71.21","nemaline myopathy"
"9","neurological_conditions","G71.22","centronuclear myopathy"
"9","neurological_conditions","G71.220","x-linked myotubular myopathy"
"9","neurological_conditions","G71.228","other centronuclear myopathy"
"9","neurological_conditions","G71.29","other congenital myopathy"
"9","neurological_conditions","G71.3","mitochondrial myopathy, not elsewhere classified"
"9","neurological_conditions","G71.8","other primary disorders of muscles"
"9","neurological_conditions","G71.9","primary disorder of muscle, unspecified"
"9","neurological_conditions","G72","other and unspecified myopathies"
"9","neurological_conditions","G72.0","drug-induced myopathy"
"9","neurological_conditions","G72.1","alcoholic myopathy"
"9","neurological_conditions","G72.2","myopathy due to other toxic agents"
"9","neurological_conditions","G72.3","periodic paralysis"
"9","neurological_conditions","G72.4","inflammatory and immune myopathies, not elsewhere classified"
"9","neurological_conditions","G72.41","inclusion body myositis [ibm]"
"9","neurological_conditions","G72.49","other inflammatory and immune myopathies, not elsewhere classified"
"9","neurological_conditions","G72.8","other specified myopathies"
"9","neurological_conditions","G72.81","critical illness myopathy"
"9","neurological_conditions","G72.89","other specified myopathies"
"9","neurological_conditions","G72.9","myopathy, unspecified"
"9","neurological_conditions","G73","disorders of myoneural junction and muscle in diseases classified elsewhere"
"9","neurological_conditions","G73.1","lambert-eaton syndrome in neoplastic disease"
"9","neurological_conditions","G73.3","myasthenic syndromes in other diseases classified elsewhere"
"9","neurological_conditions","G73.7","myopathy in diseases classified elsewhere"
"9","neurological_conditions","G80","cerebral palsy"
"9","neurological_conditions","G80.0","spastic quadriplegic cerebral palsy"
"9","neurological_conditions","G80.1","spastic diplegic cerebral palsy"
"9","neurological_conditions","G80.2","spastic hemiplegic cerebral palsy"
"9","neurological_conditions","G80.3","athetoid cerebral palsy"
"9","neurological_conditions","G80.4","ataxic cerebral palsy"
"9","neurological_conditions","G80.8","other cerebral palsy"
"9","neurological_conditions","G80.9","cerebral palsy, unspecified"
"9","neurological_conditions","G81","hemiplegia and hemiparesis"
"9","neurological_conditions","G81.0","flaccid hemiplegia"
"9","neurological_conditions","G81.00","flaccid hemiplegia affecting unspecified side"
"9","neurological_conditions","G81.01","flaccid hemiplegia affecting right dominant side"
"9","neurological_conditions","G81.02","flaccid hemiplegia affecting left dominant side"
"9","neurological_conditions","G81.03","flaccid hemiplegia affecting right nondominant side"
"9","neurological_conditions","G81.04","flaccid hemiplegia affecting left nondominant side"
"9","neurological_conditions","G81.1","spastic hemiplegia"
"9","neurological_conditions","G81.10","spastic hemiplegia affecting unspecified side"
"9","neurological_conditions","G81.11","spastic hemiplegia affecting right dominant side"
"9","neurological_conditions","G81.12","spastic hemiplegia affecting left dominant side"
"9","neurological_conditions","G81.13","spastic hemiplegia affecting right nondominant side"
"9","neurological_conditions","G81.14","spastic hemiplegia affecting left nondominant side"
"9","neurological_conditions","G81.9","hemiplegia, unspecified"
"9","neurological_conditions","G81.90","hemiplegia, unspecified affecting unspecified side"
"9","neurological_conditions","G81.91","hemiplegia, unspecified affecting right dominant side"
"9","neurological_conditions","G81.92","hemiplegia, unspecified affecting left dominant side"
"9","neurological_conditions","G81.93","hemiplegia, unspecified affecting right nondominant side"
"9","neurological_conditions","G81.94","hemiplegia, unspecified affecting left nondominant side"
"9","neurological_conditions","G82","paraplegia (paraparesis) and quadriplegia (quadriparesis)"
"9","neurological_conditions","G82.2","paraplegia"
"9","neurological_conditions","G82.20","paraplegia, unspecified"
"9","neurological_conditions","G82.21","paraplegia, complete"
"9","neurological_conditions","G82.22","paraplegia, incomplete"
"9","neurological_conditions","G82.5","quadriplegia"
"9","neurological_conditions","G82.50","quadriplegia, unspecified"
"9","neurological_conditions","G82.51","quadriplegia, c1-c4 complete"
"9","neurological_conditions","G82.52","quadriplegia, c1-c4 incomplete"
"9","neurological_conditions","G82.53","quadriplegia, c5-c7 complete"
"9","neurological_conditions","G82.54","quadriplegia, c5-c7 incomplete"
"9","neurological_conditions","G83","other paralytic syndromes"
"9","neurological_conditions","G83.0","diplegia of upper limbs"
"9","neurological_conditions","G83.1","monoplegia of lower limb"
"9","neurological_conditions","G83.10","monoplegia of lower limb affecting unspecified side"
"9","neurological_conditions","G83.11","monoplegia of lower limb affecting right dominant side"
"9","neurological_conditions","G83.12","monoplegia of lower limb affecting left dominant side"
"9","neurological_conditions","G83.13","monoplegia of lower limb affecting right nondominant side"
"9","neurological_conditions","G83.14","monoplegia of lower limb affecting left nondominant side"
"9","neurological_conditions","G83.2","monoplegia of upper limb"
"9","neurological_conditions","G83.20","monoplegia of upper limb affecting unspecified side"
"9","neurological_conditions","G83.21","monoplegia of upper limb affecting right dominant side"
"9","neurological_conditions","G83.22","monoplegia of upper limb affecting left dominant side"
"9","neurological_conditions","G83.23","monoplegia of upper limb affecting right nondominant side"
"9","neurological_conditions","G83.24","monoplegia of upper limb affecting left nondominant side"
"9","neurological_conditions","G83.3","monoplegia, unspecified"
"9","neurological_conditions","G83.30","monoplegia, unspecified affecting unspecified side"
"9","neurological_conditions","G83.31","monoplegia, unspecified affecting right dominant side"
"9","neurological_conditions","G83.32","monoplegia, unspecified affecting left dominant side"
"9","neurological_conditions","G83.33","monoplegia, unspecified affecting right nondominant side"
"9","neurological_conditions","G83.34","monoplegia, unspecified affecting left nondominant side"
"9","neurological_conditions","G83.4","cauda equina syndrome"
"9","neurological_conditions","G83.5","locked-in state"
"9","neurological_conditions","G83.8","other specified paralytic syndromes"
"9","neurological_conditions","G83.81","brown-sequard syndrome"
"9","neurological_conditions","G83.82","anterior cord syndrome"
"9","neurological_conditions","G83.83","posterior cord syndrome"
"9","neurological_conditions","G83.84","todd's paralysis (postepileptic)"
"9","neurological_conditions","G83.89","other specified paralytic syndromes"
"9","neurological_conditions","G83.9","paralytic syndrome, unspecified"
"9","neurological_conditions","G46.3","brain stem stroke syndrome"
"9","neurological_conditions","G46.4","cerebellar stroke syndrome"
"9","neurological_conditions","G46","vascular syndromes of brain in cerebrovascular diseases"
"9","neurological_conditions","G46.0","middle cerebral artery syndrome"
"9","neurological_conditions","G46.1","anterior cerebral artery syndrome"
"9","neurological_conditions","G46.2","posterior cerebral artery syndrome"
"9","neurological_conditions","G46.5","pure motor lacunar syndrome"
"9","neurological_conditions","G46.6","pure sensory lacunar syndrome"
"9","neurological_conditions","G46.7","other lacunar syndromes"
"9","neurological_conditions","G46.8","other vascular syndromes of brain in cerebrovascular diseases"
"9","neurological_conditions","I60","nontraumatic subarachnoid hemorrhage"
"9","neurological_conditions","I60.0","nontraumatic subarachnoid hemorrhage from carotid siphon and bifurcation"
"9","neurological_conditions","I60.00","nontraumatic subarachnoid hemorrhage from unspecified carotid siphon and bifurcation"
"9","neurological_conditions","I60.01","nontraumatic subarachnoid hemorrhage from right carotid siphon and bifurcation"
"9","neurological_conditions","I60.02","nontraumatic subarachnoid hemorrhage from left carotid siphon and bifurcation"
"9","neurological_conditions","I60.1","nontraumatic subarachnoid hemorrhage from middle cerebral artery"
"9","neurological_conditions","I60.10","nontraumatic subarachnoid hemorrhage from unspecified middle cerebral artery"
"9","neurological_conditions","I60.11","nontraumatic subarachnoid hemorrhage from right middle cerebral artery"
"9","neurological_conditions","I60.12","nontraumatic subarachnoid hemorrhage from left middle cerebral artery"
"9","neurological_conditions","I60.2","nontraumatic subarachnoid hemorrhage from anterior communicating artery"
"9","neurological_conditions","I60.3","nontraumatic subarachnoid hemorrhage from posterior communicating artery"
"9","neurological_conditions","I60.30","nontraumatic subarachnoid hemorrhage from unspecified posterior communicating artery"
"9","neurological_conditions","I60.31","nontraumatic subarachnoid hemorrhage from right posterior communicating artery"
"9","neurological_conditions","I60.32","nontraumatic subarachnoid hemorrhage from left posterior communicating artery"
"9","neurological_conditions","I60.4","nontraumatic subarachnoid hemorrhage from basilar artery"
"9","neurological_conditions","I60.5","nontraumatic subarachnoid hemorrhage from vertebral artery"
"9","neurological_conditions","I60.50","nontraumatic subarachnoid hemorrhage from unspecified vertebral artery"
"9","neurological_conditions","I60.51","nontraumatic subarachnoid hemorrhage from right vertebral artery"
"9","neurological_conditions","I60.52","nontraumatic subarachnoid hemorrhage from left vertebral artery"
"9","neurological_conditions","I60.6","nontraumatic subarachnoid hemorrhage from other intracranial arteries"
"9","neurological_conditions","I60.7","nontraumatic subarachnoid hemorrhage from unspecified intracranial artery"
"9","neurological_conditions","I60.8","other nontraumatic subarachnoid hemorrhage"
"9","neurological_conditions","I60.9","nontraumatic subarachnoid hemorrhage, unspecified"
"9","neurological_conditions","I61","nontraumatic intracerebral hemorrhage"
"9","neurological_conditions","I61.0","nontraumatic intracerebral hemorrhage in hemisphere, subcortical"
"9","neurological_conditions","I61.1","nontraumatic intracerebral hemorrhage in hemisphere, cortical"
"9","neurological_conditions","I61.2","nontraumatic intracerebral hemorrhage in hemisphere, unspecified"
"9","neurological_conditions","I61.3","nontraumatic intracerebral hemorrhage in brain stem"
"9","neurological_conditions","I61.4","nontraumatic intracerebral hemorrhage in cerebellum"
"9","neurological_conditions","I61.5","nontraumatic intracerebral hemorrhage, intraventricular"
"9","neurological_conditions","I61.6","nontraumatic intracerebral hemorrhage, multiple localized"
"9","neurological_conditions","I61.8","other nontraumatic intracerebral hemorrhage"
"9","neurological_conditions","I61.9","nontraumatic intracerebral hemorrhage, unspecified"
"9","neurological_conditions","I62","other and unspecified nontraumatic intracranial hemorrhage"
"9","neurological_conditions","I62.0","nontraumatic subdural hemorrhage"
"9","neurological_conditions","I62.00","nontraumatic subdural hemorrhage, unspecified"
"9","neurological_conditions","I62.01","nontraumatic acute subdural hemorrhage"
"9","neurological_conditions","I62.02","nontraumatic subacute subdural hemorrhage"
"9","neurological_conditions","I62.03","nontraumatic chronic subdural hemorrhage"
"9","neurological_conditions","I62.1","nontraumatic extradural hemorrhage"
"9","neurological_conditions","I62.9","nontraumatic intracranial hemorrhage, unspecified"
"9","neurological_conditions","I63","cerebral infarction"
"9","neurological_conditions","I63.0","cerebral infarction due to thrombosis of precerebral arteries"
"9","neurological_conditions","I63.00","cerebral infarction due to thrombosis of unspecified precerebral artery"
"9","neurological_conditions","I63.01","cerebral infarction due to thrombosis of vertebral artery"
"9","neurological_conditions","I63.011","cerebral infarction due to thrombosis of right vertebral artery"
"9","neurological_conditions","I63.012","cerebral infarction due to thrombosis of left vertebral artery"
"9","neurological_conditions","I63.013","cerebral infarction due to thrombosis of bilateral vertebral arteries"
"9","neurological_conditions","I63.019","cerebral infarction due to thrombosis of unspecified vertebral artery"
"9","neurological_conditions","I63.02","cerebral infarction due to thrombosis of basilar artery"
"9","neurological_conditions","I63.03","cerebral infarction due to thrombosis of carotid artery"
"9","neurological_conditions","I63.031","cerebral infarction due to thrombosis of right carotid artery"
"9","neurological_conditions","I63.032","cerebral infarction due to thrombosis of left carotid artery"
"9","neurological_conditions","I63.033","cerebral infarction due to thrombosis of bilateral carotid arteries"
"9","neurological_conditions","I63.039","cerebral infarction due to thrombosis of unspecified carotid artery"
"9","neurological_conditions","I63.09","cerebral infarction due to thrombosis of other precerebral artery"
"9","neurological_conditions","I63.1","cerebral infarction due to embolism of precerebral arteries"
"9","neurological_conditions","I63.10","cerebral infarction due to embolism of unspecified precerebral artery"
"9","neurological_conditions","I63.11","cerebral infarction due to embolism of vertebral artery"
"9","neurological_conditions","I63.111","cerebral infarction due to embolism of right vertebral artery"
"9","neurological_conditions","I63.112","cerebral infarction due to embolism of left vertebral artery"
"9","neurological_conditions","I63.113","cerebral infarction due to embolism of bilateral vertebral arteries"
"9","neurological_conditions","I63.119","cerebral infarction due to embolism of unspecified vertebral artery"
"9","neurological_conditions","I63.12","cerebral infarction due to embolism of basilar artery"
"9","neurological_conditions","I63.13","cerebral infarction due to embolism of carotid artery"
"9","neurological_conditions","I63.131","cerebral infarction due to embolism of right carotid artery"
"9","neurological_conditions","I63.132","cerebral infarction due to embolism of left carotid artery"
"9","neurological_conditions","I63.133","cerebral infarction due to embolism of bilateral carotid arteries"
"9","neurological_conditions","I63.139","cerebral infarction due to embolism of unspecified carotid artery"
"9","neurological_conditions","I63.19","cerebral infarction due to embolism of other precerebral artery"
"9","neurological_conditions","I63.2","cerebral infarction due to unspecified occlusion or stenosis of precerebral arteries"
"9","neurological_conditions","I63.20","cerebral infarction due to unspecified occlusion or stenosis of unspecified precerebral arteries"
"9","neurological_conditions","I63.21","cerebral infarction due to unspecified occlusion or stenosis of vertebral arteries"
"9","neurological_conditions","I63.211","cerebral infarction due to unspecified occlusion or stenosis of right vertebral artery"
"9","neurological_conditions","I63.212","cerebral infarction due to unspecified occlusion or stenosis of left vertebral artery"
"9","neurological_conditions","I63.213","cerebral infarction due to unspecified occlusion or stenosis of bilateral vertebral arteries"
"9","neurological_conditions","I63.219","cerebral infarction due to unspecified occlusion or stenosis of unspecified vertebral artery"
"9","neurological_conditions","I63.22","cerebral infarction due to unspecified occlusion or stenosis of basilar artery"
"9","neurological_conditions","I63.23","cerebral infarction due to unspecified occlusion or stenosis of carotid arteries"
"9","neurological_conditions","I63.231","cerebral infarction due to unspecified occlusion or stenosis of right carotid arteries"
"9","neurological_conditions","I63.232","cerebral infarction due to unspecified occlusion or stenosis of left carotid arteries"
"9","neurological_conditions","I63.233","cerebral infarction due to unspecified occlusion or stenosis of bilateral carotid arteries"
"9","neurological_conditions","I63.239","cerebral infarction due to unspecified occlusion or stenosis of unspecified carotid artery"
"9","neurological_conditions","I63.29","cerebral infarction due to unspecified occlusion or stenosis of other precerebral arteries"
"9","neurological_conditions","I63.3","cerebral infarction due to thrombosis of cerebral arteries"
"9","neurological_conditions","I63.30","cerebral infarction due to thrombosis of unspecified cerebral artery"
"9","neurological_conditions","I63.31","cerebral infarction due to thrombosis of middle cerebral artery"
"9","neurological_conditions","I63.311","cerebral infarction due to thrombosis of right middle cerebral artery"
"9","neurological_conditions","I63.312","cerebral infarction due to thrombosis of left middle cerebral artery"
"9","neurological_conditions","I63.313","cerebral infarction due to thrombosis of bilateral middle cerebral arteries"
"9","neurological_conditions","I63.319","cerebral infarction due to thrombosis of unspecified middle cerebral artery"
"9","neurological_conditions","I63.32","cerebral infarction due to thrombosis of anterior cerebral artery"
"9","neurological_conditions","I63.321","cerebral infarction due to thrombosis of right anterior cerebral artery"
"9","neurological_conditions","I63.322","cerebral infarction due to thrombosis of left anterior cerebral artery"
"9","neurological_conditions","I63.323","cerebral infarction due to thrombosis of bilateral anterior cerebral arteries"
"9","neurological_conditions","I63.329","cerebral infarction due to thrombosis of unspecified anterior cerebral artery"
"9","neurological_conditions","I63.33","cerebral infarction due to thrombosis of posterior cerebral artery"
"9","neurological_conditions","I63.331","cerebral infarction due to thrombosis of right posterior cerebral artery"
"9","neurological_conditions","I63.332","cerebral infarction due to thrombosis of left posterior cerebral artery"
"9","neurological_conditions","I63.333","cerebral infarction due to thrombosis of bilateral posterior cerebral arteries"
"9","neurological_conditions","I63.339","cerebral infarction due to thrombosis of unspecified posterior cerebral artery"
"9","neurological_conditions","I63.34","cerebral infarction due to thrombosis of cerebellar artery"
"9","neurological_conditions","I63.341","cerebral infarction due to thrombosis of right cerebellar artery"
"9","neurological_conditions","I63.342","cerebral infarction due to thrombosis of left cerebellar artery"
"9","neurological_conditions","I63.343","cerebral infarction due to thrombosis of bilateral cerebellar arteries"
"9","neurological_conditions","I63.349","cerebral infarction due to thrombosis of unspecified cerebellar artery"
"9","neurological_conditions","I63.39","cerebral infarction due to thrombosis of other cerebral artery"
"9","neurological_conditions","I63.4","cerebral infarction due to embolism of cerebral arteries"
"9","neurological_conditions","I63.40","cerebral infarction due to embolism of unspecified cerebral artery"
"9","neurological_conditions","I63.41","cerebral infarction due to embolism of middle cerebral artery"
"9","neurological_conditions","I63.411","cerebral infarction due to embolism of right middle cerebral artery"
"9","neurological_conditions","I63.412","cerebral infarction due to embolism of left middle cerebral artery"
"9","neurological_conditions","I63.413","cerebral infarction due to embolism of bilateral middle cerebral arteries"
"9","neurological_conditions","I63.419","cerebral infarction due to embolism of unspecified middle cerebral artery"
"9","neurological_conditions","I63.42","cerebral infarction due to embolism of anterior cerebral artery"
"9","neurological_conditions","I63.421","cerebral infarction due to embolism of right anterior cerebral artery"
"9","neurological_conditions","I63.422","cerebral infarction due to embolism of left anterior cerebral artery"
"9","neurological_conditions","I63.423","cerebral infarction due to embolism of bilateral anterior cerebral arteries"
"9","neurological_conditions","I63.429","cerebral infarction due to embolism of unspecified anterior cerebral artery"
"9","neurological_conditions","I63.43","cerebral infarction due to embolism of posterior cerebral artery"
"9","neurological_conditions","I63.431","cerebral infarction due to embolism of right posterior cerebral artery"
"9","neurological_conditions","I63.432","cerebral infarction due to embolism of left posterior cerebral artery"
"9","neurological_conditions","I63.433","cerebral infarction due to embolism of bilateral posterior cerebral arteries"
"9","neurological_conditions","I63.439","cerebral infarction due to embolism of unspecified posterior cerebral artery"
"9","neurological_conditions","I63.44","cerebral infarction due to embolism of cerebellar artery"
"9","neurological_conditions","I63.441","cerebral infarction due to embolism of right cerebellar artery"
"9","neurological_conditions","I63.442","cerebral infarction due to embolism of left cerebellar artery"
"9","neurological_conditions","I63.443","cerebral infarction due to embolism of bilateral cerebellar arteries"
"9","neurological_conditions","I63.449","cerebral infarction due to embolism of unspecified cerebellar artery"
"9","neurological_conditions","I63.49","cerebral infarction due to embolism of other cerebral artery"
"9","neurological_conditions","I63.5","cerebral infarction due to unspecified occlusion or stenosis of cerebral arteries"
"9","neurological_conditions","I63.50","cerebral infarction due to unspecified occlusion or stenosis of unspecified cerebral artery"
"9","neurological_conditions","I63.51","cerebral infarction due to unspecified occlusion or stenosis of middle cerebral artery"
"9","neurological_conditions","I63.511","cerebral infarction due to unspecified occlusion or stenosis of right middle cerebral artery"
"9","neurological_conditions","I63.512","cerebral infarction due to unspecified occlusion or stenosis of left middle cerebral artery"
"9","neurological_conditions","I63.513","cerebral infarction due to unspecified occlusion or stenosis of bilateral middle cerebral arteries"
"9","neurological_conditions","I63.519","cerebral infarction due to unspecified occlusion or stenosis of unspecified middle cerebral artery"
"9","neurological_conditions","I63.52","cerebral infarction due to unspecified occlusion or stenosis of anterior cerebral artery"
"9","neurological_conditions","I63.521","cerebral infarction due to unspecified occlusion or stenosis of right anterior cerebral artery"
"9","neurological_conditions","I63.522","cerebral infarction due to unspecified occlusion or stenosis of left anterior cerebral artery"
"9","neurological_conditions","I63.523","cerebral infarction due to unspecified occlusion or stenosis of bilateral anterior cerebral arteries"
"9","neurological_conditions","I63.529","cerebral infarction due to unspecified occlusion or stenosis of unspecified anterior cerebral artery"
"9","neurological_conditions","I63.53","cerebral infarction due to unspecified occlusion or stenosis of posterior cerebral artery"
"9","neurological_conditions","I63.531","cerebral infarction due to unspecified occlusion or stenosis of right posterior cerebral artery"
"9","neurological_conditions","I63.532","cerebral infarction due to unspecified occlusion or stenosis of left posterior cerebral artery"
"9","neurological_conditions","I63.533","cerebral infarction due to unspecified occlusion or stenosis of bilateral posterior cerebral arteries"
"9","neurological_conditions","I63.539","cerebral infarction due to unspecified occlusion or stenosis of unspecified posterior cerebral artery"
"9","neurological_conditions","I63.54","cerebral infarction due to unspecified occlusion or stenosis of cerebellar artery"
"9","neurological_conditions","I63.541","cerebral infarction due to unspecified occlusion or stenosis of right cerebellar artery"
"9","neurological_conditions","I63.542","cerebral infarction due to unspecified occlusion or stenosis of left cerebellar artery"
"9","neurological_conditions","I63.543","cerebral infarction due to unspecified occlusion or stenosis of bilateral cerebellar arteries"
"9","neurological_conditions","I63.549","cerebral infarction due to unspecified occlusion or stenosis of unspecified cerebellar artery"
"9","neurological_conditions","I63.59","cerebral infarction due to unspecified occlusion or stenosis of other cerebral artery"
"9","neurological_conditions","I63.6","cerebral infarction due to cerebral venous thrombosis, nonpyogenic"
"9","neurological_conditions","I63.8","other cerebral infarction"
"9","neurological_conditions","I63.81","other cerebral infarction due to occlusion or stenosis of small artery"
"9","neurological_conditions","I63.89","other cerebral infarction"
"9","neurological_conditions","I63.9","cerebral infarction, unspecified"
"9","neurological_conditions","I65","occlusion and stenosis of precerebral arteries, not resulting in cerebral infarction"
"9","neurological_conditions","I65.0","occlusion and stenosis of vertebral artery"
"9","neurological_conditions","I65.01","occlusion and stenosis of right vertebral artery"
"9","neurological_conditions","I65.02","occlusion and stenosis of left vertebral artery"
"9","neurological_conditions","I65.03","occlusion and stenosis of bilateral vertebral arteries"
"9","neurological_conditions","I65.09","occlusion and stenosis of unspecified vertebral artery"
"9","neurological_conditions","I65.1","occlusion and stenosis of basilar artery"
"9","neurological_conditions","I65.2","occlusion and stenosis of carotid artery"
"9","neurological_conditions","I65.21","occlusion and stenosis of right carotid artery"
"9","neurological_conditions","I65.22","occlusion and stenosis of left carotid artery"
"9","neurological_conditions","I65.23","occlusion and stenosis of bilateral carotid arteries"
"9","neurological_conditions","I65.29","occlusion and stenosis of unspecified carotid artery"
"9","neurological_conditions","I65.8","occlusion and stenosis of other precerebral arteries"
"9","neurological_conditions","I65.9","occlusion and stenosis of unspecified precerebral artery"
"9","neurological_conditions","I66","occlusion and stenosis of cerebral arteries, not resulting in cerebral infarction"
"9","neurological_conditions","I66.0","occlusion and stenosis of middle cerebral artery"
"9","neurological_conditions","I66.01","occlusion and stenosis of right middle cerebral artery"
"9","neurological_conditions","I66.02","occlusion and stenosis of left middle cerebral artery"
"9","neurological_conditions","I66.03","occlusion and stenosis of bilateral middle cerebral arteries"
"9","neurological_conditions","I66.09","occlusion and stenosis of unspecified middle cerebral artery"
"9","neurological_conditions","I66.1","occlusion and stenosis of anterior cerebral artery"
"9","neurological_conditions","I66.11","occlusion and stenosis of right anterior cerebral artery"
"9","neurological_conditions","I66.12","occlusion and stenosis of left anterior cerebral artery"
"9","neurological_conditions","I66.13","occlusion and stenosis of bilateral anterior cerebral arteries"
"9","neurological_conditions","I66.19","occlusion and stenosis of unspecified anterior cerebral artery"
"9","neurological_conditions","I66.2","occlusion and stenosis of posterior cerebral artery"
"9","neurological_conditions","I66.21","occlusion and stenosis of right posterior cerebral artery"
"9","neurological_conditions","I66.22","occlusion and stenosis of left posterior cerebral artery"
"9","neurological_conditions","I66.23","occlusion and stenosis of bilateral posterior cerebral arteries"
"9","neurological_conditions","I66.29","occlusion and stenosis of unspecified posterior cerebral artery"
"9","neurological_conditions","I66.3","occlusion and stenosis of cerebellar arteries"
"9","neurological_conditions","I66.8","occlusion and stenosis of other cerebral arteries"
"9","neurological_conditions","I66.9","occlusion and stenosis of unspecified cerebral artery"
"9","neurological_conditions","I67","other cerebrovascular diseases"
"9","neurological_conditions","I67.0","dissection of cerebral arteries, nonruptured"
"9","neurological_conditions","I67.1","cerebral aneurysm, nonruptured"
"9","neurological_conditions","I67.2","cerebral atherosclerosis"
"9","neurological_conditions","I67.3","progressive vascular leukoencephalopathy"
"9","neurological_conditions","I67.4","hypertensive encephalopathy"
"9","neurological_conditions","I67.5","moyamoya disease"
"9","neurological_conditions","I67.6","nonpyogenic thrombosis of intracranial venous system"
"9","neurological_conditions","I67.7","cerebral arteritis, not elsewhere classified"
"9","neurological_conditions","I67.8","other specified cerebrovascular diseases"
"9","neurological_conditions","I67.81","acute cerebrovascular insufficiency"
"9","neurological_conditions","I67.82","cerebral ischemia"
"9","neurological_conditions","I67.83","posterior reversible encephalopathy syndrome"
"9","neurological_conditions","I67.84","cerebral vasospasm and vasoconstriction"
"9","neurological_conditions","I67.841","reversible cerebrovascular vasoconstriction syndrome"
"9","neurological_conditions","I67.848","other cerebrovascular vasospasm and vasoconstriction"
"9","neurological_conditions","I67.85","hereditary cerebrovascular diseases"
"9","neurological_conditions","I67.850","cerebral autosomal dominant arteriopathy with subcortical infarcts and leukoencephalopathy"
"9","neurological_conditions","I67.858","other hereditary cerebrovascular disease"
"9","neurological_conditions","I67.89","other cerebrovascular disease"
"9","neurological_conditions","I67.9","cerebrovascular disease, unspecified"
"9","neurological_conditions","I68","cerebrovascular disorders in diseases classified elsewhere"
"9","neurological_conditions","I68.0","cerebral amyloid angiopathy"
"9","neurological_conditions","I68.2","cerebral arteritis in other diseases classified elsewhere"
"9","neurological_conditions","I68.8","other cerebrovascular disorders in diseases classified elsewhere"
"9","neurological_conditions","I69","sequelae of cerebrovascular disease"
"9","neurological_conditions","I69.0","sequelae of nontraumatic subarachnoid hemorrhage"
"9","neurological_conditions","I69.00","unspecified sequelae of nontraumatic subarachnoid hemorrhage"
"9","neurological_conditions","I69.01","cognitive deficits following nontraumatic subarachnoid hemorrhage"
"9","neurological_conditions","I69.010","attention and concentration deficit following nontraumatic subarachnoid hemorrhage"
"9","neurological_conditions","I69.011","memory deficit following nontraumatic subarachnoid hemorrhage"
"9","neurological_conditions","I69.012","visuospatial deficit and spatial neglect following nontraumatic subarachnoid hemorrhage"
"9","neurological_conditions","I69.013","psychomotor deficit following nontraumatic subarachnoid hemorrhage"
"9","neurological_conditions","I69.014","frontal lobe and executive function deficit following nontraumatic subarachnoid hemorrhage"
"9","neurological_conditions","I69.015","cognitive social or emotional deficit following nontraumatic subarachnoid hemorrhage"
"9","neurological_conditions","I69.018","other symptoms and signs involving cognitive functions following nontraumatic subarachnoid hemorrhage"
"9","neurological_conditions","I69.019","unspecified symptoms and signs involving cognitive functions following nontraumatic subarachnoid hemorrhage"
"9","neurological_conditions","I69.02","speech and language deficits following nontraumatic subarachnoid hemorrhage"
"9","neurological_conditions","I69.020","aphasia following nontraumatic subarachnoid hemorrhage"
"9","neurological_conditions","I69.021","dysphasia following nontraumatic subarachnoid hemorrhage"
"9","neurological_conditions","I69.022","dysarthria following nontraumatic subarachnoid hemorrhage"
"9","neurological_conditions","I69.023","fluency disorder following nontraumatic subarachnoid hemorrhage"
"9","neurological_conditions","I69.028","other speech and language deficits following nontraumatic subarachnoid hemorrhage"
"9","neurological_conditions","I69.03","monoplegia of upper limb following nontraumatic subarachnoid hemorrhage"
"9","neurological_conditions","I69.031","monoplegia of upper limb following nontraumatic subarachnoid hemorrhage affecting right dominant side"
"9","neurological_conditions","I69.032","monoplegia of upper limb following nontraumatic subarachnoid hemorrhage affecting left dominant side"
"9","neurological_conditions","I69.033","monoplegia of upper limb following nontraumatic subarachnoid hemorrhage affecting right non-dominant side"
"9","neurological_conditions","I69.034","monoplegia of upper limb following nontraumatic subarachnoid hemorrhage affecting left non-dominant side"
"9","neurological_conditions","I69.039","monoplegia of upper limb following nontraumatic subarachnoid hemorrhage affecting unspecified side"
"9","neurological_conditions","I69.04","monoplegia of lower limb following nontraumatic subarachnoid hemorrhage"
"9","neurological_conditions","I69.041","monoplegia of lower limb following nontraumatic subarachnoid hemorrhage affecting right dominant side"
"9","neurological_conditions","I69.042","monoplegia of lower limb following nontraumatic subarachnoid hemorrhage affecting left dominant side"
"9","neurological_conditions","I69.043","monoplegia of lower limb following nontraumatic subarachnoid hemorrhage affecting right non-dominant side"
"9","neurological_conditions","I69.044","monoplegia of lower limb following nontraumatic subarachnoid hemorrhage affecting left non-dominant side"
"9","neurological_conditions","I69.049","monoplegia of lower limb following nontraumatic subarachnoid hemorrhage affecting unspecified side"
"9","neurological_conditions","I69.05","hemiplegia and hemiparesis following nontraumatic subarachnoid hemorrhage"
"9","neurological_conditions","I69.051","hemiplegia and hemiparesis following nontraumatic subarachnoid hemorrhage affecting right dominant side"
"9","neurological_conditions","I69.052","hemiplegia and hemiparesis following nontraumatic subarachnoid hemorrhage affecting left dominant side"
"9","neurological_conditions","I69.053","hemiplegia and hemiparesis following nontraumatic subarachnoid hemorrhage affecting right non-dominant side"
"9","neurological_conditions","I69.054","hemiplegia and hemiparesis following nontraumatic subarachnoid hemorrhage affecting left non-dominant side"
"9","neurological_conditions","I69.059","hemiplegia and hemiparesis following nontraumatic subarachnoid hemorrhage affecting unspecified side"
"9","neurological_conditions","I69.06","other paralytic syndrome following nontraumatic subarachnoid hemorrhage"
"9","neurological_conditions","I69.061","other paralytic syndrome following nontraumatic subarachnoid hemorrhage affecting right dominant side"
"9","neurological_conditions","I69.062","other paralytic syndrome following nontraumatic subarachnoid hemorrhage affecting left dominant side"
"9","neurological_conditions","I69.063","other paralytic syndrome following nontraumatic subarachnoid hemorrhage affecting right non-dominant side"
"9","neurological_conditions","I69.064","other paralytic syndrome following nontraumatic subarachnoid hemorrhage affecting left non-dominant side"
"9","neurological_conditions","I69.065","other paralytic syndrome following nontraumatic subarachnoid hemorrhage, bilateral"
"9","neurological_conditions","I69.069","other paralytic syndrome following nontraumatic subarachnoid hemorrhage affecting unspecified side"
"9","neurological_conditions","I69.09","other sequelae of nontraumatic subarachnoid hemorrhage"
"9","neurological_conditions","I69.090","apraxia following nontraumatic subarachnoid hemorrhage"
"9","neurological_conditions","I69.091","dysphagia following nontraumatic subarachnoid hemorrhage"
"9","neurological_conditions","I69.092","facial weakness following nontraumatic subarachnoid hemorrhage"
"9","neurological_conditions","I69.093","ataxia following nontraumatic subarachnoid hemorrhage"
"9","neurological_conditions","I69.098","other sequelae following nontraumatic subarachnoid hemorrhage"
"9","neurological_conditions","I69.1","sequelae of nontraumatic intracerebral hemorrhage"
"9","neurological_conditions","I69.10","unspecified sequelae of nontraumatic intracerebral hemorrhage"
"9","neurological_conditions","I69.11","cognitive deficits following nontraumatic intracerebral hemorrhage"
"9","neurological_conditions","I69.110","attention and concentration deficit following nontraumatic intracerebral hemorrhage"
"9","neurological_conditions","I69.111","memory deficit following nontraumatic intracerebral hemorrhage"
"9","neurological_conditions","I69.112","visuospatial deficit and spatial neglect following nontraumatic intracerebral hemorrhage"
"9","neurological_conditions","I69.113","psychomotor deficit following nontraumatic intracerebral hemorrhage"
"9","neurological_conditions","I69.114","frontal lobe and executive function deficit following nontraumatic intracerebral hemorrhage"
"9","neurological_conditions","I69.115","cognitive social or emotional deficit following nontraumatic intracerebral hemorrhage"
"9","neurological_conditions","I69.118","other symptoms and signs involving cognitive functions following nontraumatic intracerebral hemorrhage"
"9","neurological_conditions","I69.119","unspecified symptoms and signs involving cognitive functions following nontraumatic intracerebral hemorrhage"
"9","neurological_conditions","I69.12","speech and language deficits following nontraumatic intracerebral hemorrhage"
"9","neurological_conditions","I69.120","aphasia following nontraumatic intracerebral hemorrhage"
"9","neurological_conditions","I69.121","dysphasia following nontraumatic intracerebral hemorrhage"
"9","neurological_conditions","I69.122","dysarthria following nontraumatic intracerebral hemorrhage"
"9","neurological_conditions","I69.123","fluency disorder following nontraumatic intracerebral hemorrhage"
"9","neurological_conditions","I69.128","other speech and language deficits following nontraumatic intracerebral hemorrhage"
"9","neurological_conditions","I69.13","monoplegia of upper limb following nontraumatic intracerebral hemorrhage"
"9","neurological_conditions","I69.131","monoplegia of upper limb following nontraumatic intracerebral hemorrhage affecting right dominant side"
"9","neurological_conditions","I69.132","monoplegia of upper limb following nontraumatic intracerebral hemorrhage affecting left dominant side"
"9","neurological_conditions","I69.133","monoplegia of upper limb following nontraumatic intracerebral hemorrhage affecting right non-dominant side"
"9","neurological_conditions","I69.134","monoplegia of upper limb following nontraumatic intracerebral hemorrhage affecting left non-dominant side"
"9","neurological_conditions","I69.139","monoplegia of upper limb following nontraumatic intracerebral hemorrhage affecting unspecified side"
"9","neurological_conditions","I69.14","monoplegia of lower limb following nontraumatic intracerebral hemorrhage"
"9","neurological_conditions","I69.141","monoplegia of lower limb following nontraumatic intracerebral hemorrhage affecting right dominant side"
"9","neurological_conditions","I69.142","monoplegia of lower limb following nontraumatic intracerebral hemorrhage affecting left dominant side"
"9","neurological_conditions","I69.143","monoplegia of lower limb following nontraumatic intracerebral hemorrhage affecting right non-dominant side"
"9","neurological_conditions","I69.144","monoplegia of lower limb following nontraumatic intracerebral hemorrhage affecting left non-dominant side"
"9","neurological_conditions","I69.149","monoplegia of lower limb following nontraumatic intracerebral hemorrhage affecting unspecified side"
"9","neurological_conditions","I69.15","hemiplegia and hemiparesis following nontraumatic intracerebral hemorrhage"
"9","neurological_conditions","I69.151","hemiplegia and hemiparesis following nontraumatic intracerebral hemorrhage affecting right dominant side"
"9","neurological_conditions","I69.152","hemiplegia and hemiparesis following nontraumatic intracerebral hemorrhage affecting left dominant side"
"9","neurological_conditions","I69.153","hemiplegia and hemiparesis following nontraumatic intracerebral hemorrhage affecting right non-dominant side"
"9","neurological_conditions","I69.154","hemiplegia and hemiparesis following nontraumatic intracerebral hemorrhage affecting left non-dominant side"
"9","neurological_conditions","I69.159","hemiplegia and hemiparesis following nontraumatic intracerebral hemorrhage affecting unspecified side"
"9","neurological_conditions","I69.16","other paralytic syndrome following nontraumatic intracerebral hemorrhage"
"9","neurological_conditions","I69.161","other paralytic syndrome following nontraumatic intracerebral hemorrhage affecting right dominant side"
"9","neurological_conditions","I69.162","other paralytic syndrome following nontraumatic intracerebral hemorrhage affecting left dominant side"
"9","neurological_conditions","I69.163","other paralytic syndrome following nontraumatic intracerebral hemorrhage affecting right non-dominant side"
"9","neurological_conditions","I69.164","other paralytic syndrome following nontraumatic intracerebral hemorrhage affecting left non-dominant side"
"9","neurological_conditions","I69.165","other paralytic syndrome following nontraumatic intracerebral hemorrhage, bilateral"
"9","neurological_conditions","I69.169","other paralytic syndrome following nontraumatic intracerebral hemorrhage affecting unspecified side"
"9","neurological_conditions","I69.19","other sequelae of nontraumatic intracerebral hemorrhage"
"9","neurological_conditions","I69.190","apraxia following nontraumatic intracerebral hemorrhage"
"9","neurological_conditions","I69.191","dysphagia following nontraumatic intracerebral hemorrhage"
"9","neurological_conditions","I69.192","facial weakness following nontraumatic intracerebral hemorrhage"
"9","neurological_conditions","I69.193","ataxia following nontraumatic intracerebral hemorrhage"
"9","neurological_conditions","I69.198","other sequelae of nontraumatic intracerebral hemorrhage"
"9","neurological_conditions","I69.2","sequelae of other nontraumatic intracranial hemorrhage"
"9","neurological_conditions","I69.20","unspecified sequelae of other nontraumatic intracranial hemorrhage"
"9","neurological_conditions","I69.21","cognitive deficits following other nontraumatic intracranial hemorrhage"
"9","neurological_conditions","I69.210","attention and concentration deficit following other nontraumatic intracranial hemorrhage"
"9","neurological_conditions","I69.211","memory deficit following other nontraumatic intracranial hemorrhage"
"9","neurological_conditions","I69.212","visuospatial deficit and spatial neglect following other nontraumatic intracranial hemorrhage"
"9","neurological_conditions","I69.213","psychomotor deficit following other nontraumatic intracranial hemorrhage"
"9","neurological_conditions","I69.214","frontal lobe and executive function deficit following other nontraumatic intracranial hemorrhage"
"9","neurological_conditions","I69.215","cognitive social or emotional deficit following other nontraumatic intracranial hemorrhage"
"9","neurological_conditions","I69.218","other symptoms and signs involving cognitive functions following other nontraumatic intracranial hemorrhage"
"9","neurological_conditions","I69.219","unspecified symptoms and signs involving cognitive functions following other nontraumatic intracranial hemorrhage"
"9","neurological_conditions","I69.22","speech and language deficits following other nontraumatic intracranial hemorrhage"
"9","neurological_conditions","I69.220","aphasia following other nontraumatic intracranial hemorrhage"
"9","neurological_conditions","I69.221","dysphasia following other nontraumatic intracranial hemorrhage"
"9","neurological_conditions","I69.222","dysarthria following other nontraumatic intracranial hemorrhage"
"9","neurological_conditions","I69.223","fluency disorder following other nontraumatic intracranial hemorrhage"
"9","neurological_conditions","I69.228","other speech and language deficits following other nontraumatic intracranial hemorrhage"
"9","neurological_conditions","I69.23","monoplegia of upper limb following other nontraumatic intracranial hemorrhage"
"9","neurological_conditions","I69.231","monoplegia of upper limb following other nontraumatic intracranial hemorrhage affecting right dominant side"
"9","neurological_conditions","I69.232","monoplegia of upper limb following other nontraumatic intracranial hemorrhage affecting left dominant side"
"9","neurological_conditions","I69.233","monoplegia of upper limb following other nontraumatic intracranial hemorrhage affecting right non-dominant side"
"9","neurological_conditions","I69.234","monoplegia of upper limb following other nontraumatic intracranial hemorrhage affecting left non-dominant side"
"9","neurological_conditions","I69.239","monoplegia of upper limb following other nontraumatic intracranial hemorrhage affecting unspecified side"
"9","neurological_conditions","I69.24","monoplegia of lower limb following other nontraumatic intracranial hemorrhage"
"9","neurological_conditions","I69.241","monoplegia of lower limb following other nontraumatic intracranial hemorrhage affecting right dominant side"
"9","neurological_conditions","I69.242","monoplegia of lower limb following other nontraumatic intracranial hemorrhage affecting left dominant side"
"9","neurological_conditions","I69.243","monoplegia of lower limb following other nontraumatic intracranial hemorrhage affecting right non-dominant side"
"9","neurological_conditions","I69.244","monoplegia of lower limb following other nontraumatic intracranial hemorrhage affecting left non-dominant side"
"9","neurological_conditions","I69.249","monoplegia of lower limb following other nontraumatic intracranial hemorrhage affecting unspecified side"
"9","neurological_conditions","I69.25","hemiplegia and hemiparesis following other nontraumatic intracranial hemorrhage"
"9","neurological_conditions","I69.251","hemiplegia and hemiparesis following other nontraumatic intracranial hemorrhage affecting right dominant side"
"9","neurological_conditions","I69.252","hemiplegia and hemiparesis following other nontraumatic intracranial hemorrhage affecting left dominant side"
"9","neurological_conditions","I69.253","hemiplegia and hemiparesis following other nontraumatic intracranial hemorrhage affecting right non-dominant side"
"9","neurological_conditions","I69.254","hemiplegia and hemiparesis following other nontraumatic intracranial hemorrhage affecting left non-dominant side"
"9","neurological_conditions","I69.259","hemiplegia and hemiparesis following other nontraumatic intracranial hemorrhage affecting unspecified side"
"9","neurological_conditions","I69.26","other paralytic syndrome following other nontraumatic intracranial hemorrhage"
"9","neurological_conditions","I69.261","other paralytic syndrome following other nontraumatic intracranial hemorrhage affecting right dominant side"
"9","neurological_conditions","I69.262","other paralytic syndrome following other nontraumatic intracranial hemorrhage affecting left dominant side"
"9","neurological_conditions","I69.263","other paralytic syndrome following other nontraumatic intracranial hemorrhage affecting right non-dominant side"
"9","neurological_conditions","I69.264","other paralytic syndrome following other nontraumatic intracranial hemorrhage affecting left non-dominant side"
"9","neurological_conditions","I69.265","other paralytic syndrome following other nontraumatic intracranial hemorrhage, bilateral"
"9","neurological_conditions","I69.269","other paralytic syndrome following other nontraumatic intracranial hemorrhage affecting unspecified side"
"9","neurological_conditions","I69.29","other sequelae of other nontraumatic intracranial hemorrhage"
"9","neurological_conditions","I69.290","apraxia following other nontraumatic intracranial hemorrhage"
"9","neurological_conditions","I69.291","dysphagia following other nontraumatic intracranial hemorrhage"
"9","neurological_conditions","I69.292","facial weakness following other nontraumatic intracranial hemorrhage"
"9","neurological_conditions","I69.293","ataxia following other nontraumatic intracranial hemorrhage"
"9","neurological_conditions","I69.298","other sequelae of other nontraumatic intracranial hemorrhage"
"9","neurological_conditions","I69.3","sequelae of cerebral infarction"
"9","neurological_conditions","I69.30","unspecified sequelae of cerebral infarction"
"9","neurological_conditions","I69.31","cognitive deficits following cerebral infarction"
"9","neurological_conditions","I69.310","attention and concentration deficit following cerebral infarction"
"9","neurological_conditions","I69.311","memory deficit following cerebral infarction"
"9","neurological_conditions","I69.312","visuospatial deficit and spatial neglect following cerebral infarction"
"9","neurological_conditions","I69.313","psychomotor deficit following cerebral infarction"
"9","neurological_conditions","I69.314","frontal lobe and executive function deficit following cerebral infarction"
"9","neurological_conditions","I69.315","cognitive social or emotional deficit following cerebral infarction"
"9","neurological_conditions","I69.318","other symptoms and signs involving cognitive functions following cerebral infarction"
"9","neurological_conditions","I69.319","unspecified symptoms and signs involving cognitive functions following cerebral infarction"
"9","neurological_conditions","I69.32","speech and language deficits following cerebral infarction"
"9","neurological_conditions","I69.320","aphasia following cerebral infarction"
"9","neurological_conditions","I69.321","dysphasia following cerebral infarction"
"9","neurological_conditions","I69.322","dysarthria following cerebral infarction"
"9","neurological_conditions","I69.323","fluency disorder following cerebral infarction"
"9","neurological_conditions","I69.328","other speech and language deficits following cerebral infarction"
"9","neurological_conditions","I69.33","monoplegia of upper limb following cerebral infarction"
"9","neurological_conditions","I69.331","monoplegia of upper limb following cerebral infarction affecting right dominant side"
"9","neurological_conditions","I69.332","monoplegia of upper limb following cerebral infarction affecting left dominant side"
"9","neurological_conditions","I69.333","monoplegia of upper limb following cerebral infarction affecting right non-dominant side"
"9","neurological_conditions","I69.334","monoplegia of upper limb following cerebral infarction affecting left non-dominant side"
"9","neurological_conditions","I69.339","monoplegia of upper limb following cerebral infarction affecting unspecified side"
"9","neurological_conditions","I69.34","monoplegia of lower limb following cerebral infarction"
"9","neurological_conditions","I69.341","monoplegia of lower limb following cerebral infarction affecting right dominant side"
"9","neurological_conditions","I69.342","monoplegia of lower limb following cerebral infarction affecting left dominant side"
"9","neurological_conditions","I69.343","monoplegia of lower limb following cerebral infarction affecting right non-dominant side"
"9","neurological_conditions","I69.344","monoplegia of lower limb following cerebral infarction affecting left non-dominant side"
"9","neurological_conditions","I69.349","monoplegia of lower limb following cerebral infarction affecting unspecified side"
"9","neurological_conditions","I69.35","hemiplegia and hemiparesis following cerebral infarction"
"9","neurological_conditions","I69.351","hemiplegia and hemiparesis following cerebral infarction affecting right dominant side"
"9","neurological_conditions","I69.352","hemiplegia and hemiparesis following cerebral infarction affecting left dominant side"
"9","neurological_conditions","I69.353","hemiplegia and hemiparesis following cerebral infarction affecting right non-dominant side"
"9","neurological_conditions","I69.354","hemiplegia and hemiparesis following cerebral infarction affecting left non-dominant side"
"9","neurological_conditions","I69.359","hemiplegia and hemiparesis following cerebral infarction affecting unspecified side"
"9","neurological_conditions","I69.36","other paralytic syndrome following cerebral infarction"
"9","neurological_conditions","I69.361","other paralytic syndrome following cerebral infarction affecting right dominant side"
"9","neurological_conditions","I69.362","other paralytic syndrome following cerebral infarction affecting left dominant side"
"9","neurological_conditions","I69.363","other paralytic syndrome following cerebral infarction affecting right non-dominant side"
"9","neurological_conditions","I69.364","other paralytic syndrome following cerebral infarction affecting left non-dominant side"
"9","neurological_conditions","I69.365","other paralytic syndrome following cerebral infarction, bilateral"
"9","neurological_conditions","I69.369","other paralytic syndrome following cerebral infarction affecting unspecified side"
"9","neurological_conditions","I69.39","other sequelae of cerebral infarction"
"9","neurological_conditions","I69.390","apraxia following cerebral infarction"
"9","neurological_conditions","I69.391","dysphagia following cerebral infarction"
"9","neurological_conditions","I69.392","facial weakness following cerebral infarction"
"9","neurological_conditions","I69.393","ataxia following cerebral infarction"
"9","neurological_conditions","I69.398","other sequelae of cerebral infarction"
"9","neurological_conditions","I69.8","sequelae of other cerebrovascular diseases"
"9","neurological_conditions","I69.80","unspecified sequelae of other cerebrovascular disease"
"9","neurological_conditions","I69.81","cognitive deficits following other cerebrovascular disease"
"9","neurological_conditions","I69.810","attention and concentration deficit following other cerebrovascular disease"
"9","neurological_conditions","I69.811","memory deficit following other cerebrovascular disease"
"9","neurological_conditions","I69.812","visuospatial deficit and spatial neglect following other cerebrovascular disease"
"9","neurological_conditions","I69.813","psychomotor deficit following other cerebrovascular disease"
"9","neurological_conditions","I69.814","frontal lobe and executive function deficit following other cerebrovascular disease"
"9","neurological_conditions","I69.815","cognitive social or emotional deficit following other cerebrovascular disease"
"9","neurological_conditions","I69.818","other symptoms and signs involving cognitive functions following other cerebrovascular disease"
"9","neurological_conditions","I69.819","unspecified symptoms and signs involving cognitive functions following other cerebrovascular disease"
"9","neurological_conditions","I69.82","speech and language deficits following other cerebrovascular disease"
"9","neurological_conditions","I69.820","aphasia following other cerebrovascular disease"
"9","neurological_conditions","I69.821","dysphasia following other cerebrovascular disease"
"9","neurological_conditions","I69.822","dysarthria following other cerebrovascular disease"
"9","neurological_conditions","I69.823","fluency disorder following other cerebrovascular disease"
"9","neurological_conditions","I69.828","other speech and language deficits following other cerebrovascular disease"
"9","neurological_conditions","I69.83","monoplegia of upper limb following other cerebrovascular disease"
"9","neurological_conditions","I69.831","monoplegia of upper limb following other cerebrovascular disease affecting right dominant side"
"9","neurological_conditions","I69.832","monoplegia of upper limb following other cerebrovascular disease affecting left dominant side"
"9","neurological_conditions","I69.833","monoplegia of upper limb following other cerebrovascular disease affecting right non-dominant side"
"9","neurological_conditions","I69.834","monoplegia of upper limb following other cerebrovascular disease affecting left non-dominant side"
"9","neurological_conditions","I69.839","monoplegia of upper limb following other cerebrovascular disease affecting unspecified side"
"9","neurological_conditions","I69.84","monoplegia of lower limb following other cerebrovascular disease"
"9","neurological_conditions","I69.841","monoplegia of lower limb following other cerebrovascular disease affecting right dominant side"
"9","neurological_conditions","I69.842","monoplegia of lower limb following other cerebrovascular disease affecting left dominant side"
"9","neurological_conditions","I69.843","monoplegia of lower limb following other cerebrovascular disease affecting right non-dominant side"
"9","neurological_conditions","I69.844","monoplegia of lower limb following other cerebrovascular disease affecting left non-dominant side"
"9","neurological_conditions","I69.849","monoplegia of lower limb following other cerebrovascular disease affecting unspecified side"
"9","neurological_conditions","I69.85","hemiplegia and hemiparesis following other cerebrovascular disease"
"9","neurological_conditions","I69.851","hemiplegia and hemiparesis following other cerebrovascular disease affecting right dominant side"
"9","neurological_conditions","I69.852","hemiplegia and hemiparesis following other cerebrovascular disease affecting left dominant side"
"9","neurological_conditions","I69.853","hemiplegia and hemiparesis following other cerebrovascular disease affecting right non-dominant side"
"9","neurological_conditions","I69.854","hemiplegia and hemiparesis following other cerebrovascular disease affecting left non-dominant side"
"9","neurological_conditions","I69.859","hemiplegia and hemiparesis following other cerebrovascular disease affecting unspecified side"
"9","neurological_conditions","I69.86","other paralytic syndrome following other cerebrovascular disease"
"9","neurological_conditions","I69.861","other paralytic syndrome following other cerebrovascular disease affecting right dominant side"
"9","neurological_conditions","I69.862","other paralytic syndrome following other cerebrovascular disease affecting left dominant side"
"9","neurological_conditions","I69.863","other paralytic syndrome following other cerebrovascular disease affecting right non-dominant side"
"9","neurological_conditions","I69.864","other paralytic syndrome following other cerebrovascular disease affecting left non-dominant side"
"9","neurological_conditions","I69.865","other paralytic syndrome following other cerebrovascular disease, bilateral"
"9","neurological_conditions","I69.869","other paralytic syndrome following other cerebrovascular disease affecting unspecified side"
"9","neurological_conditions","I69.89","other sequelae of other cerebrovascular disease"
"9","neurological_conditions","I69.890","apraxia following other cerebrovascular disease"
"9","neurological_conditions","I69.891","dysphagia following other cerebrovascular disease"
"9","neurological_conditions","I69.892","facial weakness following other cerebrovascular disease"
"9","neurological_conditions","I69.893","ataxia following other cerebrovascular disease"
"9","neurological_conditions","I69.898","other sequelae of other cerebrovascular disease"
"9","neurological_conditions","I69.9","sequelae of unspecified cerebrovascular diseases"
"9","neurological_conditions","I69.90","unspecified sequelae of unspecified cerebrovascular disease"
"9","neurological_conditions","I69.91","cognitive deficits following unspecified cerebrovascular disease"
"9","neurological_conditions","I69.910","attention and concentration deficit following unspecified cerebrovascular disease"
"9","neurological_conditions","I69.911","memory deficit following unspecified cerebrovascular disease"
"9","neurological_conditions","I69.912","visuospatial deficit and spatial neglect following unspecified cerebrovascular disease"
"9","neurological_conditions","I69.913","psychomotor deficit following unspecified cerebrovascular disease"
"9","neurological_conditions","I69.914","frontal lobe and executive function deficit following unspecified cerebrovascular disease"
"9","neurological_conditions","I69.915","cognitive social or emotional deficit following unspecified cerebrovascular disease"
"9","neurological_conditions","I69.918","other symptoms and signs involving cognitive functions following unspecified cerebrovascular disease"
"9","neurological_conditions","I69.919","unspecified symptoms and signs involving cognitive functions following unspecified cerebrovascular disease"
"9","neurological_conditions","I69.92","speech and language deficits following unspecified cerebrovascular disease"
"9","neurological_conditions","I69.920","aphasia following unspecified cerebrovascular disease"
"9","neurological_conditions","I69.921","dysphasia following unspecified cerebrovascular disease"
"9","neurological_conditions","I69.922","dysarthria following unspecified cerebrovascular disease"
"9","neurological_conditions","I69.923","fluency disorder following unspecified cerebrovascular disease"
"9","neurological_conditions","I69.928","other speech and language deficits following unspecified cerebrovascular disease"
"9","neurological_conditions","I69.93","monoplegia of upper limb following unspecified cerebrovascular disease"
"9","neurological_conditions","I69.931","monoplegia of upper limb following unspecified cerebrovascular disease affecting right dominant side"
"9","neurological_conditions","I69.932","monoplegia of upper limb following unspecified cerebrovascular disease affecting left dominant side"
"9","neurological_conditions","I69.933","monoplegia of upper limb following unspecified cerebrovascular disease affecting right non-dominant side"
"9","neurological_conditions","I69.934","monoplegia of upper limb following unspecified cerebrovascular disease affecting left non-dominant side"
"9","neurological_conditions","I69.939","monoplegia of upper limb following unspecified cerebrovascular disease affecting unspecified side"
"9","neurological_conditions","I69.94","monoplegia of lower limb following unspecified cerebrovascular disease"
"9","neurological_conditions","I69.941","monoplegia of lower limb following unspecified cerebrovascular disease affecting right dominant side"
"9","neurological_conditions","I69.942","monoplegia of lower limb following unspecified cerebrovascular disease affecting left dominant side"
"9","neurological_conditions","I69.943","monoplegia of lower limb following unspecified cerebrovascular disease affecting right non-dominant side"
"9","neurological_conditions","I69.944","monoplegia of lower limb following unspecified cerebrovascular disease affecting left non-dominant side"
"9","neurological_conditions","I69.949","monoplegia of lower limb following unspecified cerebrovascular disease affecting unspecified side"
"9","neurological_conditions","I69.95","hemiplegia and hemiparesis following unspecified cerebrovascular disease"
"9","neurological_conditions","I69.951","hemiplegia and hemiparesis following unspecified cerebrovascular disease affecting right dominant side"
"9","neurological_conditions","I69.952","hemiplegia and hemiparesis following unspecified cerebrovascular disease affecting left dominant side"
"9","neurological_conditions","I69.953","hemiplegia and hemiparesis following unspecified cerebrovascular disease affecting right non-dominant side"
"9","neurological_conditions","I69.954","hemiplegia and hemiparesis following unspecified cerebrovascular disease affecting left non-dominant side"
"9","neurological_conditions","I69.959","hemiplegia and hemiparesis following unspecified cerebrovascular disease affecting unspecified side"
"9","neurological_conditions","I69.96","other paralytic syndrome following unspecified cerebrovascular disease"
"9","neurological_conditions","I69.961","other paralytic syndrome following unspecified cerebrovascular disease affecting right dominant side"
"9","neurological_conditions","I69.962","other paralytic syndrome following unspecified cerebrovascular disease affecting left dominant side"
"9","neurological_conditions","I69.963","other paralytic syndrome following unspecified cerebrovascular disease affecting right non-dominant side"
"9","neurological_conditions","I69.964","other paralytic syndrome following unspecified cerebrovascular disease affecting left non-dominant side"
"9","neurological_conditions","I69.965","other paralytic syndrome following unspecified cerebrovascular disease, bilateral"
"9","neurological_conditions","I69.969","other paralytic syndrome following unspecified cerebrovascular disease affecting unspecified side"
"9","neurological_conditions","I69.99","other sequelae of unspecified cerebrovascular disease"
"9","neurological_conditions","I69.990","apraxia following unspecified cerebrovascular disease"
"9","neurological_conditions","I69.991","dysphagia following unspecified cerebrovascular disease"
"9","neurological_conditions","I69.992","facial weakness following unspecified cerebrovascular disease"
"9","neurological_conditions","I69.993","ataxia following unspecified cerebrovascular disease"
"9","neurological_conditions","I69.998","other sequelae following unspecified cerebrovascular disease"
"10","rheumatic_disease","M05","rheumatoid arthritis with rheumatoid factor"
"10","rheumatic_disease","M05.0","felty's syndrome"
"10","rheumatic_disease","M05.00","felty's syndrome, unspecified site"
"10","rheumatic_disease","M05.01","felty's syndrome, shoulder"
"10","rheumatic_disease","M05.011","felty's syndrome, right shoulder"
"10","rheumatic_disease","M05.012","felty's syndrome, left shoulder"
"10","rheumatic_disease","M05.019","felty's syndrome, unspecified shoulder"
"10","rheumatic_disease","M05.02","felty's syndrome, elbow"
"10","rheumatic_disease","M05.021","felty's syndrome, right elbow"
"10","rheumatic_disease","M05.022","felty's syndrome, left elbow"
"10","rheumatic_disease","M05.029","felty's syndrome, unspecified elbow"
"10","rheumatic_disease","M05.03","felty's syndrome, wrist"
"10","rheumatic_disease","M05.031","felty's syndrome, right wrist"
"10","rheumatic_disease","M05.032","felty's syndrome, left wrist"
"10","rheumatic_disease","M05.039","felty's syndrome, unspecified wrist"
"10","rheumatic_disease","M05.04","felty's syndrome, hand"
"10","rheumatic_disease","M05.041","felty's syndrome, right hand"
"10","rheumatic_disease","M05.042","felty's syndrome, left hand"
"10","rheumatic_disease","M05.049","felty's syndrome, unspecified hand"
"10","rheumatic_disease","M05.05","felty's syndrome, hip"
"10","rheumatic_disease","M05.051","felty's syndrome, right hip"
"10","rheumatic_disease","M05.052","felty's syndrome, left hip"
"10","rheumatic_disease","M05.059","felty's syndrome, unspecified hip"
"10","rheumatic_disease","M05.06","felty's syndrome, knee"
"10","rheumatic_disease","M05.061","felty's syndrome, right knee"
"10","rheumatic_disease","M05.062","felty's syndrome, left knee"
"10","rheumatic_disease","M05.069","felty's syndrome, unspecified knee"
"10","rheumatic_disease","M05.07","felty's syndrome, ankle and foot"
"10","rheumatic_disease","M05.071","felty's syndrome, right ankle and foot"
"10","rheumatic_disease","M05.072","felty's syndrome, left ankle and foot"
"10","rheumatic_disease","M05.079","felty's syndrome, unspecified ankle and foot"
"10","rheumatic_disease","M05.09","felty's syndrome, multiple sites"
"10","rheumatic_disease","M05.1","rheumatoid lung disease with rheumatoid arthritis"
"10","rheumatic_disease","M05.10","rheumatoid lung disease with rheumatoid arthritis of unspecified site"
"10","rheumatic_disease","M05.11","rheumatoid lung disease with rheumatoid arthritis of shoulder"
"10","rheumatic_disease","M05.111","rheumatoid lung disease with rheumatoid arthritis of right shoulder"
"10","rheumatic_disease","M05.112","rheumatoid lung disease with rheumatoid arthritis of left shoulder"
"10","rheumatic_disease","M05.119","rheumatoid lung disease with rheumatoid arthritis of unspecified shoulder"
"10","rheumatic_disease","M05.12","rheumatoid lung disease with rheumatoid arthritis of elbow"
"10","rheumatic_disease","M05.121","rheumatoid lung disease with rheumatoid arthritis of right elbow"
"10","rheumatic_disease","M05.122","rheumatoid lung disease with rheumatoid arthritis of left elbow"
"10","rheumatic_disease","M05.129","rheumatoid lung disease with rheumatoid arthritis of unspecified elbow"
"10","rheumatic_disease","M05.13","rheumatoid lung disease with rheumatoid arthritis of wrist"
"10","rheumatic_disease","M05.131","rheumatoid lung disease with rheumatoid arthritis of right wrist"
"10","rheumatic_disease","M05.132","rheumatoid lung disease with rheumatoid arthritis of left wrist"
"10","rheumatic_disease","M05.139","rheumatoid lung disease with rheumatoid arthritis of unspecified wrist"
"10","rheumatic_disease","M05.14","rheumatoid lung disease with rheumatoid arthritis of hand"
"10","rheumatic_disease","M05.141","rheumatoid lung disease with rheumatoid arthritis of right hand"
"10","rheumatic_disease","M05.142","rheumatoid lung disease with rheumatoid arthritis of left hand"
"10","rheumatic_disease","M05.149","rheumatoid lung disease with rheumatoid arthritis of unspecified hand"
"10","rheumatic_disease","M05.15","rheumatoid lung disease with rheumatoid arthritis of hip"
"10","rheumatic_disease","M05.151","rheumatoid lung disease with rheumatoid arthritis of right hip"
"10","rheumatic_disease","M05.152","rheumatoid lung disease with rheumatoid arthritis of left hip"
"10","rheumatic_disease","M05.159","rheumatoid lung disease with rheumatoid arthritis of unspecified hip"
"10","rheumatic_disease","M05.16","rheumatoid lung disease with rheumatoid arthritis of knee"
"10","rheumatic_disease","M05.161","rheumatoid lung disease with rheumatoid arthritis of right knee"
"10","rheumatic_disease","M05.162","rheumatoid lung disease with rheumatoid arthritis of left knee"
"10","rheumatic_disease","M05.169","rheumatoid lung disease with rheumatoid arthritis of unspecified knee"
"10","rheumatic_disease","M05.17","rheumatoid lung disease with rheumatoid arthritis of ankle and foot"
"10","rheumatic_disease","M05.171","rheumatoid lung disease with rheumatoid arthritis of right ankle and foot"
"10","rheumatic_disease","M05.172","rheumatoid lung disease with rheumatoid arthritis of left ankle and foot"
"10","rheumatic_disease","M05.179","rheumatoid lung disease with rheumatoid arthritis of unspecified ankle and foot"
"10","rheumatic_disease","M05.19","rheumatoid lung disease with rheumatoid arthritis of multiple sites"
"10","rheumatic_disease","M05.2","rheumatoid vasculitis with rheumatoid arthritis"
"10","rheumatic_disease","M05.20","rheumatoid vasculitis with rheumatoid arthritis of unspecified site"
"10","rheumatic_disease","M05.21","rheumatoid vasculitis with rheumatoid arthritis of shoulder"
"10","rheumatic_disease","M05.211","rheumatoid vasculitis with rheumatoid arthritis of right shoulder"
"10","rheumatic_disease","M05.212","rheumatoid vasculitis with rheumatoid arthritis of left shoulder"
"10","rheumatic_disease","M05.219","rheumatoid vasculitis with rheumatoid arthritis of unspecified shoulder"
"10","rheumatic_disease","M05.22","rheumatoid vasculitis with rheumatoid arthritis of elbow"
"10","rheumatic_disease","M05.221","rheumatoid vasculitis with rheumatoid arthritis of right elbow"
"10","rheumatic_disease","M05.222","rheumatoid vasculitis with rheumatoid arthritis of left elbow"
"10","rheumatic_disease","M05.229","rheumatoid vasculitis with rheumatoid arthritis of unspecified elbow"
"10","rheumatic_disease","M05.23","rheumatoid vasculitis with rheumatoid arthritis of wrist"
"10","rheumatic_disease","M05.231","rheumatoid vasculitis with rheumatoid arthritis of right wrist"
"10","rheumatic_disease","M05.232","rheumatoid vasculitis with rheumatoid arthritis of left wrist"
"10","rheumatic_disease","M05.239","rheumatoid vasculitis with rheumatoid arthritis of unspecified wrist"
"10","rheumatic_disease","M05.24","rheumatoid vasculitis with rheumatoid arthritis of hand"
"10","rheumatic_disease","M05.241","rheumatoid vasculitis with rheumatoid arthritis of right hand"
"10","rheumatic_disease","M05.242","rheumatoid vasculitis with rheumatoid arthritis of left hand"
"10","rheumatic_disease","M05.249","rheumatoid vasculitis with rheumatoid arthritis of unspecified hand"
"10","rheumatic_disease","M05.25","rheumatoid vasculitis with rheumatoid arthritis of hip"
"10","rheumatic_disease","M05.251","rheumatoid vasculitis with rheumatoid arthritis of right hip"
"10","rheumatic_disease","M05.252","rheumatoid vasculitis with rheumatoid arthritis of left hip"
"10","rheumatic_disease","M05.259","rheumatoid vasculitis with rheumatoid arthritis of unspecified hip"
"10","rheumatic_disease","M05.26","rheumatoid vasculitis with rheumatoid arthritis of knee"
"10","rheumatic_disease","M05.261","rheumatoid vasculitis with rheumatoid arthritis of right knee"
"10","rheumatic_disease","M05.262","rheumatoid vasculitis with rheumatoid arthritis of left knee"
"10","rheumatic_disease","M05.269","rheumatoid vasculitis with rheumatoid arthritis of unspecified knee"
"10","rheumatic_disease","M05.27","rheumatoid vasculitis with rheumatoid arthritis of ankle and foot"
"10","rheumatic_disease","M05.271","rheumatoid vasculitis with rheumatoid arthritis of right ankle and foot"
"10","rheumatic_disease","M05.272","rheumatoid vasculitis with rheumatoid arthritis of left ankle and foot"
"10","rheumatic_disease","M05.279","rheumatoid vasculitis with rheumatoid arthritis of unspecified ankle and foot"
"10","rheumatic_disease","M05.29","rheumatoid vasculitis with rheumatoid arthritis of multiple sites"
"10","rheumatic_disease","M05.3","rheumatoid heart disease with rheumatoid arthritis"
"10","rheumatic_disease","M05.30","rheumatoid heart disease with rheumatoid arthritis of unspecified site"
"10","rheumatic_disease","M05.31","rheumatoid heart disease with rheumatoid arthritis of shoulder"
"10","rheumatic_disease","M05.311","rheumatoid heart disease with rheumatoid arthritis of right shoulder"
"10","rheumatic_disease","M05.312","rheumatoid heart disease with rheumatoid arthritis of left shoulder"
"10","rheumatic_disease","M05.319","rheumatoid heart disease with rheumatoid arthritis of unspecified shoulder"
"10","rheumatic_disease","M05.32","rheumatoid heart disease with rheumatoid arthritis of elbow"
"10","rheumatic_disease","M05.321","rheumatoid heart disease with rheumatoid arthritis of right elbow"
"10","rheumatic_disease","M05.322","rheumatoid heart disease with rheumatoid arthritis of left elbow"
"10","rheumatic_disease","M05.329","rheumatoid heart disease with rheumatoid arthritis of unspecified elbow"
"10","rheumatic_disease","M05.33","rheumatoid heart disease with rheumatoid arthritis of wrist"
"10","rheumatic_disease","M05.331","rheumatoid heart disease with rheumatoid arthritis of right wrist"
"10","rheumatic_disease","M05.332","rheumatoid heart disease with rheumatoid arthritis of left wrist"
"10","rheumatic_disease","M05.339","rheumatoid heart disease with rheumatoid arthritis of unspecified wrist"
"10","rheumatic_disease","M05.34","rheumatoid heart disease with rheumatoid arthritis of hand"
"10","rheumatic_disease","M05.341","rheumatoid heart disease with rheumatoid arthritis of right hand"
"10","rheumatic_disease","M05.342","rheumatoid heart disease with rheumatoid arthritis of left hand"
"10","rheumatic_disease","M05.349","rheumatoid heart disease with rheumatoid arthritis of unspecified hand"
"10","rheumatic_disease","M05.35","rheumatoid heart disease with rheumatoid arthritis of hip"
"10","rheumatic_disease","M05.351","rheumatoid heart disease with rheumatoid arthritis of right hip"
"10","rheumatic_disease","M05.352","rheumatoid heart disease with rheumatoid arthritis of left hip"
"10","rheumatic_disease","M05.359","rheumatoid heart disease with rheumatoid arthritis of unspecified hip"
"10","rheumatic_disease","M05.36","rheumatoid heart disease with rheumatoid arthritis of knee"
"10","rheumatic_disease","M05.361","rheumatoid heart disease with rheumatoid arthritis of right knee"
"10","rheumatic_disease","M05.362","rheumatoid heart disease with rheumatoid arthritis of left knee"
"10","rheumatic_disease","M05.369","rheumatoid heart disease with rheumatoid arthritis of unspecified knee"
"10","rheumatic_disease","M05.37","rheumatoid heart disease with rheumatoid arthritis of ankle and foot"
"10","rheumatic_disease","M05.371","rheumatoid heart disease with rheumatoid arthritis of right ankle and foot"
"10","rheumatic_disease","M05.372","rheumatoid heart disease with rheumatoid arthritis of left ankle and foot"
"10","rheumatic_disease","M05.379","rheumatoid heart disease with rheumatoid arthritis of unspecified ankle and foot"
"10","rheumatic_disease","M05.39","rheumatoid heart disease with rheumatoid arthritis of multiple sites"
"10","rheumatic_disease","M05.4","rheumatoid myopathy with rheumatoid arthritis"
"10","rheumatic_disease","M05.40","rheumatoid myopathy with rheumatoid arthritis of unspecified site"
"10","rheumatic_disease","M05.41","rheumatoid myopathy with rheumatoid arthritis of shoulder"
"10","rheumatic_disease","M05.411","rheumatoid myopathy with rheumatoid arthritis of right shoulder"
"10","rheumatic_disease","M05.412","rheumatoid myopathy with rheumatoid arthritis of left shoulder"
"10","rheumatic_disease","M05.419","rheumatoid myopathy with rheumatoid arthritis of unspecified shoulder"
"10","rheumatic_disease","M05.42","rheumatoid myopathy with rheumatoid arthritis of elbow"
"10","rheumatic_disease","M05.421","rheumatoid myopathy with rheumatoid arthritis of right elbow"
"10","rheumatic_disease","M05.422","rheumatoid myopathy with rheumatoid arthritis of left elbow"
"10","rheumatic_disease","M05.429","rheumatoid myopathy with rheumatoid arthritis of unspecified elbow"
"10","rheumatic_disease","M05.43","rheumatoid myopathy with rheumatoid arthritis of wrist"
"10","rheumatic_disease","M05.431","rheumatoid myopathy with rheumatoid arthritis of right wrist"
"10","rheumatic_disease","M05.432","rheumatoid myopathy with rheumatoid arthritis of left wrist"
"10","rheumatic_disease","M05.439","rheumatoid myopathy with rheumatoid arthritis of unspecified wrist"
"10","rheumatic_disease","M05.44","rheumatoid myopathy with rheumatoid arthritis of hand"
"10","rheumatic_disease","M05.441","rheumatoid myopathy with rheumatoid arthritis of right hand"
"10","rheumatic_disease","M05.442","rheumatoid myopathy with rheumatoid arthritis of left hand"
"10","rheumatic_disease","M05.449","rheumatoid myopathy with rheumatoid arthritis of unspecified hand"
"10","rheumatic_disease","M05.45","rheumatoid myopathy with rheumatoid arthritis of hip"
"10","rheumatic_disease","M05.451","rheumatoid myopathy with rheumatoid arthritis of right hip"
"10","rheumatic_disease","M05.452","rheumatoid myopathy with rheumatoid arthritis of left hip"
"10","rheumatic_disease","M05.459","rheumatoid myopathy with rheumatoid arthritis of unspecified hip"
"10","rheumatic_disease","M05.46","rheumatoid myopathy with rheumatoid arthritis of knee"
"10","rheumatic_disease","M05.461","rheumatoid myopathy with rheumatoid arthritis of right knee"
"10","rheumatic_disease","M05.462","rheumatoid myopathy with rheumatoid arthritis of left knee"
"10","rheumatic_disease","M05.469","rheumatoid myopathy with rheumatoid arthritis of unspecified knee"
"10","rheumatic_disease","M05.47","rheumatoid myopathy with rheumatoid arthritis of ankle and foot"
"10","rheumatic_disease","M05.471","rheumatoid myopathy with rheumatoid arthritis of right ankle and foot"
"10","rheumatic_disease","M05.472","rheumatoid myopathy with rheumatoid arthritis of left ankle and foot"
"10","rheumatic_disease","M05.479","rheumatoid myopathy with rheumatoid arthritis of unspecified ankle and foot"
"10","rheumatic_disease","M05.49","rheumatoid myopathy with rheumatoid arthritis of multiple sites"
"10","rheumatic_disease","M05.5","rheumatoid polyneuropathy with rheumatoid arthritis"
"10","rheumatic_disease","M05.50","rheumatoid polyneuropathy with rheumatoid arthritis of unspecified site"
"10","rheumatic_disease","M05.51","rheumatoid polyneuropathy with rheumatoid arthritis of shoulder"
"10","rheumatic_disease","M05.511","rheumatoid polyneuropathy with rheumatoid arthritis of right shoulder"
"10","rheumatic_disease","M05.512","rheumatoid polyneuropathy with rheumatoid arthritis of left shoulder"
"10","rheumatic_disease","M05.519","rheumatoid polyneuropathy with rheumatoid arthritis of unspecified shoulder"
"10","rheumatic_disease","M05.52","rheumatoid polyneuropathy with rheumatoid arthritis of elbow"
"10","rheumatic_disease","M05.521","rheumatoid polyneuropathy with rheumatoid arthritis of right elbow"
"10","rheumatic_disease","M05.522","rheumatoid polyneuropathy with rheumatoid arthritis of left elbow"
"10","rheumatic_disease","M05.529","rheumatoid polyneuropathy with rheumatoid arthritis of unspecified elbow"
"10","rheumatic_disease","M05.53","rheumatoid polyneuropathy with rheumatoid arthritis of wrist"
"10","rheumatic_disease","M05.531","rheumatoid polyneuropathy with rheumatoid arthritis of right wrist"
"10","rheumatic_disease","M05.532","rheumatoid polyneuropathy with rheumatoid arthritis of left wrist"
"10","rheumatic_disease","M05.539","rheumatoid polyneuropathy with rheumatoid arthritis of unspecified wrist"
"10","rheumatic_disease","M05.54","rheumatoid polyneuropathy with rheumatoid arthritis of hand"
"10","rheumatic_disease","M05.541","rheumatoid polyneuropathy with rheumatoid arthritis of right hand"
"10","rheumatic_disease","M05.542","rheumatoid polyneuropathy with rheumatoid arthritis of left hand"
"10","rheumatic_disease","M05.549","rheumatoid polyneuropathy with rheumatoid arthritis of unspecified hand"
"10","rheumatic_disease","M05.55","rheumatoid polyneuropathy with rheumatoid arthritis of hip"
"10","rheumatic_disease","M05.551","rheumatoid polyneuropathy with rheumatoid arthritis of right hip"
"10","rheumatic_disease","M05.552","rheumatoid polyneuropathy with rheumatoid arthritis of left hip"
"10","rheumatic_disease","M05.559","rheumatoid polyneuropathy with rheumatoid arthritis of unspecified hip"
"10","rheumatic_disease","M05.56","rheumatoid polyneuropathy with rheumatoid arthritis of knee"
"10","rheumatic_disease","M05.561","rheumatoid polyneuropathy with rheumatoid arthritis of right knee"
"10","rheumatic_disease","M05.562","rheumatoid polyneuropathy with rheumatoid arthritis of left knee"
"10","rheumatic_disease","M05.569","rheumatoid polyneuropathy with rheumatoid arthritis of unspecified knee"
"10","rheumatic_disease","M05.57","rheumatoid polyneuropathy with rheumatoid arthritis of ankle and foot"
"10","rheumatic_disease","M05.571","rheumatoid polyneuropathy with rheumatoid arthritis of right ankle and foot"
"10","rheumatic_disease","M05.572","rheumatoid polyneuropathy with rheumatoid arthritis of left ankle and foot"
"10","rheumatic_disease","M05.579","rheumatoid polyneuropathy with rheumatoid arthritis of unspecified ankle and foot"
"10","rheumatic_disease","M05.59","rheumatoid polyneuropathy with rheumatoid arthritis of multiple sites"
"10","rheumatic_disease","M05.6","rheumatoid arthritis with involvement of other organs and systems"
"10","rheumatic_disease","M05.60","rheumatoid arthritis of unspecified site with involvement of other organs and systems"
"10","rheumatic_disease","M05.61","rheumatoid arthritis of shoulder with involvement of other organs and systems"
"10","rheumatic_disease","M05.611","rheumatoid arthritis of right shoulder with involvement of other organs and systems"
"10","rheumatic_disease","M05.612","rheumatoid arthritis of left shoulder with involvement of other organs and systems"
"10","rheumatic_disease","M05.619","rheumatoid arthritis of unspecified shoulder with involvement of other organs and systems"
"10","rheumatic_disease","M05.62","rheumatoid arthritis of elbow with involvement of other organs and systems"
"10","rheumatic_disease","M05.621","rheumatoid arthritis of right elbow with involvement of other organs and systems"
"10","rheumatic_disease","M05.622","rheumatoid arthritis of left elbow with involvement of other organs and systems"
"10","rheumatic_disease","M05.629","rheumatoid arthritis of unspecified elbow with involvement of other organs and systems"
"10","rheumatic_disease","M05.63","rheumatoid arthritis of wrist with involvement of other organs and systems"
"10","rheumatic_disease","M05.631","rheumatoid arthritis of right wrist with involvement of other organs and systems"
"10","rheumatic_disease","M05.632","rheumatoid arthritis of left wrist with involvement of other organs and systems"
"10","rheumatic_disease","M05.639","rheumatoid arthritis of unspecified wrist with involvement of other organs and systems"
"10","rheumatic_disease","M05.64","rheumatoid arthritis of hand with involvement of other organs and systems"
"10","rheumatic_disease","M05.641","rheumatoid arthritis of right hand with involvement of other organs and systems"
"10","rheumatic_disease","M05.642","rheumatoid arthritis of left hand with involvement of other organs and systems"
"10","rheumatic_disease","M05.649","rheumatoid arthritis of unspecified hand with involvement of other organs and systems"
"10","rheumatic_disease","M05.65","rheumatoid arthritis of hip with involvement of other organs and systems"
"10","rheumatic_disease","M05.651","rheumatoid arthritis of right hip with involvement of other organs and systems"
"10","rheumatic_disease","M05.652","rheumatoid arthritis of left hip with involvement of other organs and systems"
"10","rheumatic_disease","M05.659","rheumatoid arthritis of unspecified hip with involvement of other organs and systems"
"10","rheumatic_disease","M05.66","rheumatoid arthritis of knee with involvement of other organs and systems"
"10","rheumatic_disease","M05.661","rheumatoid arthritis of right knee with involvement of other organs and systems"
"10","rheumatic_disease","M05.662","rheumatoid arthritis of left knee with involvement of other organs and systems"
"10","rheumatic_disease","M05.669","rheumatoid arthritis of unspecified knee with involvement of other organs and systems"
"10","rheumatic_disease","M05.67","rheumatoid arthritis of ankle and foot with involvement of other organs and systems"
"10","rheumatic_disease","M05.671","rheumatoid arthritis of right ankle and foot with involvement of other organs and systems"
"10","rheumatic_disease","M05.672","rheumatoid arthritis of left ankle and foot with involvement of other organs and systems"
"10","rheumatic_disease","M05.679","rheumatoid arthritis of unspecified ankle and foot with involvement of other organs and systems"
"10","rheumatic_disease","M05.69","rheumatoid arthritis of multiple sites with involvement of other organs and systems"
"10","rheumatic_disease","M05.7","rheumatoid arthritis with rheumatoid factor without organ or systems involvement"
"10","rheumatic_disease","M05.70","rheumatoid arthritis with rheumatoid factor of unspecified site without organ or systems involvement"
"10","rheumatic_disease","M05.71","rheumatoid arthritis with rheumatoid factor of shoulder without organ or systems involvement"
"10","rheumatic_disease","M05.711","rheumatoid arthritis with rheumatoid factor of right shoulder without organ or systems involvement"
"10","rheumatic_disease","M05.712","rheumatoid arthritis with rheumatoid factor of left shoulder without organ or systems involvement"
"10","rheumatic_disease","M05.719","rheumatoid arthritis with rheumatoid factor of unspecified shoulder without organ or systems involvement"
"10","rheumatic_disease","M05.72","rheumatoid arthritis with rheumatoid factor of elbow without organ or systems involvement"
"10","rheumatic_disease","M05.721","rheumatoid arthritis with rheumatoid factor of right elbow without organ or systems involvement"
"10","rheumatic_disease","M05.722","rheumatoid arthritis with rheumatoid factor of left elbow without organ or systems involvement"
"10","rheumatic_disease","M05.729","rheumatoid arthritis with rheumatoid factor of unspecified elbow without organ or systems involvement"
"10","rheumatic_disease","M05.73","rheumatoid arthritis with rheumatoid factor of wrist without organ or systems involvement"
"10","rheumatic_disease","M05.731","rheumatoid arthritis with rheumatoid factor of right wrist without organ or systems involvement"
"10","rheumatic_disease","M05.732","rheumatoid arthritis with rheumatoid factor of left wrist without organ or systems involvement"
"10","rheumatic_disease","M05.739","rheumatoid arthritis with rheumatoid factor of unspecified wrist without organ or systems involvement"
"10","rheumatic_disease","M05.74","rheumatoid arthritis with rheumatoid factor of hand without organ or systems involvement"
"10","rheumatic_disease","M05.741","rheumatoid arthritis with rheumatoid factor of right hand without organ or systems involvement"
"10","rheumatic_disease","M05.742","rheumatoid arthritis with rheumatoid factor of left hand without organ or systems involvement"
"10","rheumatic_disease","M05.749","rheumatoid arthritis with rheumatoid factor of unspecified hand without organ or systems involvement"
"10","rheumatic_disease","M05.75","rheumatoid arthritis with rheumatoid factor of hip without organ or systems involvement"
"10","rheumatic_disease","M05.751","rheumatoid arthritis with rheumatoid factor of right hip without organ or systems involvement"
"10","rheumatic_disease","M05.752","rheumatoid arthritis with rheumatoid factor of left hip without organ or systems involvement"
"10","rheumatic_disease","M05.759","rheumatoid arthritis with rheumatoid factor of unspecified hip without organ or systems involvement"
"10","rheumatic_disease","M05.76","rheumatoid arthritis with rheumatoid factor of knee without organ or systems involvement"
"10","rheumatic_disease","M05.761","rheumatoid arthritis with rheumatoid factor of right knee without organ or systems involvement"
"10","rheumatic_disease","M05.762","rheumatoid arthritis with rheumatoid factor of left knee without organ or systems involvement"
"10","rheumatic_disease","M05.769","rheumatoid arthritis with rheumatoid factor of unspecified knee without organ or systems involvement"
"10","rheumatic_disease","M05.77","rheumatoid arthritis with rheumatoid factor of ankle and foot without organ or systems involvement"
"10","rheumatic_disease","M05.771","rheumatoid arthritis with rheumatoid factor of right ankle and foot without organ or systems involvement"
"10","rheumatic_disease","M05.772","rheumatoid arthritis with rheumatoid factor of left ankle and foot without organ or systems involvement"
"10","rheumatic_disease","M05.779","rheumatoid arthritis with rheumatoid factor of unspecified ankle and foot without organ or systems involvement"
"10","rheumatic_disease","M05.79","rheumatoid arthritis with rheumatoid factor of multiple sites without organ or systems involvement"
"10","rheumatic_disease","M05.7A","rheumatoid arthritis with rheumatoid factor of other specified site without organ or systems involvement"
"10","rheumatic_disease","M05.8","other rheumatoid arthritis with rheumatoid factor"
"10","rheumatic_disease","M05.80","other rheumatoid arthritis with rheumatoid factor of unspecified site"
"10","rheumatic_disease","M05.81","other rheumatoid arthritis with rheumatoid factor of shoulder"
"10","rheumatic_disease","M05.811","other rheumatoid arthritis with rheumatoid factor of right shoulder"
"10","rheumatic_disease","M05.812","other rheumatoid arthritis with rheumatoid factor of left shoulder"
"10","rheumatic_disease","M05.819","other rheumatoid arthritis with rheumatoid factor of unspecified shoulder"
"10","rheumatic_disease","M05.82","other rheumatoid arthritis with rheumatoid factor of elbow"
"10","rheumatic_disease","M05.821","other rheumatoid arthritis with rheumatoid factor of right elbow"
"10","rheumatic_disease","M05.822","other rheumatoid arthritis with rheumatoid factor of left elbow"
"10","rheumatic_disease","M05.829","other rheumatoid arthritis with rheumatoid factor of unspecified elbow"
"10","rheumatic_disease","M05.83","other rheumatoid arthritis with rheumatoid factor of wrist"
"10","rheumatic_disease","M05.831","other rheumatoid arthritis with rheumatoid factor of right wrist"
"10","rheumatic_disease","M05.832","other rheumatoid arthritis with rheumatoid factor of left wrist"
"10","rheumatic_disease","M05.839","other rheumatoid arthritis with rheumatoid factor of unspecified wrist"
"10","rheumatic_disease","M05.84","other rheumatoid arthritis with rheumatoid factor of hand"
"10","rheumatic_disease","M05.841","other rheumatoid arthritis with rheumatoid factor of right hand"
"10","rheumatic_disease","M05.842","other rheumatoid arthritis with rheumatoid factor of left hand"
"10","rheumatic_disease","M05.849","other rheumatoid arthritis with rheumatoid factor of unspecified hand"
"10","rheumatic_disease","M05.85","other rheumatoid arthritis with rheumatoid factor of hip"
"10","rheumatic_disease","M05.851","other rheumatoid arthritis with rheumatoid factor of right hip"
"10","rheumatic_disease","M05.852","other rheumatoid arthritis with rheumatoid factor of left hip"
"10","rheumatic_disease","M05.859","other rheumatoid arthritis with rheumatoid factor of unspecified hip"
"10","rheumatic_disease","M05.86","other rheumatoid arthritis with rheumatoid factor of knee"
"10","rheumatic_disease","M05.861","other rheumatoid arthritis with rheumatoid factor of right knee"
"10","rheumatic_disease","M05.862","other rheumatoid arthritis with rheumatoid factor of left knee"
"10","rheumatic_disease","M05.869","other rheumatoid arthritis with rheumatoid factor of unspecified knee"
"10","rheumatic_disease","M05.87","other rheumatoid arthritis with rheumatoid factor of ankle and foot"
"10","rheumatic_disease","M05.871","other rheumatoid arthritis with rheumatoid factor of right ankle and foot"
"10","rheumatic_disease","M05.872","other rheumatoid arthritis with rheumatoid factor of left ankle and foot"
"10","rheumatic_disease","M05.879","other rheumatoid arthritis with rheumatoid factor of unspecified ankle and foot"
"10","rheumatic_disease","M05.89","other rheumatoid arthritis with rheumatoid factor of multiple sites"
"10","rheumatic_disease","M05.8A","other rheumatoid arthritis with rheumatoid factor of other specified site"
"10","rheumatic_disease","M05.9","rheumatoid arthritis with rheumatoid factor, unspecified"
"10","rheumatic_disease","M06","other rheumatoid arthritis"
"10","rheumatic_disease","M06.0","rheumatoid arthritis without rheumatoid factor"
"10","rheumatic_disease","M06.00","rheumatoid arthritis without rheumatoid factor, unspecified site"
"10","rheumatic_disease","M06.01","rheumatoid arthritis without rheumatoid factor, shoulder"
"10","rheumatic_disease","M06.011","rheumatoid arthritis without rheumatoid factor, right shoulder"
"10","rheumatic_disease","M06.012","rheumatoid arthritis without rheumatoid factor, left shoulder"
"10","rheumatic_disease","M06.019","rheumatoid arthritis without rheumatoid factor, unspecified shoulder"
"10","rheumatic_disease","M06.02","rheumatoid arthritis without rheumatoid factor, elbow"
"10","rheumatic_disease","M06.021","rheumatoid arthritis without rheumatoid factor, right elbow"
"10","rheumatic_disease","M06.022","rheumatoid arthritis without rheumatoid factor, left elbow"
"10","rheumatic_disease","M06.029","rheumatoid arthritis without rheumatoid factor, unspecified elbow"
"10","rheumatic_disease","M06.03","rheumatoid arthritis without rheumatoid factor, wrist"
"10","rheumatic_disease","M06.031","rheumatoid arthritis without rheumatoid factor, right wrist"
"10","rheumatic_disease","M06.032","rheumatoid arthritis without rheumatoid factor, left wrist"
"10","rheumatic_disease","M06.039","rheumatoid arthritis without rheumatoid factor, unspecified wrist"
"10","rheumatic_disease","M06.04","rheumatoid arthritis without rheumatoid factor, hand"
"10","rheumatic_disease","M06.041","rheumatoid arthritis without rheumatoid factor, right hand"
"10","rheumatic_disease","M06.042","rheumatoid arthritis without rheumatoid factor, left hand"
"10","rheumatic_disease","M06.049","rheumatoid arthritis without rheumatoid factor, unspecified hand"
"10","rheumatic_disease","M06.05","rheumatoid arthritis without rheumatoid factor, hip"
"10","rheumatic_disease","M06.051","rheumatoid arthritis without rheumatoid factor, right hip"
"10","rheumatic_disease","M06.052","rheumatoid arthritis without rheumatoid factor, left hip"
"10","rheumatic_disease","M06.059","rheumatoid arthritis without rheumatoid factor, unspecified hip"
"10","rheumatic_disease","M06.06","rheumatoid arthritis without rheumatoid factor, knee"
"10","rheumatic_disease","M06.061","rheumatoid arthritis without rheumatoid factor, right knee"
"10","rheumatic_disease","M06.062","rheumatoid arthritis without rheumatoid factor, left knee"
"10","rheumatic_disease","M06.069","rheumatoid arthritis without rheumatoid factor, unspecified knee"
"10","rheumatic_disease","M06.07","rheumatoid arthritis without rheumatoid factor, ankle and foot"
"10","rheumatic_disease","M06.071","rheumatoid arthritis without rheumatoid factor, right ankle and foot"
"10","rheumatic_disease","M06.072","rheumatoid arthritis without rheumatoid factor, left ankle and foot"
"10","rheumatic_disease","M06.079","rheumatoid arthritis without rheumatoid factor, unspecified ankle and foot"
"10","rheumatic_disease","M06.08","rheumatoid arthritis without rheumatoid factor, vertebrae"
"10","rheumatic_disease","M06.09","rheumatoid arthritis without rheumatoid factor, multiple sites"
"10","rheumatic_disease","M06.0A","rheumatoid arthritis without rheumatoid factor, other specified site"
"10","rheumatic_disease","M06.1","adult-onset still's disease"
"10","rheumatic_disease","M06.2","rheumatoid bursitis"
"10","rheumatic_disease","M06.20","rheumatoid bursitis, unspecified site"
"10","rheumatic_disease","M06.21","rheumatoid bursitis, shoulder"
"10","rheumatic_disease","M06.211","rheumatoid bursitis, right shoulder"
"10","rheumatic_disease","M06.212","rheumatoid bursitis, left shoulder"
"10","rheumatic_disease","M06.219","rheumatoid bursitis, unspecified shoulder"
"10","rheumatic_disease","M06.22","rheumatoid bursitis, elbow"
"10","rheumatic_disease","M06.221","rheumatoid bursitis, right elbow"
"10","rheumatic_disease","M06.222","rheumatoid bursitis, left elbow"
"10","rheumatic_disease","M06.229","rheumatoid bursitis, unspecified elbow"
"10","rheumatic_disease","M06.23","rheumatoid bursitis, wrist"
"10","rheumatic_disease","M06.231","rheumatoid bursitis, right wrist"
"10","rheumatic_disease","M06.232","rheumatoid bursitis, left wrist"
"10","rheumatic_disease","M06.239","rheumatoid bursitis, unspecified wrist"
"10","rheumatic_disease","M06.24","rheumatoid bursitis, hand"
"10","rheumatic_disease","M06.241","rheumatoid bursitis, right hand"
"10","rheumatic_disease","M06.242","rheumatoid bursitis, left hand"
"10","rheumatic_disease","M06.249","rheumatoid bursitis, unspecified hand"
"10","rheumatic_disease","M06.25","rheumatoid bursitis, hip"
"10","rheumatic_disease","M06.251","rheumatoid bursitis, right hip"
"10","rheumatic_disease","M06.252","rheumatoid bursitis, left hip"
"10","rheumatic_disease","M06.259","rheumatoid bursitis, unspecified hip"
"10","rheumatic_disease","M06.26","rheumatoid bursitis, knee"
"10","rheumatic_disease","M06.261","rheumatoid bursitis, right knee"
"10","rheumatic_disease","M06.262","rheumatoid bursitis, left knee"
"10","rheumatic_disease","M06.269","rheumatoid bursitis, unspecified knee"
"10","rheumatic_disease","M06.27","rheumatoid bursitis, ankle and foot"
"10","rheumatic_disease","M06.271","rheumatoid bursitis, right ankle and foot"
"10","rheumatic_disease","M06.272","rheumatoid bursitis, left ankle and foot"
"10","rheumatic_disease","M06.279","rheumatoid bursitis, unspecified ankle and foot"
"10","rheumatic_disease","M06.28","rheumatoid bursitis, vertebrae"
"10","rheumatic_disease","M06.29","rheumatoid bursitis, multiple sites"
"10","rheumatic_disease","M06.3","rheumatoid nodule"
"10","rheumatic_disease","M06.30","rheumatoid nodule, unspecified site"
"10","rheumatic_disease","M06.31","rheumatoid nodule, shoulder"
"10","rheumatic_disease","M06.311","rheumatoid nodule, right shoulder"
"10","rheumatic_disease","M06.312","rheumatoid nodule, left shoulder"
"10","rheumatic_disease","M06.319","rheumatoid nodule, unspecified shoulder"
"10","rheumatic_disease","M06.32","rheumatoid nodule, elbow"
"10","rheumatic_disease","M06.321","rheumatoid nodule, right elbow"
"10","rheumatic_disease","M06.322","rheumatoid nodule, left elbow"
"10","rheumatic_disease","M06.329","rheumatoid nodule, unspecified elbow"
"10","rheumatic_disease","M06.33","rheumatoid nodule, wrist"
"10","rheumatic_disease","M06.331","rheumatoid nodule, right wrist"
"10","rheumatic_disease","M06.332","rheumatoid nodule, left wrist"
"10","rheumatic_disease","M06.339","rheumatoid nodule, unspecified wrist"
"10","rheumatic_disease","M06.34","rheumatoid nodule, hand"
"10","rheumatic_disease","M06.341","rheumatoid nodule, right hand"
"10","rheumatic_disease","M06.342","rheumatoid nodule, left hand"
"10","rheumatic_disease","M06.349","rheumatoid nodule, unspecified hand"
"10","rheumatic_disease","M06.35","rheumatoid nodule, hip"
"10","rheumatic_disease","M06.351","rheumatoid nodule, right hip"
"10","rheumatic_disease","M06.352","rheumatoid nodule, left hip"
"10","rheumatic_disease","M06.359","rheumatoid nodule, unspecified hip"
"10","rheumatic_disease","M06.36","rheumatoid nodule, knee"
"10","rheumatic_disease","M06.361","rheumatoid nodule, right knee"
"10","rheumatic_disease","M06.362","rheumatoid nodule, left knee"
"10","rheumatic_disease","M06.369","rheumatoid nodule, unspecified knee"
"10","rheumatic_disease","M06.37","rheumatoid nodule, ankle and foot"
"10","rheumatic_disease","M06.371","rheumatoid nodule, right ankle and foot"
"10","rheumatic_disease","M06.372","rheumatoid nodule, left ankle and foot"
"10","rheumatic_disease","M06.379","rheumatoid nodule, unspecified ankle and foot"
"10","rheumatic_disease","M06.38","rheumatoid nodule, vertebrae"
"10","rheumatic_disease","M06.39","rheumatoid nodule, multiple sites"
"10","rheumatic_disease","M06.4","inflammatory polyarthropathy"
"10","rheumatic_disease","M06.8","other specified rheumatoid arthritis"
"10","rheumatic_disease","M06.80","other specified rheumatoid arthritis, unspecified site"
"10","rheumatic_disease","M06.81","other specified rheumatoid arthritis, shoulder"
"10","rheumatic_disease","M06.811","other specified rheumatoid arthritis, right shoulder"
"10","rheumatic_disease","M06.812","other specified rheumatoid arthritis, left shoulder"
"10","rheumatic_disease","M06.819","other specified rheumatoid arthritis, unspecified shoulder"
"10","rheumatic_disease","M06.82","other specified rheumatoid arthritis, elbow"
"10","rheumatic_disease","M06.821","other specified rheumatoid arthritis, right elbow"
"10","rheumatic_disease","M06.822","other specified rheumatoid arthritis, left elbow"
"10","rheumatic_disease","M06.829","other specified rheumatoid arthritis, unspecified elbow"
"10","rheumatic_disease","M06.83","other specified rheumatoid arthritis, wrist"
"10","rheumatic_disease","M06.831","other specified rheumatoid arthritis, right wrist"
"10","rheumatic_disease","M06.832","other specified rheumatoid arthritis, left wrist"
"10","rheumatic_disease","M06.839","other specified rheumatoid arthritis, unspecified wrist"
"10","rheumatic_disease","M06.84","other specified rheumatoid arthritis, hand"
"10","rheumatic_disease","M06.841","other specified rheumatoid arthritis, right hand"
"10","rheumatic_disease","M06.842","other specified rheumatoid arthritis, left hand"
"10","rheumatic_disease","M06.849","other specified rheumatoid arthritis, unspecified hand"
"10","rheumatic_disease","M06.85","other specified rheumatoid arthritis, hip"
"10","rheumatic_disease","M06.851","other specified rheumatoid arthritis, right hip"
"10","rheumatic_disease","M06.852","other specified rheumatoid arthritis, left hip"
"10","rheumatic_disease","M06.859","other specified rheumatoid arthritis, unspecified hip"
"10","rheumatic_disease","M06.86","other specified rheumatoid arthritis, knee"
"10","rheumatic_disease","M06.861","other specified rheumatoid arthritis, right knee"
"10","rheumatic_disease","M06.862","other specified rheumatoid arthritis, left knee"
"10","rheumatic_disease","M06.869","other specified rheumatoid arthritis, unspecified knee"
"10","rheumatic_disease","M06.87","other specified rheumatoid arthritis, ankle and foot"
"10","rheumatic_disease","M06.871","other specified rheumatoid arthritis, right ankle and foot"
"10","rheumatic_disease","M06.872","other specified rheumatoid arthritis, left ankle and foot"
"10","rheumatic_disease","M06.879","other specified rheumatoid arthritis, unspecified ankle and foot"
"10","rheumatic_disease","M06.88","other specified rheumatoid arthritis, vertebrae"
"10","rheumatic_disease","M06.89","other specified rheumatoid arthritis, multiple sites"
"10","rheumatic_disease","M06.8A","other specified rheumatoid arthritis, other specified site"
"10","rheumatic_disease","M06.9","rheumatoid arthritis, unspecified"
"10","rheumatic_disease","M31.3","wegener's granulomatosis"
"10","rheumatic_disease","M31.30","wegener's granulomatosis without renal involvement"
"10","rheumatic_disease","M31.31","wegener's granulomatosis with renal involvement"
"10","rheumatic_disease","M31.5","giant cell arteritis with polymyalgia rheumatica"
"10","rheumatic_disease","M31.6","other giant cell arteritis"
"10","rheumatic_disease","M31.7","microscopic polyangiitis"
"10","rheumatic_disease","M32","systemic lupus erythematosus (sle)"
"10","rheumatic_disease","M32.0","drug-induced systemic lupus erythematosus"
"10","rheumatic_disease","M32.1","systemic lupus erythematosus with organ or system involvement"
"10","rheumatic_disease","M32.10","systemic lupus erythematosus, organ or system involvement unspecified"
"10","rheumatic_disease","M32.11","endocarditis in systemic lupus erythematosus"
"10","rheumatic_disease","M32.12","pericarditis in systemic lupus erythematosus"
"10","rheumatic_disease","M32.13","lung involvement in systemic lupus erythematosus"
"10","rheumatic_disease","M32.14","glomerular disease in systemic lupus erythematosus"
"10","rheumatic_disease","M32.15","tubulo-interstitial nephropathy in systemic lupus erythematosus"
"10","rheumatic_disease","M32.19","other organ or system involvement in systemic lupus erythematosus"
"10","rheumatic_disease","M32.8","other forms of systemic lupus erythematosus"
"10","rheumatic_disease","M32.9","systemic lupus erythematosus, unspecified"
"10","rheumatic_disease","M33","dermatopolymyositis"
"10","rheumatic_disease","M33.0","juvenile dermatomyositis"
"10","rheumatic_disease","M33.00","juvenile dermatomyositis, organ involvement unspecified"
"10","rheumatic_disease","M33.01","juvenile dermatomyositis with respiratory involvement"
"10","rheumatic_disease","M33.02","juvenile dermatomyositis with myopathy"
"10","rheumatic_disease","M33.03","juvenile dermatomyositis without myopathy"
"10","rheumatic_disease","M33.09","juvenile dermatomyositis with other organ involvement"
"10","rheumatic_disease","M33.1","other dermatomyositis"
"10","rheumatic_disease","M33.10","other dermatomyositis, organ involvement unspecified"
"10","rheumatic_disease","M33.11","other dermatomyositis with respiratory involvement"
"10","rheumatic_disease","M33.12","other dermatomyositis with myopathy"
"10","rheumatic_disease","M33.13","other dermatomyositis without myopathy"
"10","rheumatic_disease","M33.19","other dermatomyositis with other organ involvement"
"10","rheumatic_disease","M33.2","polymyositis"
"10","rheumatic_disease","M33.20","polymyositis, organ involvement unspecified"
"10","rheumatic_disease","M33.21","polymyositis with respiratory involvement"
"10","rheumatic_disease","M33.22","polymyositis with myopathy"
"10","rheumatic_disease","M33.29","polymyositis with other organ involvement"
"10","rheumatic_disease","M33.9","dermatopolymyositis, unspecified"
"10","rheumatic_disease","M33.90","dermatopolymyositis, unspecified, organ involvement unspecified"
"10","rheumatic_disease","M33.91","dermatopolymyositis, unspecified with respiratory involvement"
"10","rheumatic_disease","M33.92","dermatopolymyositis, unspecified with myopathy"
"10","rheumatic_disease","M33.93","dermatopolymyositis, unspecified without myopathy"
"10","rheumatic_disease","M33.99","dermatopolymyositis, unspecified with other organ involvement"
"10","rheumatic_disease","M34","systemic sclerosis [scleroderma]"
"10","rheumatic_disease","M34.0","progressive systemic sclerosis"
"10","rheumatic_disease","M34.1","cr(e)st syndrome"
"10","rheumatic_disease","M34.2","systemic sclerosis induced by drug and chemical"
"10","rheumatic_disease","M34.8","other forms of systemic sclerosis"
"10","rheumatic_disease","M34.81","systemic sclerosis with lung involvement"
"10","rheumatic_disease","M34.82","systemic sclerosis with myopathy"
"10","rheumatic_disease","M34.83","systemic sclerosis with polyneuropathy"
"10","rheumatic_disease","M34.89","other systemic sclerosis"
"10","rheumatic_disease","M34.9","systemic sclerosis, unspecified"
"10","rheumatic_disease","M35","other systemic involvement of connective tissue"
"10","rheumatic_disease","M35.0","sjogren syndrome"
"10","rheumatic_disease","M35.00","sjogren syndrome, unspecified"
"10","rheumatic_disease","M35.01","sjogren syndrome with keratoconjunctivitis"
"10","rheumatic_disease","M35.02","sjogren syndrome with lung involvement"
"10","rheumatic_disease","M35.03","sjogren syndrome with myopathy"
"10","rheumatic_disease","M35.04","sjogren syndrome with tubulo-interstitial nephropathy"
"10","rheumatic_disease","M35.05","sjogren syndrome with inflammatory arthritis"
"10","rheumatic_disease","M35.06","sjogren syndrome with peripheral nervous system involvement"
"10","rheumatic_disease","M35.07","sjogren syndrome with central nervous system involvement"
"10","rheumatic_disease","M35.08","sjogren syndrome with gastrointestinal involvement"
"10","rheumatic_disease","M35.09","sjogren syndrome with other organ involvement"
"10","rheumatic_disease","M35.0A","sjogren syndrome with glomerular disease"
"10","rheumatic_disease","M35.0B","sjogren syndrome with vasculitis"
"10","rheumatic_disease","M35.0C","sjogren syndrome with dental involvement"
"10","rheumatic_disease","M35.1","other overlap syndromes"
"10","rheumatic_disease","M35.2","behcet's disease"
"10","rheumatic_disease","M35.3","polymyalgia rheumatica"
"10","rheumatic_disease","M35.4","diffuse (eosinophilic) fasciitis"
"10","rheumatic_disease","M35.5","multifocal fibrosclerosis"
"10","rheumatic_disease","M35.6","relapsing panniculitis [weber-christian]"
"10","rheumatic_disease","M35.7","hypermobility syndrome"
"10","rheumatic_disease","M35.8","other specified systemic involvement of connective tissue"
"10","rheumatic_disease","M35.81","multisystem inflammatory syndrome"
"10","rheumatic_disease","M35.89","other specified systemic involvement of connective tissue"
"10","rheumatic_disease","M35.9","systemic involvement of connective tissue, unspecified"
"10","rheumatic_disease","I01","rheumatic fever with heart involvement"
"10","rheumatic_disease","I01.0","acute rheumatic pericarditis"
"10","rheumatic_disease","I01.1","acute rheumatic endocarditis"
"10","rheumatic_disease","I01.2","acute rheumatic myocarditis"
"10","rheumatic_disease","I01.8","other acute rheumatic heart disease"
"10","rheumatic_disease","I01.9","acute rheumatic heart disease, unspecified"
"10","rheumatic_disease","I02","rheumatic chorea"
"10","rheumatic_disease","I02.0","rheumatic chorea with heart involvement"
"10","rheumatic_disease","I02.9","rheumatic chorea without heart involvement"
"10","rheumatic_disease","G61","inflammatory polyneuropathy"
"10","rheumatic_disease","G61.0","guillain-barre syndrome"
"10","rheumatic_disease","G61.1","serum neuropathy"
"10","rheumatic_disease","G61.8","other inflammatory polyneuropathies"
"10","rheumatic_disease","G61.81","chronic inflammatory demyelinating polyneuritis"
"10","rheumatic_disease","G61.82","multifocal motor neuropathy"
"10","rheumatic_disease","G61.89","other inflammatory polyneuropathies"
"10","rheumatic_disease","G61.9","inflammatory polyneuropathy, unspecified"
"10","rheumatic_disease","L40","psoriasis"
"10","rheumatic_disease","L40.0","psoriasis vulgaris"
"10","rheumatic_disease","L40.1","generalized pustular psoriasis"
"10","rheumatic_disease","L40.2","acrodermatitis continua"
"10","rheumatic_disease","L40.3","pustulosis palmaris et plantaris"
"10","rheumatic_disease","L40.4","guttate psoriasis"
"10","rheumatic_disease","L40.5","arthropathic psoriasis"
"10","rheumatic_disease","L40.50","arthropathic psoriasis, unspecified"
"10","rheumatic_disease","L40.51","distal interphalangeal psoriatic arthropathy"
"10","rheumatic_disease","L40.52","psoriatic arthritis mutilans"
"10","rheumatic_disease","L40.53","psoriatic spondylitis"
"10","rheumatic_disease","L40.54","psoriatic juvenile arthropathy"
"10","rheumatic_disease","L40.59","other psoriatic arthropathy"
"10","rheumatic_disease","L40.8","other psoriasis"
"10","rheumatic_disease","L40.9","psoriasis, unspecified"
"10","rheumatic_disease","M08","juvenile arthritis"
"10","rheumatic_disease","M08.0","unspecified juvenile rheumatoid arthritis"
"10","rheumatic_disease","M08.00","unspecified juvenile rheumatoid arthritis of unspecified site"
"10","rheumatic_disease","M08.01","unspecified juvenile rheumatoid arthritis, shoulder"
"10","rheumatic_disease","M08.011","unspecified juvenile rheumatoid arthritis, right shoulder"
"10","rheumatic_disease","M08.012","unspecified juvenile rheumatoid arthritis, left shoulder"
"10","rheumatic_disease","M08.019","unspecified juvenile rheumatoid arthritis, unspecified shoulder"
"10","rheumatic_disease","M08.02","unspecified juvenile rheumatoid arthritis of elbow"
"10","rheumatic_disease","M08.021","unspecified juvenile rheumatoid arthritis, right elbow"
"10","rheumatic_disease","M08.022","unspecified juvenile rheumatoid arthritis, left elbow"
"10","rheumatic_disease","M08.029","unspecified juvenile rheumatoid arthritis, unspecified elbow"
"10","rheumatic_disease","M08.03","unspecified juvenile rheumatoid arthritis, wrist"
"10","rheumatic_disease","M08.031","unspecified juvenile rheumatoid arthritis, right wrist"
"10","rheumatic_disease","M08.032","unspecified juvenile rheumatoid arthritis, left wrist"
"10","rheumatic_disease","M08.039","unspecified juvenile rheumatoid arthritis, unspecified wrist"
"10","rheumatic_disease","M08.04","unspecified juvenile rheumatoid arthritis, hand"
"10","rheumatic_disease","M08.041","unspecified juvenile rheumatoid arthritis, right hand"
"10","rheumatic_disease","M08.042","unspecified juvenile rheumatoid arthritis, left hand"
"10","rheumatic_disease","M08.049","unspecified juvenile rheumatoid arthritis, unspecified hand"
"10","rheumatic_disease","M08.05","unspecified juvenile rheumatoid arthritis, hip"
"10","rheumatic_disease","M08.051","unspecified juvenile rheumatoid arthritis, right hip"
"10","rheumatic_disease","M08.052","unspecified juvenile rheumatoid arthritis, left hip"
"10","rheumatic_disease","M08.059","unspecified juvenile rheumatoid arthritis, unspecified hip"
"10","rheumatic_disease","M08.06","unspecified juvenile rheumatoid arthritis, knee"
"10","rheumatic_disease","M08.061","unspecified juvenile rheumatoid arthritis, right knee"
"10","rheumatic_disease","M08.062","unspecified juvenile rheumatoid arthritis, left knee"
"10","rheumatic_disease","M08.069","unspecified juvenile rheumatoid arthritis, unspecified knee"
"10","rheumatic_disease","M08.07","unspecified juvenile rheumatoid arthritis, ankle and foot"
"10","rheumatic_disease","M08.071","unspecified juvenile rheumatoid arthritis, right ankle and foot"
"10","rheumatic_disease","M08.072","unspecified juvenile rheumatoid arthritis, left ankle and foot"
"10","rheumatic_disease","M08.079","unspecified juvenile rheumatoid arthritis, unspecified ankle and foot"
"10","rheumatic_disease","M08.08","unspecified juvenile rheumatoid arthritis, vertebrae"
"10","rheumatic_disease","M08.09","unspecified juvenile rheumatoid arthritis, multiple sites"
"10","rheumatic_disease","M08.0A","unspecified juvenile rheumatoid arthritis, other specified site"
"10","rheumatic_disease","M08.1","juvenile ankylosing spondylitis"
"10","rheumatic_disease","M08.2","juvenile rheumatoid arthritis with systemic onset"
"10","rheumatic_disease","M08.20","juvenile rheumatoid arthritis with systemic onset, unspecified site"
"10","rheumatic_disease","M08.21","juvenile rheumatoid arthritis with systemic onset, shoulder"
"10","rheumatic_disease","M08.211","juvenile rheumatoid arthritis with systemic onset, right shoulder"
"10","rheumatic_disease","M08.212","juvenile rheumatoid arthritis with systemic onset, left shoulder"
"10","rheumatic_disease","M08.219","juvenile rheumatoid arthritis with systemic onset, unspecified shoulder"
"10","rheumatic_disease","M08.22","juvenile rheumatoid arthritis with systemic onset, elbow"
"10","rheumatic_disease","M08.221","juvenile rheumatoid arthritis with systemic onset, right elbow"
"10","rheumatic_disease","M08.222","juvenile rheumatoid arthritis with systemic onset, left elbow"
"10","rheumatic_disease","M08.229","juvenile rheumatoid arthritis with systemic onset, unspecified elbow"
"10","rheumatic_disease","M08.23","juvenile rheumatoid arthritis with systemic onset, wrist"
"10","rheumatic_disease","M08.231","juvenile rheumatoid arthritis with systemic onset, right wrist"
"10","rheumatic_disease","M08.232","juvenile rheumatoid arthritis with systemic onset, left wrist"
"10","rheumatic_disease","M08.239","juvenile rheumatoid arthritis with systemic onset, unspecified wrist"
"10","rheumatic_disease","M08.24","juvenile rheumatoid arthritis with systemic onset, hand"
"10","rheumatic_disease","M08.241","juvenile rheumatoid arthritis with systemic onset, right hand"
"10","rheumatic_disease","M08.242","juvenile rheumatoid arthritis with systemic onset, left hand"
"10","rheumatic_disease","M08.249","juvenile rheumatoid arthritis with systemic onset, unspecified hand"
"10","rheumatic_disease","M08.25","juvenile rheumatoid arthritis with systemic onset, hip"
"10","rheumatic_disease","M08.251","juvenile rheumatoid arthritis with systemic onset, right hip"
"10","rheumatic_disease","M08.252","juvenile rheumatoid arthritis with systemic onset, left hip"
"10","rheumatic_disease","M08.259","juvenile rheumatoid arthritis with systemic onset, unspecified hip"
"10","rheumatic_disease","M08.26","juvenile rheumatoid arthritis with systemic onset, knee"
"10","rheumatic_disease","M08.261","juvenile rheumatoid arthritis with systemic onset, right knee"
"10","rheumatic_disease","M08.262","juvenile rheumatoid arthritis with systemic onset, left knee"
"10","rheumatic_disease","M08.269","juvenile rheumatoid arthritis with systemic onset, unspecified knee"
"10","rheumatic_disease","M08.27","juvenile rheumatoid arthritis with systemic onset, ankle and foot"
"10","rheumatic_disease","M08.271","juvenile rheumatoid arthritis with systemic onset, right ankle and foot"
"10","rheumatic_disease","M08.272","juvenile rheumatoid arthritis with systemic onset, left ankle and foot"
"10","rheumatic_disease","M08.279","juvenile rheumatoid arthritis with systemic onset, unspecified ankle and foot"
"10","rheumatic_disease","M08.28","juvenile rheumatoid arthritis with systemic onset, vertebrae"
"10","rheumatic_disease","M08.29","juvenile rheumatoid arthritis with systemic onset, multiple sites"
"10","rheumatic_disease","M08.2A","juvenile rheumatoid arthritis with systemic onset, other specified site"
"10","rheumatic_disease","M08.3","juvenile rheumatoid polyarthritis (seronegative)"
"10","rheumatic_disease","M08.4","pauciarticular juvenile rheumatoid arthritis"
"10","rheumatic_disease","M08.40","pauciarticular juvenile rheumatoid arthritis, unspecified site"
"10","rheumatic_disease","M08.41","pauciarticular juvenile rheumatoid arthritis, shoulder"
"10","rheumatic_disease","M08.411","pauciarticular juvenile rheumatoid arthritis, right shoulder"
"10","rheumatic_disease","M08.412","pauciarticular juvenile rheumatoid arthritis, left shoulder"
"10","rheumatic_disease","M08.419","pauciarticular juvenile rheumatoid arthritis, unspecified shoulder"
"10","rheumatic_disease","M08.42","pauciarticular juvenile rheumatoid arthritis, elbow"
"10","rheumatic_disease","M08.421","pauciarticular juvenile rheumatoid arthritis, right elbow"
"10","rheumatic_disease","M08.422","pauciarticular juvenile rheumatoid arthritis, left elbow"
"10","rheumatic_disease","M08.429","pauciarticular juvenile rheumatoid arthritis, unspecified elbow"
"10","rheumatic_disease","M08.43","pauciarticular juvenile rheumatoid arthritis, wrist"
"10","rheumatic_disease","M08.431","pauciarticular juvenile rheumatoid arthritis, right wrist"
"10","rheumatic_disease","M08.432","pauciarticular juvenile rheumatoid arthritis, left wrist"
"10","rheumatic_disease","M08.439","pauciarticular juvenile rheumatoid arthritis, unspecified wrist"
"10","rheumatic_disease","M08.44","pauciarticular juvenile rheumatoid arthritis, hand"
"10","rheumatic_disease","M08.441","pauciarticular juvenile rheumatoid arthritis, right hand"
"10","rheumatic_disease","M08.442","pauciarticular juvenile rheumatoid arthritis, left hand"
"10","rheumatic_disease","M08.449","pauciarticular juvenile rheumatoid arthritis, unspecified hand"
"10","rheumatic_disease","M08.45","pauciarticular juvenile rheumatoid arthritis, hip"
"10","rheumatic_disease","M08.451","pauciarticular juvenile rheumatoid arthritis, right hip"
"10","rheumatic_disease","M08.452","pauciarticular juvenile rheumatoid arthritis, left hip"
"10","rheumatic_disease","M08.459","pauciarticular juvenile rheumatoid arthritis, unspecified hip"
"10","rheumatic_disease","M08.46","pauciarticular juvenile rheumatoid arthritis, knee"
"10","rheumatic_disease","M08.461","pauciarticular juvenile rheumatoid arthritis, right knee"
"10","rheumatic_disease","M08.462","pauciarticular juvenile rheumatoid arthritis, left knee"
"10","rheumatic_disease","M08.469","pauciarticular juvenile rheumatoid arthritis, unspecified knee"
"10","rheumatic_disease","M08.47","pauciarticular juvenile rheumatoid arthritis, ankle and foot"
"10","rheumatic_disease","M08.471","pauciarticular juvenile rheumatoid arthritis, right ankle and foot"
"10","rheumatic_disease","M08.472","pauciarticular juvenile rheumatoid arthritis, left ankle and foot"
"10","rheumatic_disease","M08.479","pauciarticular juvenile rheumatoid arthritis, unspecified ankle and foot"
"10","rheumatic_disease","M08.48","pauciarticular juvenile rheumatoid arthritis, vertebrae"
"10","rheumatic_disease","M08.4A","pauciarticular juvenile rheumatoid arthritis, other specified site"
"10","rheumatic_disease","M08.8","other juvenile arthritis"
"10","rheumatic_disease","M08.80","other juvenile arthritis, unspecified site"
"10","rheumatic_disease","M08.81","other juvenile arthritis, shoulder"
"10","rheumatic_disease","M08.811","other juvenile arthritis, right shoulder"
"10","rheumatic_disease","M08.812","other juvenile arthritis, left shoulder"
"10","rheumatic_disease","M08.819","other juvenile arthritis, unspecified shoulder"
"10","rheumatic_disease","M08.82","other juvenile arthritis, elbow"
"10","rheumatic_disease","M08.821","other juvenile arthritis, right elbow"
"10","rheumatic_disease","M08.822","other juvenile arthritis, left elbow"
"10","rheumatic_disease","M08.829","other juvenile arthritis, unspecified elbow"
"10","rheumatic_disease","M08.83","other juvenile arthritis, wrist"
"10","rheumatic_disease","M08.831","other juvenile arthritis, right wrist"
"10","rheumatic_disease","M08.832","other juvenile arthritis, left wrist"
"10","rheumatic_disease","M08.839","other juvenile arthritis, unspecified wrist"
"10","rheumatic_disease","M08.84","other juvenile arthritis, hand"
"10","rheumatic_disease","M08.841","other juvenile arthritis, right hand"
"10","rheumatic_disease","M08.842","other juvenile arthritis, left hand"
"10","rheumatic_disease","M08.849","other juvenile arthritis, unspecified hand"
"10","rheumatic_disease","M08.85","other juvenile arthritis, hip"
"10","rheumatic_disease","M08.851","other juvenile arthritis, right hip"
"10","rheumatic_disease","M08.852","other juvenile arthritis, left hip"
"10","rheumatic_disease","M08.859","other juvenile arthritis, unspecified hip"
"10","rheumatic_disease","M08.86","other juvenile arthritis, knee"
"10","rheumatic_disease","M08.861","other juvenile arthritis, right knee"
"10","rheumatic_disease","M08.862","other juvenile arthritis, left knee"
"10","rheumatic_disease","M08.869","other juvenile arthritis, unspecified knee"
"10","rheumatic_disease","M08.87","other juvenile arthritis, ankle and foot"
"10","rheumatic_disease","M08.871","other juvenile arthritis, right ankle and foot"
"10","rheumatic_disease","M08.872","other juvenile arthritis, left ankle and foot"
"10","rheumatic_disease","M08.879","other juvenile arthritis, unspecified ankle and foot"
"10","rheumatic_disease","M08.88","other juvenile arthritis, other specified site"
"10","rheumatic_disease","M08.89","other juvenile arthritis, multiple sites"
"10","rheumatic_disease","M08.9","juvenile arthritis, unspecified"
"10","rheumatic_disease","M08.90","juvenile arthritis, unspecified, unspecified site"
"10","rheumatic_disease","M08.91","juvenile arthritis, unspecified, shoulder"
"10","rheumatic_disease","M08.911","juvenile arthritis, unspecified, right shoulder"
"10","rheumatic_disease","M08.912","juvenile arthritis, unspecified, left shoulder"
"10","rheumatic_disease","M08.919","juvenile arthritis, unspecified, unspecified shoulder"
"10","rheumatic_disease","M08.92","juvenile arthritis, unspecified, elbow"
"10","rheumatic_disease","M08.921","juvenile arthritis, unspecified, right elbow"
"10","rheumatic_disease","M08.922","juvenile arthritis, unspecified, left elbow"
"10","rheumatic_disease","M08.929","juvenile arthritis, unspecified, unspecified elbow"
"10","rheumatic_disease","M08.93","juvenile arthritis, unspecified, wrist"
"10","rheumatic_disease","M08.931","juvenile arthritis, unspecified, right wrist"
"10","rheumatic_disease","M08.932","juvenile arthritis, unspecified, left wrist"
"10","rheumatic_disease","M08.939","juvenile arthritis, unspecified, unspecified wrist"
"10","rheumatic_disease","M08.94","juvenile arthritis, unspecified, hand"
"10","rheumatic_disease","M08.941","juvenile arthritis, unspecified, right hand"
"10","rheumatic_disease","M08.942","juvenile arthritis, unspecified, left hand"
"10","rheumatic_disease","M08.949","juvenile arthritis, unspecified, unspecified hand"
"10","rheumatic_disease","M08.95","juvenile arthritis, unspecified, hip"
"10","rheumatic_disease","M08.951","juvenile arthritis, unspecified, right hip"
"10","rheumatic_disease","M08.952","juvenile arthritis, unspecified, left hip"
"10","rheumatic_disease","M08.959","juvenile arthritis, unspecified, unspecified hip"
"10","rheumatic_disease","M08.96","juvenile arthritis, unspecified, knee"
"10","rheumatic_disease","M08.961","juvenile arthritis, unspecified, right knee"
"10","rheumatic_disease","M08.962","juvenile arthritis, unspecified, left knee"
"10","rheumatic_disease","M08.969","juvenile arthritis, unspecified, unspecified knee"
"10","rheumatic_disease","M08.97","juvenile arthritis, unspecified, ankle and foot"
"10","rheumatic_disease","M08.971","juvenile arthritis, unspecified, right ankle and foot"
"10","rheumatic_disease","M08.972","juvenile arthritis, unspecified, left ankle and foot"
"10","rheumatic_disease","M08.979","juvenile arthritis, unspecified, unspecified ankle and foot"
"10","rheumatic_disease","M08.98","juvenile arthritis, unspecified, vertebrae"
"10","rheumatic_disease","M08.99","juvenile arthritis, unspecified, multiple sites"
"10","rheumatic_disease","M08.9A","juvenile arthritis, unspecified, other specified site"
"10","rheumatic_disease","M12","other and unspecified arthropathy"
"10","rheumatic_disease","M12.0","chronic postrheumatic arthropathy [jaccoud]"
"10","rheumatic_disease","M12.00","chronic postrheumatic arthropathy [jaccoud], unspecified site"
"10","rheumatic_disease","M12.01","chronic postrheumatic arthropathy [jaccoud], shoulder"
"10","rheumatic_disease","M12.011","chronic postrheumatic arthropathy [jaccoud], right shoulder"
"10","rheumatic_disease","M12.012","chronic postrheumatic arthropathy [jaccoud], left shoulder"
"10","rheumatic_disease","M12.019","chronic postrheumatic arthropathy [jaccoud], unspecified shoulder"
"10","rheumatic_disease","M12.02","chronic postrheumatic arthropathy [jaccoud], elbow"
"10","rheumatic_disease","M12.021","chronic postrheumatic arthropathy [jaccoud], right elbow"
"10","rheumatic_disease","M12.022","chronic postrheumatic arthropathy [jaccoud], left elbow"
"10","rheumatic_disease","M12.029","chronic postrheumatic arthropathy [jaccoud], unspecified elbow"
"10","rheumatic_disease","M12.03","chronic postrheumatic arthropathy [jaccoud], wrist"
"10","rheumatic_disease","M12.031","chronic postrheumatic arthropathy [jaccoud], right wrist"
"10","rheumatic_disease","M12.032","chronic postrheumatic arthropathy [jaccoud], left wrist"
"10","rheumatic_disease","M12.039","chronic postrheumatic arthropathy [jaccoud], unspecified wrist"
"10","rheumatic_disease","M12.04","chronic postrheumatic arthropathy [jaccoud], hand"
"10","rheumatic_disease","M12.041","chronic postrheumatic arthropathy [jaccoud], right hand"
"10","rheumatic_disease","M12.042","chronic postrheumatic arthropathy [jaccoud], left hand"
"10","rheumatic_disease","M12.049","chronic postrheumatic arthropathy [jaccoud], unspecified hand"
"10","rheumatic_disease","M12.05","chronic postrheumatic arthropathy [jaccoud], hip"
"10","rheumatic_disease","M12.051","chronic postrheumatic arthropathy [jaccoud], right hip"
"10","rheumatic_disease","M12.052","chronic postrheumatic arthropathy [jaccoud], left hip"
"10","rheumatic_disease","M12.059","chronic postrheumatic arthropathy [jaccoud], unspecified hip"
"10","rheumatic_disease","M12.06","chronic postrheumatic arthropathy [jaccoud], knee"
"10","rheumatic_disease","M12.061","chronic postrheumatic arthropathy [jaccoud], right knee"
"10","rheumatic_disease","M12.062","chronic postrheumatic arthropathy [jaccoud], left knee"
"10","rheumatic_disease","M12.069","chronic postrheumatic arthropathy [jaccoud], unspecified knee"
"10","rheumatic_disease","M12.07","chronic postrheumatic arthropathy [jaccoud], ankle and foot"
"10","rheumatic_disease","M12.071","chronic postrheumatic arthropathy [jaccoud], right ankle and foot"
"10","rheumatic_disease","M12.072","chronic postrheumatic arthropathy [jaccoud], left ankle and foot"
"10","rheumatic_disease","M12.079","chronic postrheumatic arthropathy [jaccoud], unspecified ankle and foot"
"10","rheumatic_disease","M12.08","chronic postrheumatic arthropathy [jaccoud], other specified site"
"10","rheumatic_disease","M12.09","chronic postrheumatic arthropathy [jaccoud], multiple sites"
"10","rheumatic_disease","M12.1","kaschin-beck disease"
"10","rheumatic_disease","M12.10","kaschin-beck disease, unspecified site"
"10","rheumatic_disease","M12.11","kaschin-beck disease, shoulder"
"10","rheumatic_disease","M12.111","kaschin-beck disease, right shoulder"
"10","rheumatic_disease","M12.112","kaschin-beck disease, left shoulder"
"10","rheumatic_disease","M12.119","kaschin-beck disease, unspecified shoulder"
"10","rheumatic_disease","M12.12","kaschin-beck disease, elbow"
"10","rheumatic_disease","M12.121","kaschin-beck disease, right elbow"
"10","rheumatic_disease","M12.122","kaschin-beck disease, left elbow"
"10","rheumatic_disease","M12.129","kaschin-beck disease, unspecified elbow"
"10","rheumatic_disease","M12.13","kaschin-beck disease, wrist"
"10","rheumatic_disease","M12.131","kaschin-beck disease, right wrist"
"10","rheumatic_disease","M12.132","kaschin-beck disease, left wrist"
"10","rheumatic_disease","M12.139","kaschin-beck disease, unspecified wrist"
"10","rheumatic_disease","M12.14","kaschin-beck disease, hand"
"10","rheumatic_disease","M12.141","kaschin-beck disease, right hand"
"10","rheumatic_disease","M12.142","kaschin-beck disease, left hand"
"10","rheumatic_disease","M12.149","kaschin-beck disease, unspecified hand"
"10","rheumatic_disease","M12.15","kaschin-beck disease, hip"
"10","rheumatic_disease","M12.151","kaschin-beck disease, right hip"
"10","rheumatic_disease","M12.152","kaschin-beck disease, left hip"
"10","rheumatic_disease","M12.159","kaschin-beck disease, unspecified hip"
"10","rheumatic_disease","M12.16","kaschin-beck disease, knee"
"10","rheumatic_disease","M12.161","kaschin-beck disease, right knee"
"10","rheumatic_disease","M12.162","kaschin-beck disease, left knee"
"10","rheumatic_disease","M12.169","kaschin-beck disease, unspecified knee"
"10","rheumatic_disease","M12.17","kaschin-beck disease, ankle and foot"
"10","rheumatic_disease","M12.171","kaschin-beck disease, right ankle and foot"
"10","rheumatic_disease","M12.172","kaschin-beck disease, left ankle and foot"
"10","rheumatic_disease","M12.179","kaschin-beck disease, unspecified ankle and foot"
"10","rheumatic_disease","M12.18","kaschin-beck disease, vertebrae"
"10","rheumatic_disease","M12.19","kaschin-beck disease, multiple sites"
"10","rheumatic_disease","M12.2","villonodular synovitis (pigmented)"
"10","rheumatic_disease","M12.20","villonodular synovitis (pigmented), unspecified site"
"10","rheumatic_disease","M12.21","villonodular synovitis (pigmented), shoulder"
"10","rheumatic_disease","M12.211","villonodular synovitis (pigmented), right shoulder"
"10","rheumatic_disease","M12.212","villonodular synovitis (pigmented), left shoulder"
"10","rheumatic_disease","M12.219","villonodular synovitis (pigmented), unspecified shoulder"
"10","rheumatic_disease","M12.22","villonodular synovitis (pigmented), elbow"
"10","rheumatic_disease","M12.221","villonodular synovitis (pigmented), right elbow"
"10","rheumatic_disease","M12.222","villonodular synovitis (pigmented), left elbow"
"10","rheumatic_disease","M12.229","villonodular synovitis (pigmented), unspecified elbow"
"10","rheumatic_disease","M12.23","villonodular synovitis (pigmented), wrist"
"10","rheumatic_disease","M12.231","villonodular synovitis (pigmented), right wrist"
"10","rheumatic_disease","M12.232","villonodular synovitis (pigmented), left wrist"
"10","rheumatic_disease","M12.239","villonodular synovitis (pigmented), unspecified wrist"
"10","rheumatic_disease","M12.24","villonodular synovitis (pigmented), hand"
"10","rheumatic_disease","M12.241","villonodular synovitis (pigmented), right hand"
"10","rheumatic_disease","M12.242","villonodular synovitis (pigmented), left hand"
"10","rheumatic_disease","M12.249","villonodular synovitis (pigmented), unspecified hand"
"10","rheumatic_disease","M12.25","villonodular synovitis (pigmented), hip"
"10","rheumatic_disease","M12.251","villonodular synovitis (pigmented), right hip"
"10","rheumatic_disease","M12.252","villonodular synovitis (pigmented), left hip"
"10","rheumatic_disease","M12.259","villonodular synovitis (pigmented), unspecified hip"
"10","rheumatic_disease","M12.26","villonodular synovitis (pigmented), knee"
"10","rheumatic_disease","M12.261","villonodular synovitis (pigmented), right knee"
"10","rheumatic_disease","M12.262","villonodular synovitis (pigmented), left knee"
"10","rheumatic_disease","M12.269","villonodular synovitis (pigmented), unspecified knee"
"10","rheumatic_disease","M12.27","villonodular synovitis (pigmented), ankle and foot"
"10","rheumatic_disease","M12.271","villonodular synovitis (pigmented), right ankle and foot"
"10","rheumatic_disease","M12.272","villonodular synovitis (pigmented), left ankle and foot"
"10","rheumatic_disease","M12.279","villonodular synovitis (pigmented), unspecified ankle and foot"
"10","rheumatic_disease","M12.28","villonodular synovitis (pigmented), other specified site"
"10","rheumatic_disease","M12.29","villonodular synovitis (pigmented), multiple sites"
"10","rheumatic_disease","M12.3","palindromic rheumatism"
"10","rheumatic_disease","M12.30","palindromic rheumatism, unspecified site"
"10","rheumatic_disease","M12.31","palindromic rheumatism, shoulder"
"10","rheumatic_disease","M12.311","palindromic rheumatism, right shoulder"
"10","rheumatic_disease","M12.312","palindromic rheumatism, left shoulder"
"10","rheumatic_disease","M12.319","palindromic rheumatism, unspecified shoulder"
"10","rheumatic_disease","M12.32","palindromic rheumatism, elbow"
"10","rheumatic_disease","M12.321","palindromic rheumatism, right elbow"
"10","rheumatic_disease","M12.322","palindromic rheumatism, left elbow"
"10","rheumatic_disease","M12.329","palindromic rheumatism, unspecified elbow"
"10","rheumatic_disease","M12.33","palindromic rheumatism, wrist"
"10","rheumatic_disease","M12.331","palindromic rheumatism, right wrist"
"10","rheumatic_disease","M12.332","palindromic rheumatism, left wrist"
"10","rheumatic_disease","M12.339","palindromic rheumatism, unspecified wrist"
"10","rheumatic_disease","M12.34","palindromic rheumatism, hand"
"10","rheumatic_disease","M12.341","palindromic rheumatism, right hand"
"10","rheumatic_disease","M12.342","palindromic rheumatism, left hand"
"10","rheumatic_disease","M12.349","palindromic rheumatism, unspecified hand"
"10","rheumatic_disease","M12.35","palindromic rheumatism, hip"
"10","rheumatic_disease","M12.351","palindromic rheumatism, right hip"
"10","rheumatic_disease","M12.352","palindromic rheumatism, left hip"
"10","rheumatic_disease","M12.359","palindromic rheumatism, unspecified hip"
"10","rheumatic_disease","M12.36","palindromic rheumatism, knee"
"10","rheumatic_disease","M12.361","palindromic rheumatism, right knee"
"10","rheumatic_disease","M12.362","palindromic rheumatism, left knee"
"10","rheumatic_disease","M12.369","palindromic rheumatism, unspecified knee"
"10","rheumatic_disease","M12.37","palindromic rheumatism, ankle and foot"
"10","rheumatic_disease","M12.371","palindromic rheumatism, right ankle and foot"
"10","rheumatic_disease","M12.372","palindromic rheumatism, left ankle and foot"
"10","rheumatic_disease","M12.379","palindromic rheumatism, unspecified ankle and foot"
"10","rheumatic_disease","M12.38","palindromic rheumatism, other specified site"
"10","rheumatic_disease","M12.39","palindromic rheumatism, multiple sites"
"10","rheumatic_disease","M12.4","intermittent hydrarthrosis"
"10","rheumatic_disease","M12.40","intermittent hydrarthrosis, unspecified site"
"10","rheumatic_disease","M12.41","intermittent hydrarthrosis, shoulder"
"10","rheumatic_disease","M12.411","intermittent hydrarthrosis, right shoulder"
"10","rheumatic_disease","M12.412","intermittent hydrarthrosis, left shoulder"
"10","rheumatic_disease","M12.419","intermittent hydrarthrosis, unspecified shoulder"
"10","rheumatic_disease","M12.42","intermittent hydrarthrosis, elbow"
"10","rheumatic_disease","M12.421","intermittent hydrarthrosis, right elbow"
"10","rheumatic_disease","M12.422","intermittent hydrarthrosis, left elbow"
"10","rheumatic_disease","M12.429","intermittent hydrarthrosis, unspecified elbow"
"10","rheumatic_disease","M12.43","intermittent hydrarthrosis, wrist"
"10","rheumatic_disease","M12.431","intermittent hydrarthrosis, right wrist"
"10","rheumatic_disease","M12.432","intermittent hydrarthrosis, left wrist"
"10","rheumatic_disease","M12.439","intermittent hydrarthrosis, unspecified wrist"
"10","rheumatic_disease","M12.44","intermittent hydrarthrosis, hand"
"10","rheumatic_disease","M12.441","intermittent hydrarthrosis, right hand"
"10","rheumatic_disease","M12.442","intermittent hydrarthrosis, left hand"
"10","rheumatic_disease","M12.449","intermittent hydrarthrosis, unspecified hand"
"10","rheumatic_disease","M12.45","intermittent hydrarthrosis, hip"
"10","rheumatic_disease","M12.451","intermittent hydrarthrosis, right hip"
"10","rheumatic_disease","M12.452","intermittent hydrarthrosis, left hip"
"10","rheumatic_disease","M12.459","intermittent hydrarthrosis, unspecified hip"
"10","rheumatic_disease","M12.46","intermittent hydrarthrosis, knee"
"10","rheumatic_disease","M12.461","intermittent hydrarthrosis, right knee"
"10","rheumatic_disease","M12.462","intermittent hydrarthrosis, left knee"
"10","rheumatic_disease","M12.469","intermittent hydrarthrosis, unspecified knee"
"10","rheumatic_disease","M12.47","intermittent hydrarthrosis, ankle and foot"
"10","rheumatic_disease","M12.471","intermittent hydrarthrosis, right ankle and foot"
"10","rheumatic_disease","M12.472","intermittent hydrarthrosis, left ankle and foot"
"10","rheumatic_disease","M12.479","intermittent hydrarthrosis, unspecified ankle and foot"
"10","rheumatic_disease","M12.48","intermittent hydrarthrosis, other site"
"10","rheumatic_disease","M12.49","intermittent hydrarthrosis, multiple sites"
"10","rheumatic_disease","M12.5","traumatic arthropathy"
"10","rheumatic_disease","M12.50","traumatic arthropathy, unspecified site"
"10","rheumatic_disease","M12.51","traumatic arthropathy, shoulder"
"10","rheumatic_disease","M12.511","traumatic arthropathy, right shoulder"
"10","rheumatic_disease","M12.512","traumatic arthropathy, left shoulder"
"10","rheumatic_disease","M12.519","traumatic arthropathy, unspecified shoulder"
"10","rheumatic_disease","M12.52","traumatic arthropathy, elbow"
"10","rheumatic_disease","M12.521","traumatic arthropathy, right elbow"
"10","rheumatic_disease","M12.522","traumatic arthropathy, left elbow"
"10","rheumatic_disease","M12.529","traumatic arthropathy, unspecified elbow"
"10","rheumatic_disease","M12.53","traumatic arthropathy, wrist"
"10","rheumatic_disease","M12.531","traumatic arthropathy, right wrist"
"10","rheumatic_disease","M12.532","traumatic arthropathy, left wrist"
"10","rheumatic_disease","M12.539","traumatic arthropathy, unspecified wrist"
"10","rheumatic_disease","M12.54","traumatic arthropathy, hand"
"10","rheumatic_disease","M12.541","traumatic arthropathy, right hand"
"10","rheumatic_disease","M12.542","traumatic arthropathy, left hand"
"10","rheumatic_disease","M12.549","traumatic arthropathy, unspecified hand"
"10","rheumatic_disease","M12.55","traumatic arthropathy, hip"
"10","rheumatic_disease","M12.551","traumatic arthropathy, right hip"
"10","rheumatic_disease","M12.552","traumatic arthropathy, left hip"
"10","rheumatic_disease","M12.559","traumatic arthropathy, unspecified hip"
"10","rheumatic_disease","M12.56","traumatic arthropathy, knee"
"10","rheumatic_disease","M12.561","traumatic arthropathy, right knee"
"10","rheumatic_disease","M12.562","traumatic arthropathy, left knee"
"10","rheumatic_disease","M12.569","traumatic arthropathy, unspecified knee"
"10","rheumatic_disease","M12.57","traumatic arthropathy, ankle and foot"
"10","rheumatic_disease","M12.571","traumatic arthropathy, right ankle and foot"
"10","rheumatic_disease","M12.572","traumatic arthropathy, left ankle and foot"
"10","rheumatic_disease","M12.579","traumatic arthropathy, unspecified ankle and foot"
"10","rheumatic_disease","M12.58","traumatic arthropathy, other specified site"
"10","rheumatic_disease","M12.59","traumatic arthropathy, multiple sites"
"10","rheumatic_disease","M12.8","other specific arthropathies, not elsewhere classified"
"10","rheumatic_disease","M12.80","other specific arthropathies, not elsewhere classified, unspecified site"
"10","rheumatic_disease","M12.81","other specific arthropathies, not elsewhere classified, shoulder"
"10","rheumatic_disease","M12.811","other specific arthropathies, not elsewhere classified, right shoulder"
"10","rheumatic_disease","M12.812","other specific arthropathies, not elsewhere classified, left shoulder"
"10","rheumatic_disease","M12.819","other specific arthropathies, not elsewhere classified, unspecified shoulder"
"10","rheumatic_disease","M12.82","other specific arthropathies, not elsewhere classified, elbow"
"10","rheumatic_disease","M12.821","other specific arthropathies, not elsewhere classified, right elbow"
"10","rheumatic_disease","M12.822","other specific arthropathies, not elsewhere classified, left elbow"
"10","rheumatic_disease","M12.829","other specific arthropathies, not elsewhere classified, unspecified elbow"
"10","rheumatic_disease","M12.83","other specific arthropathies, not elsewhere classified, wrist"
"10","rheumatic_disease","M12.831","other specific arthropathies, not elsewhere classified, right wrist"
"10","rheumatic_disease","M12.832","other specific arthropathies, not elsewhere classified, left wrist"
"10","rheumatic_disease","M12.839","other specific arthropathies, not elsewhere classified, unspecified wrist"
"10","rheumatic_disease","M12.84","other specific arthropathies, not elsewhere classified, hand"
"10","rheumatic_disease","M12.841","other specific arthropathies, not elsewhere classified, right hand"
"10","rheumatic_disease","M12.842","other specific arthropathies, not elsewhere classified, left hand"
"10","rheumatic_disease","M12.849","other specific arthropathies, not elsewhere classified, unspecified hand"
"10","rheumatic_disease","M12.85","other specific arthropathies, not elsewhere classified, hip"
"10","rheumatic_disease","M12.851","other specific arthropathies, not elsewhere classified, right hip"
"10","rheumatic_disease","M12.852","other specific arthropathies, not elsewhere classified, left hip"
"10","rheumatic_disease","M12.859","other specific arthropathies, not elsewhere classified, unspecified hip"
"10","rheumatic_disease","M12.86","other specific arthropathies, not elsewhere classified, knee"
"10","rheumatic_disease","M12.861","other specific arthropathies, not elsewhere classified, right knee"
"10","rheumatic_disease","M12.862","other specific arthropathies, not elsewhere classified, left knee"
"10","rheumatic_disease","M12.869","other specific arthropathies, not elsewhere classified, unspecified knee"
"10","rheumatic_disease","M12.87","other specific arthropathies, not elsewhere classified, ankle and foot"
"10","rheumatic_disease","M12.871","other specific arthropathies, not elsewhere classified, right ankle and foot"
"10","rheumatic_disease","M12.872","other specific arthropathies, not elsewhere classified, left ankle and foot"
"10","rheumatic_disease","M12.879","other specific arthropathies, not elsewhere classified, unspecified ankle and foot"
"10","rheumatic_disease","M12.88","other specific arthropathies, not elsewhere classified, other specified site"
"10","rheumatic_disease","M12.89","other specific arthropathies, not elsewhere classified, multiple sites"
"10","rheumatic_disease","M12.9","arthropathy, unspecified"
"10","rheumatic_disease","M45","ankylosing spondylitis"
"10","rheumatic_disease","M45.0","ankylosing spondylitis of multiple sites in spine"
"10","rheumatic_disease","M45.1","ankylosing spondylitis of occipito-atlanto-axial region"
"10","rheumatic_disease","M45.2","ankylosing spondylitis of cervical region"
"10","rheumatic_disease","M45.3","ankylosing spondylitis of cervicothoracic region"
"10","rheumatic_disease","M45.4","ankylosing spondylitis of thoracic region"
"10","rheumatic_disease","M45.5","ankylosing spondylitis of thoracolumbar region"
"10","rheumatic_disease","M45.6","ankylosing spondylitis lumbar region"
"10","rheumatic_disease","M45.7","ankylosing spondylitis of lumbosacral region"
"10","rheumatic_disease","M45.8","ankylosing spondylitis sacral and sacrococcygeal region"
"10","rheumatic_disease","M45.9","ankylosing spondylitis of unspecified sites in spine"
"10","rheumatic_disease","M45.A","non-radiographic axial spondyloarthritis"
"10","rheumatic_disease","M45.A0","non-radiographic axial spondyloarthritis of unspecified sites in spine"
"10","rheumatic_disease","M45.A1","non-radiographic axial spondyloarthritis of occipito-atlanto-axial region"
"10","rheumatic_disease","M45.A2","non-radiographic axial spondyloarthritis of cervical region"
"10","rheumatic_disease","M45.A3","non-radiographic axial spondyloarthritis of cervicothoracic region"
"10","rheumatic_disease","M45.A4","non-radiographic axial spondyloarthritis of thoracic region"
"10","rheumatic_disease","M45.A5","non-radiographic axial spondyloarthritis of thoracolumbar region"
"10","rheumatic_disease","M45.A6","non-radiographic axial spondyloarthritis of lumbar region"
"10","rheumatic_disease","M45.A7","non-radiographic axial spondyloarthritis of lumbosacral region"
"10","rheumatic_disease","M45.A8","non-radiographic axial spondyloarthritis of sacral and sacrococcygeal region"
"10","rheumatic_disease","M45.AB","non-radiographic axial spondyloarthritis of multiple sites in spine"
"10","rheumatic_disease","M30","polyarteritis nodosa and related conditions"
"10","rheumatic_disease","M30.0","polyarteritis nodosa"
"10","rheumatic_disease","M30.1","polyarteritis with lung involvement [churg-strauss]"
"10","rheumatic_disease","M30.2","juvenile polyarteritis"
"10","rheumatic_disease","M30.8","other conditions related to polyarteritis nodosa"
"10","rheumatic_disease","L93","lupus erythematosus"
"10","rheumatic_disease","L93.0","discoid lupus erythematosus"
"10","rheumatic_disease","L93.1","subacute cutaneous lupus erythematosus"
"10","rheumatic_disease","L93.2","other local lupus erythematosus"
"11","immunocompromised_state","B20","human immunodeficiency virus [hiv] disease"
"11","immunocompromised_state","D70","neutropenia"
"11","immunocompromised_state","D70.0","congenital agranulocytosis"
"11","immunocompromised_state","D70.1","agranulocytosis secondary to cancer chemotherapy"
"11","immunocompromised_state","D70.2","other drug-induced agranulocytosis"
"11","immunocompromised_state","D70.3","neutropenia due to infection"
"11","immunocompromised_state","D70.4","cyclic neutropenia"
"11","immunocompromised_state","D70.8","other neutropenia"
"11","immunocompromised_state","D70.9","neutropenia, unspecified"
"11","immunocompromised_state","D71","functional disorders of polymorphonuclear neutrophils"
"11","immunocompromised_state","D72","other disorders of white blood cells"
"11","immunocompromised_state","D72.0","genetic anomalies of leukocytes"
"11","immunocompromised_state","D72.1","eosinophilia"
"11","immunocompromised_state","D72.10","eosinophilia, unspecified"
"11","immunocompromised_state","D72.11","hypereosinophilic syndrome [hes]"
"11","immunocompromised_state","D72.110","idiopathic hypereosinophilic syndrome [ihes]"
"11","immunocompromised_state","D72.111","lymphocytic variant hypereosinophilic syndrome [lhes]"
"11","immunocompromised_state","D72.118","other hypereosinophilic syndrome"
"11","immunocompromised_state","D72.119","hypereosinophilic syndrome [hes], unspecified"
"11","immunocompromised_state","D72.12","drug rash with eosinophilia and systemic symptoms syndrome"
"11","immunocompromised_state","D72.18","eosinophilia in diseases classified elsewhere"
"11","immunocompromised_state","D72.19","other eosinophilia"
"11","immunocompromised_state","D72.8","other specified disorders of white blood cells"
"11","immunocompromised_state","D72.81","decreased white blood cell count"
"11","immunocompromised_state","D72.810","lymphocytopenia"
"11","immunocompromised_state","D72.818","other decreased white blood cell count"
"11","immunocompromised_state","D72.819","decreased white blood cell count, unspecified"
"11","immunocompromised_state","D72.82","elevated white blood cell count"
"11","immunocompromised_state","D72.820","lymphocytosis (symptomatic)"
"11","immunocompromised_state","D72.821","monocytosis (symptomatic)"
"11","immunocompromised_state","D72.822","plasmacytosis"
"11","immunocompromised_state","D72.823","leukemoid reaction"
"11","immunocompromised_state","D72.824","basophilia"
"11","immunocompromised_state","D72.825","bandemia"
"11","immunocompromised_state","D72.828","other elevated white blood cell count"
"11","immunocompromised_state","D72.829","elevated white blood cell count, unspecified"
"11","immunocompromised_state","D72.89","other specified disorders of white blood cells"
"11","immunocompromised_state","D72.9","disorder of white blood cells, unspecified"
"11","immunocompromised_state","D73.0","hyposplenism"
"11","immunocompromised_state","D80","immunodeficiency with predominantly antibody defects"
"11","immunocompromised_state","D80.0","hereditary hypogammaglobulinemia"
"11","immunocompromised_state","D80.1","nonfamilial hypogammaglobulinemia"
"11","immunocompromised_state","D80.2","selective deficiency of immunoglobulin a [iga]"
"11","immunocompromised_state","D80.3","selective deficiency of immunoglobulin g [igg] subclasses"
"11","immunocompromised_state","D80.4","selective deficiency of immunoglobulin m [igm]"
"11","immunocompromised_state","D80.5","immunodeficiency with increased immunoglobulin m [igm]"
"11","immunocompromised_state","D80.6","antibody deficiency with near-normal immunoglobulins or with hyperimmunoglobulinemia"
"11","immunocompromised_state","D80.7","transient hypogammaglobulinemia of infancy"
"11","immunocompromised_state","D80.8","other immunodeficiencies with predominantly antibody defects"
"11","immunocompromised_state","D80.9","immunodeficiency with predominantly antibody defects, unspecified"
"11","immunocompromised_state","D81","combined immunodeficiencies"
"11","immunocompromised_state","D81.0","severe combined immunodeficiency [scid] with reticular dysgenesis"
"11","immunocompromised_state","D81.1","severe combined immunodeficiency [scid] with low t- and b-cell numbers"
"11","immunocompromised_state","D81.2","severe combined immunodeficiency [scid] with low or normal b-cell numbers"
"11","immunocompromised_state","D81.3","adenosine deaminase [ada] deficiency"
"11","immunocompromised_state","D81.30","adenosine deaminase deficiency, unspecified"
"11","immunocompromised_state","D81.31","severe combined immunodeficiency due to adenosine deaminase deficiency"
"11","immunocompromised_state","D81.32","adenosine deaminase 2 deficiency"
"11","immunocompromised_state","D81.39","other adenosine deaminase deficiency"
"11","immunocompromised_state","D81.4","nezelof's syndrome"
"11","immunocompromised_state","D81.5","purine nucleoside phosphorylase [pnp] deficiency"
"11","immunocompromised_state","D81.6","major histocompatibility complex class i deficiency"
"11","immunocompromised_state","D81.7","major histocompatibility complex class ii deficiency"
"11","immunocompromised_state","D81.8","other combined immunodeficiencies"
"11","immunocompromised_state","D81.81","biotin-dependent carboxylase deficiency"
"11","immunocompromised_state","D81.810","biotinidase deficiency"
"11","immunocompromised_state","D81.818","other biotin-dependent carboxylase deficiency"
"11","immunocompromised_state","D81.819","biotin-dependent carboxylase deficiency, unspecified"
"11","immunocompromised_state","D81.82","activated phosphoinositide 3-kinase delta syndrome [apds]"
"11","immunocompromised_state","D81.89","other combined immunodeficiencies"
"11","immunocompromised_state","D81.9","combined immunodeficiency, unspecified"
"11","immunocompromised_state","D82","immunodeficiency associated with other major defects"
"11","immunocompromised_state","D82.0","wiskott-aldrich syndrome"
"11","immunocompromised_state","D82.1","di george's syndrome"
"11","immunocompromised_state","D82.2","immunodeficiency with short-limbed stature"
"11","immunocompromised_state","D82.3","immunodeficiency following hereditary defective response to epstein-barr virus"
"11","immunocompromised_state","D82.4","hyperimmunoglobulin e [ige] syndrome"
"11","immunocompromised_state","D82.8","immunodeficiency associated with other specified major defects"
"11","immunocompromised_state","D82.9","immunodeficiency associated with major defect, unspecified"
"11","immunocompromised_state","D83","common variable immunodeficiency"
"11","immunocompromised_state","D83.0","common variable immunodeficiency with predominant abnormalities of b-cell numbers and function"
"11","immunocompromised_state","D83.1","common variable immunodeficiency with predominant immunoregulatory t-cell disorders"
"11","immunocompromised_state","D83.2","common variable immunodeficiency with autoantibodies to b- or t-cells"
"11","immunocompromised_state","D83.8","other common variable immunodeficiencies"
"11","immunocompromised_state","D83.9","common variable immunodeficiency, unspecified"
"11","immunocompromised_state","D84","other immunodeficiencies"
"11","immunocompromised_state","D84.0","lymphocyte function antigen-1 [lfa-1] defect"
"11","immunocompromised_state","D84.1","defects in the complement system"
"11","immunocompromised_state","D84.8","other specified immunodeficiencies"
"11","immunocompromised_state","D84.81","immunodeficiency due to conditions classified elsewhere"
"11","immunocompromised_state","D84.82","immunodeficiency due to drugs and external causes"
"11","immunocompromised_state","D84.821","immunodeficiency due to drugs"
"11","immunocompromised_state","D84.822","immunodeficiency due to external causes"
"11","immunocompromised_state","D84.89","other immunodeficiencies"
"11","immunocompromised_state","D84.9","immunodeficiency, unspecified"
"11","immunocompromised_state","Z51.0","encounter for antineoplastic radiation therapy"
"11","immunocompromised_state","Z51.1","encounter for antineoplastic chemotherapy and immunotherapy"
"11","immunocompromised_state","Z51.11","encounter for antineoplastic chemotherapy"
"11","immunocompromised_state","Z51.12","encounter for antineoplastic immunotherapy"
"11","immunocompromised_state","Z79","long term (current) drug therapy"
"11","immunocompromised_state","Z79.0","long term (current) use of anticoagulants and antithrombotics/antiplatelets"
"11","immunocompromised_state","Z79.01","long term (current) use of anticoagulants"
"11","immunocompromised_state","Z79.02","long term (current) use of antithrombotics/antiplatelets"
"11","immunocompromised_state","Z79.1","long term (current) use of non-steroidal anti-inflammatories (nsaid)"
"11","immunocompromised_state","Z79.2","long term (current) use of antibiotics"
"11","immunocompromised_state","Z79.3","long term (current) use of hormonal contraceptives"
"11","immunocompromised_state","Z79.4","long term (current) use of insulin"
"11","immunocompromised_state","Z79.5","long term (current) use of steroids"
"11","immunocompromised_state","Z79.51","long term (current) use of inhaled steroids"
"11","immunocompromised_state","Z79.52","long term (current) use of systemic steroids"
"11","immunocompromised_state","Z79.6","long term (current) use of immunomodulators and immunosuppressants"
"11","immunocompromised_state","Z79.60","long term (current) use of unspecified immunomodulators and immunosuppressants"
"11","immunocompromised_state","Z79.61","long term (current) use of immunomodulator"
"11","immunocompromised_state","Z79.62","long term (current) use of immunosuppressant"
"11","immunocompromised_state","Z79.620","long term (current) use of immunosuppressive biologic"
"11","immunocompromised_state","Z79.621","long term (current) use of calcineurin inhibitor"
"11","immunocompromised_state","Z79.622","long term (current) use of janus kinase inhibitor"
"11","immunocompromised_state","Z79.623","long term (current) use of mammalian target of rapamycin (mtor) inhibitor"
"11","immunocompromised_state","Z79.624","long term (current) use of inhibitors of nucleotide synthesis"
"11","immunocompromised_state","Z79.63","long term (current) use of chemotherapeutic agent"
"11","immunocompromised_state","Z79.630","long term (current) use of alkylating agent"
"11","immunocompromised_state","Z79.631","long term (current) use of antimetabolite agent"
"11","immunocompromised_state","Z79.632","long term (current) use of antitumor antibiotic"
"11","immunocompromised_state","Z79.633","long term (current) use of mitotic inhibitor"
"11","immunocompromised_state","Z79.634","long term (current) use of topoisomerase inhibitor"
"11","immunocompromised_state","Z79.64","long term (current) use of myelosuppressive agent"
"11","immunocompromised_state","Z79.69","long term (current) use of other immunomodulators and immunosuppressants"
"11","immunocompromised_state","Z79.8","other long term (current) drug therapy"
"11","immunocompromised_state","Z79.81","long term (current) use of agents affecting estrogen receptors and estrogen levels"
"11","immunocompromised_state","Z79.810","long term (current) use of selective estrogen receptor modulators (serms)"
"11","immunocompromised_state","Z79.811","long term (current) use of aromatase inhibitors"
"11","immunocompromised_state","Z79.818","long term (current) use of other agents affecting estrogen receptors and estrogen levels"
"11","immunocompromised_state","Z79.82","long term (current) use of aspirin"
"11","immunocompromised_state","Z79.83","long term (current) use of bisphosphonates"
"11","immunocompromised_state","Z79.84","long term (current) use of oral hypoglycemic drugs"
"11","immunocompromised_state","Z79.85","long-term (current) use of injectable non-insulin antidiabetic drugs"
"11","immunocompromised_state","Z79.89","other long term (current) drug therapy"
"11","immunocompromised_state","Z79.890","hormone replacement therapy"
"11","immunocompromised_state","Z79.891","long term (current) use of opiate analgesic"
"11","immunocompromised_state","Z79.899","other long term (current) drug therapy"
"12","mental_health_disorders","F10","alcohol related disorders"
"12","mental_health_disorders","F10.1","alcohol abuse"
"12","mental_health_disorders","F10.10","alcohol abuse, uncomplicated"
"12","mental_health_disorders","F10.11","alcohol abuse, in remission"
"12","mental_health_disorders","F10.12","alcohol abuse with intoxication"
"12","mental_health_disorders","F10.120","alcohol abuse with intoxication, uncomplicated"
"12","mental_health_disorders","F10.121","alcohol abuse with intoxication delirium"
"12","mental_health_disorders","F10.129","alcohol abuse with intoxication, unspecified"
"12","mental_health_disorders","F10.13","alcohol abuse, with withdrawal"
"12","mental_health_disorders","F10.130","alcohol abuse with withdrawal, uncomplicated"
"12","mental_health_disorders","F10.131","alcohol abuse with withdrawal delirium"
"12","mental_health_disorders","F10.132","alcohol abuse with withdrawal with perceptual disturbance"
"12","mental_health_disorders","F10.139","alcohol abuse with withdrawal, unspecified"
"12","mental_health_disorders","F10.14","alcohol abuse with alcohol-induced mood disorder"
"12","mental_health_disorders","F10.15","alcohol abuse with alcohol-induced psychotic disorder"
"12","mental_health_disorders","F10.150","alcohol abuse with alcohol-induced psychotic disorder with delusions"
"12","mental_health_disorders","F10.151","alcohol abuse with alcohol-induced psychotic disorder with hallucinations"
"12","mental_health_disorders","F10.159","alcohol abuse with alcohol-induced psychotic disorder, unspecified"
"12","mental_health_disorders","F10.18","alcohol abuse with other alcohol-induced disorders"
"12","mental_health_disorders","F10.180","alcohol abuse with alcohol-induced anxiety disorder"
"12","mental_health_disorders","F10.181","alcohol abuse with alcohol-induced sexual dysfunction"
"12","mental_health_disorders","F10.182","alcohol abuse with alcohol-induced sleep disorder"
"12","mental_health_disorders","F10.188","alcohol abuse with other alcohol-induced disorder"
"12","mental_health_disorders","F10.19","alcohol abuse with unspecified alcohol-induced disorder"
"12","mental_health_disorders","F10.2","alcohol dependence"
"12","mental_health_disorders","F10.20","alcohol dependence, uncomplicated"
"12","mental_health_disorders","F10.21","alcohol dependence, in remission"
"12","mental_health_disorders","F10.22","alcohol dependence with intoxication"
"12","mental_health_disorders","F10.220","alcohol dependence with intoxication, uncomplicated"
"12","mental_health_disorders","F10.221","alcohol dependence with intoxication delirium"
"12","mental_health_disorders","F10.229","alcohol dependence with intoxication, unspecified"
"12","mental_health_disorders","F10.23","alcohol dependence with withdrawal"
"12","mental_health_disorders","F10.230","alcohol dependence with withdrawal, uncomplicated"
"12","mental_health_disorders","F10.231","alcohol dependence with withdrawal delirium"
"12","mental_health_disorders","F10.232","alcohol dependence with withdrawal with perceptual disturbance"
"12","mental_health_disorders","F10.239","alcohol dependence with withdrawal, unspecified"
"12","mental_health_disorders","F10.24","alcohol dependence with alcohol-induced mood disorder"
"12","mental_health_disorders","F10.25","alcohol dependence with alcohol-induced psychotic disorder"
"12","mental_health_disorders","F10.250","alcohol dependence with alcohol-induced psychotic disorder with delusions"
"12","mental_health_disorders","F10.251","alcohol dependence with alcohol-induced psychotic disorder with hallucinations"
"12","mental_health_disorders","F10.259","alcohol dependence with alcohol-induced psychotic disorder, unspecified"
"12","mental_health_disorders","F10.26","alcohol dependence with alcohol-induced persisting amnestic disorder"
"12","mental_health_disorders","F10.27","alcohol dependence with alcohol-induced persisting dementia"
"12","mental_health_disorders","F10.28","alcohol dependence with other alcohol-induced disorders"
"12","mental_health_disorders","F10.280","alcohol dependence with alcohol-induced anxiety disorder"
"12","mental_health_disorders","F10.281","alcohol dependence with alcohol-induced sexual dysfunction"
"12","mental_health_disorders","F10.282","alcohol dependence with alcohol-induced sleep disorder"
"12","mental_health_disorders","F10.288","alcohol dependence with other alcohol-induced disorder"
"12","mental_health_disorders","F10.29","alcohol dependence with unspecified alcohol-induced disorder"
"12","mental_health_disorders","F10.9","alcohol use, unspecified"
"12","mental_health_disorders","F10.90","alcohol use, unspecified, uncomplicated"
"12","mental_health_disorders","F10.91","alcohol use, unspecified, in remission"
"12","mental_health_disorders","F10.92","alcohol use, unspecified with intoxication"
"12","mental_health_disorders","F10.920","alcohol use, unspecified with intoxication, uncomplicated"
"12","mental_health_disorders","F10.921","alcohol use, unspecified with intoxication delirium"
"12","mental_health_disorders","F10.929","alcohol use, unspecified with intoxication, unspecified"
"12","mental_health_disorders","F10.93","alcohol use, unspecified with withdrawal"
"12","mental_health_disorders","F10.930","alcohol use, unspecified with withdrawal, uncomplicated"
"12","mental_health_disorders","F10.931","alcohol use, unspecified with withdrawal delirium"
"12","mental_health_disorders","F10.932","alcohol use, unspecified with withdrawal with perceptual disturbance"
"12","mental_health_disorders","F10.939","alcohol use, unspecified with withdrawal, unspecified"
"12","mental_health_disorders","F10.94","alcohol use, unspecified with alcohol-induced mood disorder"
"12","mental_health_disorders","F10.95","alcohol use, unspecified with alcohol-induced psychotic disorder"
"12","mental_health_disorders","F10.950","alcohol use, unspecified with alcohol-induced psychotic disorder with delusions"
"12","mental_health_disorders","F10.951","alcohol use, unspecified with alcohol-induced psychotic disorder with hallucinations"
"12","mental_health_disorders","F10.959","alcohol use, unspecified with alcohol-induced psychotic disorder, unspecified"
"12","mental_health_disorders","F10.96","alcohol use, unspecified with alcohol-induced persisting amnestic disorder"
"12","mental_health_disorders","F10.97","alcohol use, unspecified with alcohol-induced persisting dementia"
"12","mental_health_disorders","F10.98","alcohol use, unspecified with other alcohol-induced disorders"
"12","mental_health_disorders","F10.980","alcohol use, unspecified with alcohol-induced anxiety disorder"
"12","mental_health_disorders","F10.981","alcohol use, unspecified with alcohol-induced sexual dysfunction"
"12","mental_health_disorders","F10.982","alcohol use, unspecified with alcohol-induced sleep disorder"
"12","mental_health_disorders","F10.988","alcohol use, unspecified with other alcohol-induced disorder"
"12","mental_health_disorders","F10.99","alcohol use, unspecified with unspecified alcohol-induced disorder"
"12","mental_health_disorders","F11","opioid related disorders"
"12","mental_health_disorders","F11.1","opioid abuse"
"12","mental_health_disorders","F11.10","opioid abuse, uncomplicated"
"12","mental_health_disorders","F11.11","opioid abuse, in remission"
"12","mental_health_disorders","F11.12","opioid abuse with intoxication"
"12","mental_health_disorders","F11.120","opioid abuse with intoxication, uncomplicated"
"12","mental_health_disorders","F11.121","opioid abuse with intoxication delirium"
"12","mental_health_disorders","F11.122","opioid abuse with intoxication with perceptual disturbance"
"12","mental_health_disorders","F11.129","opioid abuse with intoxication, unspecified"
"12","mental_health_disorders","F11.13","opioid abuse with withdrawal"
"12","mental_health_disorders","F11.14","opioid abuse with opioid-induced mood disorder"
"12","mental_health_disorders","F11.15","opioid abuse with opioid-induced psychotic disorder"
"12","mental_health_disorders","F11.150","opioid abuse with opioid-induced psychotic disorder with delusions"
"12","mental_health_disorders","F11.151","opioid abuse with opioid-induced psychotic disorder with hallucinations"
"12","mental_health_disorders","F11.159","opioid abuse with opioid-induced psychotic disorder, unspecified"
"12","mental_health_disorders","F11.18","opioid abuse with other opioid-induced disorder"
"12","mental_health_disorders","F11.181","opioid abuse with opioid-induced sexual dysfunction"
"12","mental_health_disorders","F11.182","opioid abuse with opioid-induced sleep disorder"
"12","mental_health_disorders","F11.188","opioid abuse with other opioid-induced disorder"
"12","mental_health_disorders","F11.19","opioid abuse with unspecified opioid-induced disorder"
"12","mental_health_disorders","F11.2","opioid dependence"
"12","mental_health_disorders","F11.20","opioid dependence, uncomplicated"
"12","mental_health_disorders","F11.21","opioid dependence, in remission"
"12","mental_health_disorders","F11.22","opioid dependence with intoxication"
"12","mental_health_disorders","F11.220","opioid dependence with intoxication, uncomplicated"
"12","mental_health_disorders","F11.221","opioid dependence with intoxication delirium"
"12","mental_health_disorders","F11.222","opioid dependence with intoxication with perceptual disturbance"
"12","mental_health_disorders","F11.229","opioid dependence with intoxication, unspecified"
"12","mental_health_disorders","F11.23","opioid dependence with withdrawal"
"12","mental_health_disorders","F11.24","opioid dependence with opioid-induced mood disorder"
"12","mental_health_disorders","F11.25","opioid dependence with opioid-induced psychotic disorder"
"12","mental_health_disorders","F11.250","opioid dependence with opioid-induced psychotic disorder with delusions"
"12","mental_health_disorders","F11.251","opioid dependence with opioid-induced psychotic disorder with hallucinations"
"12","mental_health_disorders","F11.259","opioid dependence with opioid-induced psychotic disorder, unspecified"
"12","mental_health_disorders","F11.28","opioid dependence with other opioid-induced disorder"
"12","mental_health_disorders","F11.281","opioid dependence with opioid-induced sexual dysfunction"
"12","mental_health_disorders","F11.282","opioid dependence with opioid-induced sleep disorder"
"12","mental_health_disorders","F11.288","opioid dependence with other opioid-induced disorder"
"12","mental_health_disorders","F11.29","opioid dependence with unspecified opioid-induced disorder"
"12","mental_health_disorders","F11.9","opioid use, unspecified"
"12","mental_health_disorders","F11.90","opioid use, unspecified, uncomplicated"
"12","mental_health_disorders","F11.91","opioid use, unspecified, in remission"
"12","mental_health_disorders","F11.92","opioid use, unspecified with intoxication"
"12","mental_health_disorders","F11.920","opioid use, unspecified with intoxication, uncomplicated"
"12","mental_health_disorders","F11.921","opioid use, unspecified with intoxication delirium"
"12","mental_health_disorders","F11.922","opioid use, unspecified with intoxication with perceptual disturbance"
"12","mental_health_disorders","F11.929","opioid use, unspecified with intoxication, unspecified"
"12","mental_health_disorders","F11.93","opioid use, unspecified with withdrawal"
"12","mental_health_disorders","F11.94","opioid use, unspecified with opioid-induced mood disorder"
"12","mental_health_disorders","F11.95","opioid use, unspecified with opioid-induced psychotic disorder"
"12","mental_health_disorders","F11.950","opioid use, unspecified with opioid-induced psychotic disorder with delusions"
"12","mental_health_disorders","F11.951","opioid use, unspecified with opioid-induced psychotic disorder with hallucinations"
"12","mental_health_disorders","F11.959","opioid use, unspecified with opioid-induced psychotic disorder, unspecified"
"12","mental_health_disorders","F11.98","opioid use, unspecified with other specified opioid-induced disorder"
"12","mental_health_disorders","F11.981","opioid use, unspecified with opioid-induced sexual dysfunction"
"12","mental_health_disorders","F11.982","opioid use, unspecified with opioid-induced sleep disorder"
"12","mental_health_disorders","F11.988","opioid use, unspecified with other opioid-induced disorder"
"12","mental_health_disorders","F11.99","opioid use, unspecified with unspecified opioid-induced disorder"
"12","mental_health_disorders","F12","cannabis related disorders"
"12","mental_health_disorders","F12.1","cannabis abuse"
"12","mental_health_disorders","F12.10","cannabis abuse, uncomplicated"
"12","mental_health_disorders","F12.11","cannabis abuse, in remission"
"12","mental_health_disorders","F12.12","cannabis abuse with intoxication"
"12","mental_health_disorders","F12.120","cannabis abuse with intoxication, uncomplicated"
"12","mental_health_disorders","F12.121","cannabis abuse with intoxication delirium"
"12","mental_health_disorders","F12.122","cannabis abuse with intoxication with perceptual disturbance"
"12","mental_health_disorders","F12.129","cannabis abuse with intoxication, unspecified"
"12","mental_health_disorders","F12.13","cannabis abuse with withdrawal"
"12","mental_health_disorders","F12.15","cannabis abuse with psychotic disorder"
"12","mental_health_disorders","F12.150","cannabis abuse with psychotic disorder with delusions"
"12","mental_health_disorders","F12.151","cannabis abuse with psychotic disorder with hallucinations"
"12","mental_health_disorders","F12.159","cannabis abuse with psychotic disorder, unspecified"
"12","mental_health_disorders","F12.18","cannabis abuse with other cannabis-induced disorder"
"12","mental_health_disorders","F12.180","cannabis abuse with cannabis-induced anxiety disorder"
"12","mental_health_disorders","F12.188","cannabis abuse with other cannabis-induced disorder"
"12","mental_health_disorders","F12.19","cannabis abuse with unspecified cannabis-induced disorder"
"12","mental_health_disorders","F12.2","cannabis dependence"
"12","mental_health_disorders","F12.20","cannabis dependence, uncomplicated"
"12","mental_health_disorders","F12.21","cannabis dependence, in remission"
"12","mental_health_disorders","F12.22","cannabis dependence with intoxication"
"12","mental_health_disorders","F12.220","cannabis dependence with intoxication, uncomplicated"
"12","mental_health_disorders","F12.221","cannabis dependence with intoxication delirium"
"12","mental_health_disorders","F12.222","cannabis dependence with intoxication with perceptual disturbance"
"12","mental_health_disorders","F12.229","cannabis dependence with intoxication, unspecified"
"12","mental_health_disorders","F12.23","cannabis dependence with withdrawal"
"12","mental_health_disorders","F12.25","cannabis dependence with psychotic disorder"
"12","mental_health_disorders","F12.250","cannabis dependence with psychotic disorder with delusions"
"12","mental_health_disorders","F12.251","cannabis dependence with psychotic disorder with hallucinations"
"12","mental_health_disorders","F12.259","cannabis dependence with psychotic disorder, unspecified"
"12","mental_health_disorders","F12.28","cannabis dependence with other cannabis-induced disorder"
"12","mental_health_disorders","F12.280","cannabis dependence with cannabis-induced anxiety disorder"
"12","mental_health_disorders","F12.288","cannabis dependence with other cannabis-induced disorder"
"12","mental_health_disorders","F12.29","cannabis dependence with unspecified cannabis-induced disorder"
"12","mental_health_disorders","F12.9","cannabis use, unspecified"
"12","mental_health_disorders","F12.90","cannabis use, unspecified, uncomplicated"
"12","mental_health_disorders","F12.91","cannabis use, unspecified, in remission"
"12","mental_health_disorders","F12.92","cannabis use, unspecified with intoxication"
"12","mental_health_disorders","F12.920","cannabis use, unspecified with intoxication, uncomplicated"
"12","mental_health_disorders","F12.921","cannabis use, unspecified with intoxication delirium"
"12","mental_health_disorders","F12.922","cannabis use, unspecified with intoxication with perceptual disturbance"
"12","mental_health_disorders","F12.929","cannabis use, unspecified with intoxication, unspecified"
"12","mental_health_disorders","F12.93","cannabis use, unspecified with withdrawal"
"12","mental_health_disorders","F12.95","cannabis use, unspecified with psychotic disorder"
"12","mental_health_disorders","F12.950","cannabis use, unspecified with psychotic disorder with delusions"
"12","mental_health_disorders","F12.951","cannabis use, unspecified with psychotic disorder with hallucinations"
"12","mental_health_disorders","F12.959","cannabis use, unspecified with psychotic disorder, unspecified"
"12","mental_health_disorders","F12.98","cannabis use, unspecified with other cannabis-induced disorder"
"12","mental_health_disorders","F12.980","cannabis use, unspecified with anxiety disorder"
"12","mental_health_disorders","F12.988","cannabis use, unspecified with other cannabis-induced disorder"
"12","mental_health_disorders","F12.99","cannabis use, unspecified with unspecified cannabis-induced disorder"
"12","mental_health_disorders","F13","sedative, hypnotic, or anxiolytic related disorders"
"12","mental_health_disorders","F13.1","sedative, hypnotic or anxiolytic-related abuse"
"12","mental_health_disorders","F13.10","sedative, hypnotic or anxiolytic abuse, uncomplicated"
"12","mental_health_disorders","F13.11","sedative, hypnotic or anxiolytic abuse, in remission"
"12","mental_health_disorders","F13.12","sedative, hypnotic or anxiolytic abuse with intoxication"
"12","mental_health_disorders","F13.120","sedative, hypnotic or anxiolytic abuse with intoxication, uncomplicated"
"12","mental_health_disorders","F13.121","sedative, hypnotic or anxiolytic abuse with intoxication delirium"
"12","mental_health_disorders","F13.129","sedative, hypnotic or anxiolytic abuse with intoxication, unspecified"
"12","mental_health_disorders","F13.13","sedative, hypnotic or anxiolytic abuse with withdrawal"
"12","mental_health_disorders","F13.130","sedative, hypnotic or anxiolytic abuse with withdrawal, uncomplicated"
"12","mental_health_disorders","F13.131","sedative, hypnotic or anxiolytic abuse with withdrawal delirium"
"12","mental_health_disorders","F13.132","sedative, hypnotic or anxiolytic abuse with withdrawal with perceptual disturbance"
"12","mental_health_disorders","F13.139","sedative, hypnotic or anxiolytic abuse with withdrawal, unspecified"
"12","mental_health_disorders","F13.14","sedative, hypnotic or anxiolytic abuse with sedative, hypnotic or anxiolytic-induced mood disorder"
"12","mental_health_disorders","F13.15","sedative, hypnotic or anxiolytic abuse with sedative, hypnotic or anxiolytic-induced psychotic disorder"
"12","mental_health_disorders","F13.150","sedative, hypnotic or anxiolytic abuse with sedative, hypnotic or anxiolytic-induced psychotic disorder with delusions"
"12","mental_health_disorders","F13.151","sedative, hypnotic or anxiolytic abuse with sedative, hypnotic or anxiolytic-induced psychotic disorder with hallucinations"
"12","mental_health_disorders","F13.159","sedative, hypnotic or anxiolytic abuse with sedative, hypnotic or anxiolytic-induced psychotic disorder, unspecified"
"12","mental_health_disorders","F13.18","sedative, hypnotic or anxiolytic abuse with other sedative, hypnotic or anxiolytic-induced disorders"
"12","mental_health_disorders","F13.180","sedative, hypnotic or anxiolytic abuse with sedative, hypnotic or anxiolytic-induced anxiety disorder"
"12","mental_health_disorders","F13.181","sedative, hypnotic or anxiolytic abuse with sedative, hypnotic or anxiolytic-induced sexual dysfunction"
"12","mental_health_disorders","F13.182","sedative, hypnotic or anxiolytic abuse with sedative, hypnotic or anxiolytic-induced sleep disorder"
"12","mental_health_disorders","F13.188","sedative, hypnotic or anxiolytic abuse with other sedative, hypnotic or anxiolytic-induced disorder"
"12","mental_health_disorders","F13.19","sedative, hypnotic or anxiolytic abuse with unspecified sedative, hypnotic or anxiolytic-induced disorder"
"12","mental_health_disorders","F13.2","sedative, hypnotic or anxiolytic-related dependence"
"12","mental_health_disorders","F13.20","sedative, hypnotic or anxiolytic dependence, uncomplicated"
"12","mental_health_disorders","F13.21","sedative, hypnotic or anxiolytic dependence, in remission"
"12","mental_health_disorders","F13.22","sedative, hypnotic or anxiolytic dependence with intoxication"
"12","mental_health_disorders","F13.220","sedative, hypnotic or anxiolytic dependence with intoxication, uncomplicated"
"12","mental_health_disorders","F13.221","sedative, hypnotic or anxiolytic dependence with intoxication delirium"
"12","mental_health_disorders","F13.229","sedative, hypnotic or anxiolytic dependence with intoxication, unspecified"
"12","mental_health_disorders","F13.23","sedative, hypnotic or anxiolytic dependence with withdrawal"
"12","mental_health_disorders","F13.230","sedative, hypnotic or anxiolytic dependence with withdrawal, uncomplicated"
"12","mental_health_disorders","F13.231","sedative, hypnotic or anxiolytic dependence with withdrawal delirium"
"12","mental_health_disorders","F13.232","sedative, hypnotic or anxiolytic dependence with withdrawal with perceptual disturbance"
"12","mental_health_disorders","F13.239","sedative, hypnotic or anxiolytic dependence with withdrawal, unspecified"
"12","mental_health_disorders","F13.24","sedative, hypnotic or anxiolytic dependence with sedative, hypnotic or anxiolytic-induced mood disorder"
"12","mental_health_disorders","F13.25","sedative, hypnotic or anxiolytic dependence with sedative, hypnotic or anxiolytic-induced psychotic disorder"
"12","mental_health_disorders","F13.250","sedative, hypnotic or anxiolytic dependence with sedative, hypnotic or anxiolytic-induced psychotic disorder with delusions"
"12","mental_health_disorders","F13.251","sedative, hypnotic or anxiolytic dependence with sedative, hypnotic or anxiolytic-induced psychotic disorder with hallucinations"
"12","mental_health_disorders","F13.259","sedative, hypnotic or anxiolytic dependence with sedative, hypnotic or anxiolytic-induced psychotic disorder, unspecified"
"12","mental_health_disorders","F13.26","sedative, hypnotic or anxiolytic dependence with sedative, hypnotic or anxiolytic-induced persisting amnestic disorder"
"12","mental_health_disorders","F13.27","sedative, hypnotic or anxiolytic dependence with sedative, hypnotic or anxiolytic-induced persisting dementia"
"12","mental_health_disorders","F13.28","sedative, hypnotic or anxiolytic dependence with other sedative, hypnotic or anxiolytic-induced disorders"
"12","mental_health_disorders","F13.280","sedative, hypnotic or anxiolytic dependence with sedative, hypnotic or anxiolytic-induced anxiety disorder"
"12","mental_health_disorders","F13.281","sedative, hypnotic or anxiolytic dependence with sedative, hypnotic or anxiolytic-induced sexual dysfunction"
"12","mental_health_disorders","F13.282","sedative, hypnotic or anxiolytic dependence with sedative, hypnotic or anxiolytic-induced sleep disorder"
"12","mental_health_disorders","F13.288","sedative, hypnotic or anxiolytic dependence with other sedative, hypnotic or anxiolytic-induced disorder"
"12","mental_health_disorders","F13.29","sedative, hypnotic or anxiolytic dependence with unspecified sedative, hypnotic or anxiolytic-induced disorder"
"12","mental_health_disorders","F13.9","sedative, hypnotic or anxiolytic-related use, unspecified"
"12","mental_health_disorders","F13.90","sedative, hypnotic, or anxiolytic use, unspecified, uncomplicated"
"12","mental_health_disorders","F13.91","sedative, hypnotic or anxiolytic use, unspecified, in remission"
"12","mental_health_disorders","F13.92","sedative, hypnotic or anxiolytic use, unspecified with intoxication"
"12","mental_health_disorders","F13.920","sedative, hypnotic or anxiolytic use, unspecified with intoxication, uncomplicated"
"12","mental_health_disorders","F13.921","sedative, hypnotic or anxiolytic use, unspecified with intoxication delirium"
"12","mental_health_disorders","F13.929","sedative, hypnotic or anxiolytic use, unspecified with intoxication, unspecified"
"12","mental_health_disorders","F13.93","sedative, hypnotic or anxiolytic use, unspecified with withdrawal"
"12","mental_health_disorders","F13.930","sedative, hypnotic or anxiolytic use, unspecified with withdrawal, uncomplicated"
"12","mental_health_disorders","F13.931","sedative, hypnotic or anxiolytic use, unspecified with withdrawal delirium"
"12","mental_health_disorders","F13.932","sedative, hypnotic or anxiolytic use, unspecified with withdrawal with perceptual disturbances"
"12","mental_health_disorders","F13.939","sedative, hypnotic or anxiolytic use, unspecified with withdrawal, unspecified"
"12","mental_health_disorders","F13.94","sedative, hypnotic or anxiolytic use, unspecified with sedative, hypnotic or anxiolytic-induced mood disorder"
"12","mental_health_disorders","F13.95","sedative, hypnotic or anxiolytic use, unspecified with sedative, hypnotic or anxiolytic-induced psychotic disorder"
"12","mental_health_disorders","F13.950","sedative, hypnotic or anxiolytic use, unspecified with sedative, hypnotic or anxiolytic-induced psychotic disorder with delusions"
"12","mental_health_disorders","F13.951","sedative, hypnotic or anxiolytic use, unspecified with sedative, hypnotic or anxiolytic-induced psychotic disorder with hallucinations"
"12","mental_health_disorders","F13.959","sedative, hypnotic or anxiolytic use, unspecified with sedative, hypnotic or anxiolytic-induced psychotic disorder, unspecified"
"12","mental_health_disorders","F13.96","sedative, hypnotic or anxiolytic use, unspecified with sedative, hypnotic or anxiolytic-induced persisting amnestic disorder"
"12","mental_health_disorders","F13.97","sedative, hypnotic or anxiolytic use, unspecified with sedative, hypnotic or anxiolytic-induced persisting dementia"
"12","mental_health_disorders","F13.98","sedative, hypnotic or anxiolytic use, unspecified with other sedative, hypnotic or anxiolytic-induced disorders"
"12","mental_health_disorders","F13.980","sedative, hypnotic or anxiolytic use, unspecified with sedative, hypnotic or anxiolytic-induced anxiety disorder"
"12","mental_health_disorders","F13.981","sedative, hypnotic or anxiolytic use, unspecified with sedative, hypnotic or anxiolytic-induced sexual dysfunction"
"12","mental_health_disorders","F13.982","sedative, hypnotic or anxiolytic use, unspecified with sedative, hypnotic or anxiolytic-induced sleep disorder"
"12","mental_health_disorders","F13.988","sedative, hypnotic or anxiolytic use, unspecified with other sedative, hypnotic or anxiolytic-induced disorder"
"12","mental_health_disorders","F13.99","sedative, hypnotic or anxiolytic use, unspecified with unspecified sedative, hypnotic or anxiolytic-induced disorder"
"12","mental_health_disorders","F14","cocaine related disorders"
"12","mental_health_disorders","F14.1","cocaine abuse"
"12","mental_health_disorders","F14.10","cocaine abuse, uncomplicated"
"12","mental_health_disorders","F14.11","cocaine abuse, in remission"
"12","mental_health_disorders","F14.12","cocaine abuse with intoxication"
"12","mental_health_disorders","F14.120","cocaine abuse with intoxication, uncomplicated"
"12","mental_health_disorders","F14.121","cocaine abuse with intoxication with delirium"
"12","mental_health_disorders","F14.122","cocaine abuse with intoxication with perceptual disturbance"
"12","mental_health_disorders","F14.129","cocaine abuse with intoxication, unspecified"
"12","mental_health_disorders","F14.13","cocaine abuse, unspecified with withdrawal"
"12","mental_health_disorders","F14.14","cocaine abuse with cocaine-induced mood disorder"
"12","mental_health_disorders","F14.15","cocaine abuse with cocaine-induced psychotic disorder"
"12","mental_health_disorders","F14.150","cocaine abuse with cocaine-induced psychotic disorder with delusions"
"12","mental_health_disorders","F14.151","cocaine abuse with cocaine-induced psychotic disorder with hallucinations"
"12","mental_health_disorders","F14.159","cocaine abuse with cocaine-induced psychotic disorder, unspecified"
"12","mental_health_disorders","F14.18","cocaine abuse with other cocaine-induced disorder"
"12","mental_health_disorders","F14.180","cocaine abuse with cocaine-induced anxiety disorder"
"12","mental_health_disorders","F14.181","cocaine abuse with cocaine-induced sexual dysfunction"
"12","mental_health_disorders","F14.182","cocaine abuse with cocaine-induced sleep disorder"
"12","mental_health_disorders","F14.188","cocaine abuse with other cocaine-induced disorder"
"12","mental_health_disorders","F14.19","cocaine abuse with unspecified cocaine-induced disorder"
"12","mental_health_disorders","F14.2","cocaine dependence"
"12","mental_health_disorders","F14.20","cocaine dependence, uncomplicated"
"12","mental_health_disorders","F14.21","cocaine dependence, in remission"
"12","mental_health_disorders","F14.22","cocaine dependence with intoxication"
"12","mental_health_disorders","F14.220","cocaine dependence with intoxication, uncomplicated"
"12","mental_health_disorders","F14.221","cocaine dependence with intoxication delirium"
"12","mental_health_disorders","F14.222","cocaine dependence with intoxication with perceptual disturbance"
"12","mental_health_disorders","F14.229","cocaine dependence with intoxication, unspecified"
"12","mental_health_disorders","F14.23","cocaine dependence with withdrawal"
"12","mental_health_disorders","F14.24","cocaine dependence with cocaine-induced mood disorder"
"12","mental_health_disorders","F14.25","cocaine dependence with cocaine-induced psychotic disorder"
"12","mental_health_disorders","F14.250","cocaine dependence with cocaine-induced psychotic disorder with delusions"
"12","mental_health_disorders","F14.251","cocaine dependence with cocaine-induced psychotic disorder with hallucinations"
"12","mental_health_disorders","F14.259","cocaine dependence with cocaine-induced psychotic disorder, unspecified"
"12","mental_health_disorders","F14.28","cocaine dependence with other cocaine-induced disorder"
"12","mental_health_disorders","F14.280","cocaine dependence with cocaine-induced anxiety disorder"
"12","mental_health_disorders","F14.281","cocaine dependence with cocaine-induced sexual dysfunction"
"12","mental_health_disorders","F14.282","cocaine dependence with cocaine-induced sleep disorder"
"12","mental_health_disorders","F14.288","cocaine dependence with other cocaine-induced disorder"
"12","mental_health_disorders","F14.29","cocaine dependence with unspecified cocaine-induced disorder"
"12","mental_health_disorders","F14.9","cocaine use, unspecified"
"12","mental_health_disorders","F14.90","cocaine use, unspecified, uncomplicated"
"12","mental_health_disorders","F14.91","cocaine use, unspecified, in remission"
"12","mental_health_disorders","F14.92","cocaine use, unspecified with intoxication"
"12","mental_health_disorders","F14.920","cocaine use, unspecified with intoxication, uncomplicated"
"12","mental_health_disorders","F14.921","cocaine use, unspecified with intoxication delirium"
"12","mental_health_disorders","F14.922","cocaine use, unspecified with intoxication with perceptual disturbance"
"12","mental_health_disorders","F14.929","cocaine use, unspecified with intoxication, unspecified"
"12","mental_health_disorders","F14.93","cocaine use, unspecified with withdrawal"
"12","mental_health_disorders","F14.94","cocaine use, unspecified with cocaine-induced mood disorder"
"12","mental_health_disorders","F14.95","cocaine use, unspecified with cocaine-induced psychotic disorder"
"12","mental_health_disorders","F14.950","cocaine use, unspecified with cocaine-induced psychotic disorder with delusions"
"12","mental_health_disorders","F14.951","cocaine use, unspecified with cocaine-induced psychotic disorder with hallucinations"
"12","mental_health_disorders","F14.959","cocaine use, unspecified with cocaine-induced psychotic disorder, unspecified"
"12","mental_health_disorders","F14.98","cocaine use, unspecified with other specified cocaine-induced disorder"
"12","mental_health_disorders","F14.980","cocaine use, unspecified with cocaine-induced anxiety disorder"
"12","mental_health_disorders","F14.981","cocaine use, unspecified with cocaine-induced sexual dysfunction"
"12","mental_health_disorders","F14.982","cocaine use, unspecified with cocaine-induced sleep disorder"
"12","mental_health_disorders","F14.988","cocaine use, unspecified with other cocaine-induced disorder"
"12","mental_health_disorders","F14.99","cocaine use, unspecified with unspecified cocaine-induced disorder"
"12","mental_health_disorders","F15","other stimulant related disorders"
"12","mental_health_disorders","F15.1","other stimulant abuse"
"12","mental_health_disorders","F15.10","other stimulant abuse, uncomplicated"
"12","mental_health_disorders","F15.11","other stimulant abuse, in remission"
"12","mental_health_disorders","F15.12","other stimulant abuse with intoxication"
"12","mental_health_disorders","F15.120","other stimulant abuse with intoxication, uncomplicated"
"12","mental_health_disorders","F15.121","other stimulant abuse with intoxication delirium"
"12","mental_health_disorders","F15.122","other stimulant abuse with intoxication with perceptual disturbance"
"12","mental_health_disorders","F15.129","other stimulant abuse with intoxication, unspecified"
"12","mental_health_disorders","F15.13","other stimulant abuse with withdrawal"
"12","mental_health_disorders","F15.14","other stimulant abuse with stimulant-induced mood disorder"
"12","mental_health_disorders","F15.15","other stimulant abuse with stimulant-induced psychotic disorder"
"12","mental_health_disorders","F15.150","other stimulant abuse with stimulant-induced psychotic disorder with delusions"
"12","mental_health_disorders","F15.151","other stimulant abuse with stimulant-induced psychotic disorder with hallucinations"
"12","mental_health_disorders","F15.159","other stimulant abuse with stimulant-induced psychotic disorder, unspecified"
"12","mental_health_disorders","F15.18","other stimulant abuse with other stimulant-induced disorder"
"12","mental_health_disorders","F15.180","other stimulant abuse with stimulant-induced anxiety disorder"
"12","mental_health_disorders","F15.181","other stimulant abuse with stimulant-induced sexual dysfunction"
"12","mental_health_disorders","F15.182","other stimulant abuse with stimulant-induced sleep disorder"
"12","mental_health_disorders","F15.188","other stimulant abuse with other stimulant-induced disorder"
"12","mental_health_disorders","F15.19","other stimulant abuse with unspecified stimulant-induced disorder"
"12","mental_health_disorders","F15.2","other stimulant dependence"
"12","mental_health_disorders","F15.20","other stimulant dependence, uncomplicated"
"12","mental_health_disorders","F15.21","other stimulant dependence, in remission"
"12","mental_health_disorders","F15.22","other stimulant dependence with intoxication"
"12","mental_health_disorders","F15.220","other stimulant dependence with intoxication, uncomplicated"
"12","mental_health_disorders","F15.221","other stimulant dependence with intoxication delirium"
"12","mental_health_disorders","F15.222","other stimulant dependence with intoxication with perceptual disturbance"
"12","mental_health_disorders","F15.229","other stimulant dependence with intoxication, unspecified"
"12","mental_health_disorders","F15.23","other stimulant dependence with withdrawal"
"12","mental_health_disorders","F15.24","other stimulant dependence with stimulant-induced mood disorder"
"12","mental_health_disorders","F15.25","other stimulant dependence with stimulant-induced psychotic disorder"
"12","mental_health_disorders","F15.250","other stimulant dependence with stimulant-induced psychotic disorder with delusions"
"12","mental_health_disorders","F15.251","other stimulant dependence with stimulant-induced psychotic disorder with hallucinations"
"12","mental_health_disorders","F15.259","other stimulant dependence with stimulant-induced psychotic disorder, unspecified"
"12","mental_health_disorders","F15.28","other stimulant dependence with other stimulant-induced disorder"
"12","mental_health_disorders","F15.280","other stimulant dependence with stimulant-induced anxiety disorder"
"12","mental_health_disorders","F15.281","other stimulant dependence with stimulant-induced sexual dysfunction"
"12","mental_health_disorders","F15.282","other stimulant dependence with stimulant-induced sleep disorder"
"12","mental_health_disorders","F15.288","other stimulant dependence with other stimulant-induced disorder"
"12","mental_health_disorders","F15.29","other stimulant dependence with unspecified stimulant-induced disorder"
"12","mental_health_disorders","F15.9","other stimulant use, unspecified"
"12","mental_health_disorders","F15.90","other stimulant use, unspecified, uncomplicated"
"12","mental_health_disorders","F15.91","other stimulant use, unspecified, in remission"
"12","mental_health_disorders","F15.92","other stimulant use, unspecified with intoxication"
"12","mental_health_disorders","F15.920","other stimulant use, unspecified with intoxication, uncomplicated"
"12","mental_health_disorders","F15.921","other stimulant use, unspecified with intoxication delirium"
"12","mental_health_disorders","F15.922","other stimulant use, unspecified with intoxication with perceptual disturbance"
"12","mental_health_disorders","F15.929","other stimulant use, unspecified with intoxication, unspecified"
"12","mental_health_disorders","F15.93","other stimulant use, unspecified with withdrawal"
"12","mental_health_disorders","F15.94","other stimulant use, unspecified with stimulant-induced mood disorder"
"12","mental_health_disorders","F15.95","other stimulant use, unspecified with stimulant-induced psychotic disorder"
"12","mental_health_disorders","F15.950","other stimulant use, unspecified with stimulant-induced psychotic disorder with delusions"
"12","mental_health_disorders","F15.951","other stimulant use, unspecified with stimulant-induced psychotic disorder with hallucinations"
"12","mental_health_disorders","F15.959","other stimulant use, unspecified with stimulant-induced psychotic disorder, unspecified"
"12","mental_health_disorders","F15.98","other stimulant use, unspecified with other stimulant-induced disorder"
"12","mental_health_disorders","F15.980","other stimulant use, unspecified with stimulant-induced anxiety disorder"
"12","mental_health_disorders","F15.981","other stimulant use, unspecified with stimulant-induced sexual dysfunction"
"12","mental_health_disorders","F15.982","other stimulant use, unspecified with stimulant-induced sleep disorder"
"12","mental_health_disorders","F15.988","other stimulant use, unspecified with other stimulant-induced disorder"
"12","mental_health_disorders","F15.99","other stimulant use, unspecified with unspecified stimulant-induced disorder"
"12","mental_health_disorders","F16","hallucinogen related disorders"
"12","mental_health_disorders","F16.1","hallucinogen abuse"
"12","mental_health_disorders","F16.10","hallucinogen abuse, uncomplicated"
"12","mental_health_disorders","F16.11","hallucinogen abuse, in remission"
"12","mental_health_disorders","F16.12","hallucinogen abuse with intoxication"
"12","mental_health_disorders","F16.120","hallucinogen abuse with intoxication, uncomplicated"
"12","mental_health_disorders","F16.121","hallucinogen abuse with intoxication with delirium"
"12","mental_health_disorders","F16.122","hallucinogen abuse with intoxication with perceptual disturbance"
"12","mental_health_disorders","F16.129","hallucinogen abuse with intoxication, unspecified"
"12","mental_health_disorders","F16.14","hallucinogen abuse with hallucinogen-induced mood disorder"
"12","mental_health_disorders","F16.15","hallucinogen abuse with hallucinogen-induced psychotic disorder"
"12","mental_health_disorders","F16.150","hallucinogen abuse with hallucinogen-induced psychotic disorder with delusions"
"12","mental_health_disorders","F16.151","hallucinogen abuse with hallucinogen-induced psychotic disorder with hallucinations"
"12","mental_health_disorders","F16.159","hallucinogen abuse with hallucinogen-induced psychotic disorder, unspecified"
"12","mental_health_disorders","F16.18","hallucinogen abuse with other hallucinogen-induced disorder"
"12","mental_health_disorders","F16.180","hallucinogen abuse with hallucinogen-induced anxiety disorder"
"12","mental_health_disorders","F16.183","hallucinogen abuse with hallucinogen persisting perception disorder (flashbacks)"
"12","mental_health_disorders","F16.188","hallucinogen abuse with other hallucinogen-induced disorder"
"12","mental_health_disorders","F16.19","hallucinogen abuse with unspecified hallucinogen-induced disorder"
"12","mental_health_disorders","F16.2","hallucinogen dependence"
"12","mental_health_disorders","F16.20","hallucinogen dependence, uncomplicated"
"12","mental_health_disorders","F16.21","hallucinogen dependence, in remission"
"12","mental_health_disorders","F16.22","hallucinogen dependence with intoxication"
"12","mental_health_disorders","F16.220","hallucinogen dependence with intoxication, uncomplicated"
"12","mental_health_disorders","F16.221","hallucinogen dependence with intoxication with delirium"
"12","mental_health_disorders","F16.229","hallucinogen dependence with intoxication, unspecified"
"12","mental_health_disorders","F16.24","hallucinogen dependence with hallucinogen-induced mood disorder"
"12","mental_health_disorders","F16.25","hallucinogen dependence with hallucinogen-induced psychotic disorder"
"12","mental_health_disorders","F16.250","hallucinogen dependence with hallucinogen-induced psychotic disorder with delusions"
"12","mental_health_disorders","F16.251","hallucinogen dependence with hallucinogen-induced psychotic disorder with hallucinations"
"12","mental_health_disorders","F16.259","hallucinogen dependence with hallucinogen-induced psychotic disorder, unspecified"
"12","mental_health_disorders","F16.28","hallucinogen dependence with other hallucinogen-induced disorder"
"12","mental_health_disorders","F16.280","hallucinogen dependence with hallucinogen-induced anxiety disorder"
"12","mental_health_disorders","F16.283","hallucinogen dependence with hallucinogen persisting perception disorder (flashbacks)"
"12","mental_health_disorders","F16.288","hallucinogen dependence with other hallucinogen-induced disorder"
"12","mental_health_disorders","F16.29","hallucinogen dependence with unspecified hallucinogen-induced disorder"
"12","mental_health_disorders","F16.9","hallucinogen use, unspecified"
"12","mental_health_disorders","F16.90","hallucinogen use, unspecified, uncomplicated"
"12","mental_health_disorders","F16.91","hallucinogen use, unspecified, in remission"
"12","mental_health_disorders","F16.92","hallucinogen use, unspecified with intoxication"
"12","mental_health_disorders","F16.920","hallucinogen use, unspecified with intoxication, uncomplicated"
"12","mental_health_disorders","F16.921","hallucinogen use, unspecified with intoxication with delirium"
"12","mental_health_disorders","F16.929","hallucinogen use, unspecified with intoxication, unspecified"
"12","mental_health_disorders","F16.94","hallucinogen use, unspecified with hallucinogen-induced mood disorder"
"12","mental_health_disorders","F16.95","hallucinogen use, unspecified with hallucinogen-induced psychotic disorder"
"12","mental_health_disorders","F16.950","hallucinogen use, unspecified with hallucinogen-induced psychotic disorder with delusions"
"12","mental_health_disorders","F16.951","hallucinogen use, unspecified with hallucinogen-induced psychotic disorder with hallucinations"
"12","mental_health_disorders","F16.959","hallucinogen use, unspecified with hallucinogen-induced psychotic disorder, unspecified"
"12","mental_health_disorders","F16.98","hallucinogen use, unspecified with other specified hallucinogen-induced disorder"
"12","mental_health_disorders","F16.980","hallucinogen use, unspecified with hallucinogen-induced anxiety disorder"
"12","mental_health_disorders","F16.983","hallucinogen use, unspecified with hallucinogen persisting perception disorder (flashbacks)"
"12","mental_health_disorders","F16.988","hallucinogen use, unspecified with other hallucinogen-induced disorder"
"12","mental_health_disorders","F16.99","hallucinogen use, unspecified with unspecified hallucinogen-induced disorder"
"12","mental_health_disorders","F17","nicotine dependence"
"12","mental_health_disorders","F17.2","nicotine dependence"
"12","mental_health_disorders","F17.20","nicotine dependence, unspecified"
"12","mental_health_disorders","F17.200","nicotine dependence, unspecified, uncomplicated"
"12","mental_health_disorders","F17.201","nicotine dependence, unspecified, in remission"
"12","mental_health_disorders","F17.203","nicotine dependence unspecified, with withdrawal"
"12","mental_health_disorders","F17.208","nicotine dependence, unspecified, with other nicotine-induced disorders"
"12","mental_health_disorders","F17.209","nicotine dependence, unspecified, with unspecified nicotine-induced disorders"
"12","mental_health_disorders","F17.21","nicotine dependence, cigarettes"
"12","mental_health_disorders","F17.210","nicotine dependence, cigarettes, uncomplicated"
"12","mental_health_disorders","F17.211","nicotine dependence, cigarettes, in remission"
"12","mental_health_disorders","F17.213","nicotine dependence, cigarettes, with withdrawal"
"12","mental_health_disorders","F17.218","nicotine dependence, cigarettes, with other nicotine-induced disorders"
"12","mental_health_disorders","F17.219","nicotine dependence, cigarettes, with unspecified nicotine-induced disorders"
"12","mental_health_disorders","F17.22","nicotine dependence, chewing tobacco"
"12","mental_health_disorders","F17.220","nicotine dependence, chewing tobacco, uncomplicated"
"12","mental_health_disorders","F17.221","nicotine dependence, chewing tobacco, in remission"
"12","mental_health_disorders","F17.223","nicotine dependence, chewing tobacco, with withdrawal"
"12","mental_health_disorders","F17.228","nicotine dependence, chewing tobacco, with other nicotine-induced disorders"
"12","mental_health_disorders","F17.229","nicotine dependence, chewing tobacco, with unspecified nicotine-induced disorders"
"12","mental_health_disorders","F17.29","nicotine dependence, other tobacco product"
"12","mental_health_disorders","F17.290","nicotine dependence, other tobacco product, uncomplicated"
"12","mental_health_disorders","F17.291","nicotine dependence, other tobacco product, in remission"
"12","mental_health_disorders","F17.293","nicotine dependence, other tobacco product, with withdrawal"
"12","mental_health_disorders","F17.298","nicotine dependence, other tobacco product, with other nicotine-induced disorders"
"12","mental_health_disorders","F17.299","nicotine dependence, other tobacco product, with unspecified nicotine-induced disorders"
"12","mental_health_disorders","F18","inhalant related disorders"
"12","mental_health_disorders","F18.1","inhalant abuse"
"12","mental_health_disorders","F18.10","inhalant abuse, uncomplicated"
"12","mental_health_disorders","F18.11","inhalant abuse, in remission"
"12","mental_health_disorders","F18.12","inhalant abuse with intoxication"
"12","mental_health_disorders","F18.120","inhalant abuse with intoxication, uncomplicated"
"12","mental_health_disorders","F18.121","inhalant abuse with intoxication delirium"
"12","mental_health_disorders","F18.129","inhalant abuse with intoxication, unspecified"
"12","mental_health_disorders","F18.14","inhalant abuse with inhalant-induced mood disorder"
"12","mental_health_disorders","F18.15","inhalant abuse with inhalant-induced psychotic disorder"
"12","mental_health_disorders","F18.150","inhalant abuse with inhalant-induced psychotic disorder with delusions"
"12","mental_health_disorders","F18.151","inhalant abuse with inhalant-induced psychotic disorder with hallucinations"
"12","mental_health_disorders","F18.159","inhalant abuse with inhalant-induced psychotic disorder, unspecified"
"12","mental_health_disorders","F18.17","inhalant abuse with inhalant-induced dementia"
"12","mental_health_disorders","F18.18","inhalant abuse with other inhalant-induced disorders"
"12","mental_health_disorders","F18.180","inhalant abuse with inhalant-induced anxiety disorder"
"12","mental_health_disorders","F18.188","inhalant abuse with other inhalant-induced disorder"
"12","mental_health_disorders","F18.19","inhalant abuse with unspecified inhalant-induced disorder"
"12","mental_health_disorders","F18.2","inhalant dependence"
"12","mental_health_disorders","F18.20","inhalant dependence, uncomplicated"
"12","mental_health_disorders","F18.21","inhalant dependence, in remission"
"12","mental_health_disorders","F18.22","inhalant dependence with intoxication"
"12","mental_health_disorders","F18.220","inhalant dependence with intoxication, uncomplicated"
"12","mental_health_disorders","F18.221","inhalant dependence with intoxication delirium"
"12","mental_health_disorders","F18.229","inhalant dependence with intoxication, unspecified"
"12","mental_health_disorders","F18.24","inhalant dependence with inhalant-induced mood disorder"
"12","mental_health_disorders","F18.25","inhalant dependence with inhalant-induced psychotic disorder"
"12","mental_health_disorders","F18.250","inhalant dependence with inhalant-induced psychotic disorder with delusions"
"12","mental_health_disorders","F18.251","inhalant dependence with inhalant-induced psychotic disorder with hallucinations"
"12","mental_health_disorders","F18.259","inhalant dependence with inhalant-induced psychotic disorder, unspecified"
"12","mental_health_disorders","F18.27","inhalant dependence with inhalant-induced dementia"
"12","mental_health_disorders","F18.28","inhalant dependence with other inhalant-induced disorders"
"12","mental_health_disorders","F18.280","inhalant dependence with inhalant-induced anxiety disorder"
"12","mental_health_disorders","F18.288","inhalant dependence with other inhalant-induced disorder"
"12","mental_health_disorders","F18.29","inhalant dependence with unspecified inhalant-induced disorder"
"12","mental_health_disorders","F18.9","inhalant use, unspecified"
"12","mental_health_disorders","F18.90","inhalant use, unspecified, uncomplicated"
"12","mental_health_disorders","F18.91","inhalant use, unspecified, in remission"
"12","mental_health_disorders","F18.92","inhalant use, unspecified with intoxication"
"12","mental_health_disorders","F18.920","inhalant use, unspecified with intoxication, uncomplicated"
"12","mental_health_disorders","F18.921","inhalant use, unspecified with intoxication with delirium"
"12","mental_health_disorders","F18.929","inhalant use, unspecified with intoxication, unspecified"
"12","mental_health_disorders","F18.94","inhalant use, unspecified with inhalant-induced mood disorder"
"12","mental_health_disorders","F18.95","inhalant use, unspecified with inhalant-induced psychotic disorder"
"12","mental_health_disorders","F18.950","inhalant use, unspecified with inhalant-induced psychotic disorder with delusions"
"12","mental_health_disorders","F18.951","inhalant use, unspecified with inhalant-induced psychotic disorder with hallucinations"
"12","mental_health_disorders","F18.959","inhalant use, unspecified with inhalant-induced psychotic disorder, unspecified"
"12","mental_health_disorders","F18.97","inhalant use, unspecified with inhalant-induced persisting dementia"
"12","mental_health_disorders","F18.98","inhalant use, unspecified with other inhalant-induced disorders"
"12","mental_health_disorders","F18.980","inhalant use, unspecified with inhalant-induced anxiety disorder"
"12","mental_health_disorders","F18.988","inhalant use, unspecified with other inhalant-induced disorder"
"12","mental_health_disorders","F18.99","inhalant use, unspecified with unspecified inhalant-induced disorder"
"12","mental_health_disorders","F19","other psychoactive substance related disorders"
"12","mental_health_disorders","F19.1","other psychoactive substance abuse"
"12","mental_health_disorders","F19.10","other psychoactive substance abuse, uncomplicated"
"12","mental_health_disorders","F19.11","other psychoactive substance abuse, in remission"
"12","mental_health_disorders","F19.12","other psychoactive substance abuse with intoxication"
"12","mental_health_disorders","F19.120","other psychoactive substance abuse with intoxication, uncomplicated"
"12","mental_health_disorders","F19.121","other psychoactive substance abuse with intoxication delirium"
"12","mental_health_disorders","F19.122","other psychoactive substance abuse with intoxication with perceptual disturbances"
"12","mental_health_disorders","F19.129","other psychoactive substance abuse with intoxication, unspecified"
"12","mental_health_disorders","F19.13","other psychoactive substance abuse with withdrawal"
"12","mental_health_disorders","F19.130","other psychoactive substance abuse with withdrawal, uncomplicated"
"12","mental_health_disorders","F19.131","other psychoactive substance abuse with withdrawal delirium"
"12","mental_health_disorders","F19.132","other psychoactive substance abuse with withdrawal with perceptual disturbance"
"12","mental_health_disorders","F19.139","other psychoactive substance abuse with withdrawal, unspecified"
"12","mental_health_disorders","F19.14","other psychoactive substance abuse with psychoactive substance-induced mood disorder"
"12","mental_health_disorders","F19.15","other psychoactive substance abuse with psychoactive substance-induced psychotic disorder"
"12","mental_health_disorders","F19.150","other psychoactive substance abuse with psychoactive substance-induced psychotic disorder with delusions"
"12","mental_health_disorders","F19.151","other psychoactive substance abuse with psychoactive substance-induced psychotic disorder with hallucinations"
"12","mental_health_disorders","F19.159","other psychoactive substance abuse with psychoactive substance-induced psychotic disorder, unspecified"
"12","mental_health_disorders","F19.16","other psychoactive substance abuse with psychoactive substance-induced persisting amnestic disorder"
"12","mental_health_disorders","F19.17","other psychoactive substance abuse with psychoactive substance-induced persisting dementia"
"12","mental_health_disorders","F19.18","other psychoactive substance abuse with other psychoactive substance-induced disorders"
"12","mental_health_disorders","F19.180","other psychoactive substance abuse with psychoactive substance-induced anxiety disorder"
"12","mental_health_disorders","F19.181","other psychoactive substance abuse with psychoactive substance-induced sexual dysfunction"
"12","mental_health_disorders","F19.182","other psychoactive substance abuse with psychoactive substance-induced sleep disorder"
"12","mental_health_disorders","F19.188","other psychoactive substance abuse with other psychoactive substance-induced disorder"
"12","mental_health_disorders","F19.19","other psychoactive substance abuse with unspecified psychoactive substance-induced disorder"
"12","mental_health_disorders","F19.2","other psychoactive substance dependence"
"12","mental_health_disorders","F19.20","other psychoactive substance dependence, uncomplicated"
"12","mental_health_disorders","F19.21","other psychoactive substance dependence, in remission"
"12","mental_health_disorders","F19.22","other psychoactive substance dependence with intoxication"
"12","mental_health_disorders","F19.220","other psychoactive substance dependence with intoxication, uncomplicated"
"12","mental_health_disorders","F19.221","other psychoactive substance dependence with intoxication delirium"
"12","mental_health_disorders","F19.222","other psychoactive substance dependence with intoxication with perceptual disturbance"
"12","mental_health_disorders","F19.229","other psychoactive substance dependence with intoxication, unspecified"
"12","mental_health_disorders","F19.23","other psychoactive substance dependence with withdrawal"
"12","mental_health_disorders","F19.230","other psychoactive substance dependence with withdrawal, uncomplicated"
"12","mental_health_disorders","F19.231","other psychoactive substance dependence with withdrawal delirium"
"12","mental_health_disorders","F19.232","other psychoactive substance dependence with withdrawal with perceptual disturbance"
"12","mental_health_disorders","F19.239","other psychoactive substance dependence with withdrawal, unspecified"
"12","mental_health_disorders","F19.24","other psychoactive substance dependence with psychoactive substance-induced mood disorder"
"12","mental_health_disorders","F19.25","other psychoactive substance dependence with psychoactive substance-induced psychotic disorder"
"12","mental_health_disorders","F19.250","other psychoactive substance dependence with psychoactive substance-induced psychotic disorder with delusions"
"12","mental_health_disorders","F19.251","other psychoactive substance dependence with psychoactive substance-induced psychotic disorder with hallucinations"
"12","mental_health_disorders","F19.259","other psychoactive substance dependence with psychoactive substance-induced psychotic disorder, unspecified"
"12","mental_health_disorders","F19.26","other psychoactive substance dependence with psychoactive substance-induced persisting amnestic disorder"
"12","mental_health_disorders","F19.27","other psychoactive substance dependence with psychoactive substance-induced persisting dementia"
"12","mental_health_disorders","F19.28","other psychoactive substance dependence with other psychoactive substance-induced disorders"
"12","mental_health_disorders","F19.280","other psychoactive substance dependence with psychoactive substance-induced anxiety disorder"
"12","mental_health_disorders","F19.281","other psychoactive substance dependence with psychoactive substance-induced sexual dysfunction"
"12","mental_health_disorders","F19.282","other psychoactive substance dependence with psychoactive substance-induced sleep disorder"
"12","mental_health_disorders","F19.288","other psychoactive substance dependence with other psychoactive substance-induced disorder"
"12","mental_health_disorders","F19.29","other psychoactive substance dependence with unspecified psychoactive substance-induced disorder"
"12","mental_health_disorders","F19.9","other psychoactive substance use, unspecified"
"12","mental_health_disorders","F19.90","other psychoactive substance use, unspecified, uncomplicated"
"12","mental_health_disorders","F19.91","other psychoactive substance use, unspecified, in remission"
"12","mental_health_disorders","F19.92","other psychoactive substance use, unspecified with intoxication"
"12","mental_health_disorders","F19.920","other psychoactive substance use, unspecified with intoxication, uncomplicated"
"12","mental_health_disorders","F19.921","other psychoactive substance use, unspecified with intoxication with delirium"
"12","mental_health_disorders","F19.922","other psychoactive substance use, unspecified with intoxication with perceptual disturbance"
"12","mental_health_disorders","F19.929","other psychoactive substance use, unspecified with intoxication, unspecified"
"12","mental_health_disorders","F19.93","other psychoactive substance use, unspecified with withdrawal"
"12","mental_health_disorders","F19.930","other psychoactive substance use, unspecified with withdrawal, uncomplicated"
"12","mental_health_disorders","F19.931","other psychoactive substance use, unspecified with withdrawal delirium"
"12","mental_health_disorders","F19.932","other psychoactive substance use, unspecified with withdrawal with perceptual disturbance"
"12","mental_health_disorders","F19.939","other psychoactive substance use, unspecified with withdrawal, unspecified"
"12","mental_health_disorders","F19.94","other psychoactive substance use, unspecified with psychoactive substance-induced mood disorder"
"12","mental_health_disorders","F19.95","other psychoactive substance use, unspecified with psychoactive substance-induced psychotic disorder"
"12","mental_health_disorders","F19.950","other psychoactive substance use, unspecified with psychoactive substance-induced psychotic disorder with delusions"
"12","mental_health_disorders","F19.951","other psychoactive substance use, unspecified with psychoactive substance-induced psychotic disorder with hallucinations"
"12","mental_health_disorders","F19.959","other psychoactive substance use, unspecified with psychoactive substance-induced psychotic disorder, unspecified"
"12","mental_health_disorders","F19.96","other psychoactive substance use, unspecified with psychoactive substance-induced persisting amnestic disorder"
"12","mental_health_disorders","F19.97","other psychoactive substance use, unspecified with psychoactive substance-induced persisting dementia"
"12","mental_health_disorders","F19.98","other psychoactive substance use, unspecified with other psychoactive substance-induced disorders"
"12","mental_health_disorders","F19.980","other psychoactive substance use, unspecified with psychoactive substance-induced anxiety disorder"
"12","mental_health_disorders","F19.981","other psychoactive substance use, unspecified with psychoactive substance-induced sexual dysfunction"
"12","mental_health_disorders","F19.982","other psychoactive substance use, unspecified with psychoactive substance-induced sleep disorder"
"12","mental_health_disorders","F19.988","other psychoactive substance use, unspecified with other psychoactive substance-induced disorder"
"12","mental_health_disorders","F19.99","other psychoactive substance use, unspecified with unspecified psychoactive substance-induced disorder"
"12","mental_health_disorders","F20","schizophrenia"
"12","mental_health_disorders","F20.0","paranoid schizophrenia"
"12","mental_health_disorders","F20.1","disorganized schizophrenia"
"12","mental_health_disorders","F20.2","catatonic schizophrenia"
"12","mental_health_disorders","F20.3","undifferentiated schizophrenia"
"12","mental_health_disorders","F20.5","residual schizophrenia"
"12","mental_health_disorders","F20.8","other schizophrenia"
"12","mental_health_disorders","F20.81","schizophreniform disorder"
"12","mental_health_disorders","F20.89","other schizophrenia"
"12","mental_health_disorders","F20.9","schizophrenia, unspecified"
"12","mental_health_disorders","F21","schizotypal disorder"
"12","mental_health_disorders","F22","delusional disorders"
"12","mental_health_disorders","F23","brief psychotic disorder"
"12","mental_health_disorders","F24","shared psychotic disorder"
"12","mental_health_disorders","F25","schizoaffective disorders"
"12","mental_health_disorders","F25.0","schizoaffective disorder, bipolar type"
"12","mental_health_disorders","F25.1","schizoaffective disorder, depressive type"
"12","mental_health_disorders","F25.8","other schizoaffective disorders"
"12","mental_health_disorders","F25.9","schizoaffective disorder, unspecified"
"12","mental_health_disorders","F28","other psychotic disorder not due to a substance or known physiological condition"
"12","mental_health_disorders","F29","unspecified psychosis not due to a substance or known physiological condition"
"12","mental_health_disorders","F30","manic episode"
"12","mental_health_disorders","F30.1","manic episode without psychotic symptoms"
"12","mental_health_disorders","F30.10","manic episode without psychotic symptoms, unspecified"
"12","mental_health_disorders","F30.11","manic episode without psychotic symptoms, mild"
"12","mental_health_disorders","F30.12","manic episode without psychotic symptoms, moderate"
"12","mental_health_disorders","F30.13","manic episode, severe, without psychotic symptoms"
"12","mental_health_disorders","F30.2","manic episode, severe with psychotic symptoms"
"12","mental_health_disorders","F30.3","manic episode in partial remission"
"12","mental_health_disorders","F30.4","manic episode in full remission"
"12","mental_health_disorders","F30.8","other manic episodes"
"12","mental_health_disorders","F30.9","manic episode, unspecified"
"12","mental_health_disorders","F31","bipolar disorder"
"12","mental_health_disorders","F31.0","bipolar disorder, current episode hypomanic"
"12","mental_health_disorders","F31.1","bipolar disorder, current episode manic without psychotic features"
"12","mental_health_disorders","F31.10","bipolar disorder, current episode manic without psychotic features, unspecified"
"12","mental_health_disorders","F31.11","bipolar disorder, current episode manic without psychotic features, mild"
"12","mental_health_disorders","F31.12","bipolar disorder, current episode manic without psychotic features, moderate"
"12","mental_health_disorders","F31.13","bipolar disorder, current episode manic without psychotic features, severe"
"12","mental_health_disorders","F31.2","bipolar disorder, current episode manic severe with psychotic features"
"12","mental_health_disorders","F31.3","bipolar disorder, current episode depressed, mild or moderate severity"
"12","mental_health_disorders","F31.30","bipolar disorder, current episode depressed, mild or moderate severity, unspecified"
"12","mental_health_disorders","F31.31","bipolar disorder, current episode depressed, mild"
"12","mental_health_disorders","F31.32","bipolar disorder, current episode depressed, moderate"
"12","mental_health_disorders","F31.4","bipolar disorder, current episode depressed, severe, without psychotic features"
"12","mental_health_disorders","F31.5","bipolar disorder, current episode depressed, severe, with psychotic features"
"12","mental_health_disorders","F31.6","bipolar disorder, current episode mixed"
"12","mental_health_disorders","F31.60","bipolar disorder, current episode mixed, unspecified"
"12","mental_health_disorders","F31.61","bipolar disorder, current episode mixed, mild"
"12","mental_health_disorders","F31.62","bipolar disorder, current episode mixed, moderate"
"12","mental_health_disorders","F31.63","bipolar disorder, current episode mixed, severe, without psychotic features"
"12","mental_health_disorders","F31.64","bipolar disorder, current episode mixed, severe, with psychotic features"
"12","mental_health_disorders","F31.7","bipolar disorder, currently in remission"
"12","mental_health_disorders","F31.70","bipolar disorder, currently in remission, most recent episode unspecified"
"12","mental_health_disorders","F31.71","bipolar disorder, in partial remission, most recent episode hypomanic"
"12","mental_health_disorders","F31.72","bipolar disorder, in full remission, most recent episode hypomanic"
"12","mental_health_disorders","F31.73","bipolar disorder, in partial remission, most recent episode manic"
"12","mental_health_disorders","F31.74","bipolar disorder, in full remission, most recent episode manic"
"12","mental_health_disorders","F31.75","bipolar disorder, in partial remission, most recent episode depressed"
"12","mental_health_disorders","F31.76","bipolar disorder, in full remission, most recent episode depressed"
"12","mental_health_disorders","F31.77","bipolar disorder, in partial remission, most recent episode mixed"
"12","mental_health_disorders","F31.78","bipolar disorder, in full remission, most recent episode mixed"
"12","mental_health_disorders","F31.8","other bipolar disorders"
"12","mental_health_disorders","F31.81","bipolar ii disorder"
"12","mental_health_disorders","F31.89","other bipolar disorder"
"12","mental_health_disorders","F31.9","bipolar disorder, unspecified"
"12","mental_health_disorders","F32","depressive episode"
"12","mental_health_disorders","F32.0","major depressive disorder, single episode, mild"
"12","mental_health_disorders","F32.1","major depressive disorder, single episode, moderate"
"12","mental_health_disorders","F32.2","major depressive disorder, single episode, severe without psychotic features"
"12","mental_health_disorders","F32.3","major depressive disorder, single episode, severe with psychotic features"
"12","mental_health_disorders","F32.4","major depressive disorder, single episode, in partial remission"
"12","mental_health_disorders","F32.5","major depressive disorder, single episode, in full remission"
"12","mental_health_disorders","F32.8","other depressive episodes"
"12","mental_health_disorders","F32.81","premenstrual dysphoric disorder"
"12","mental_health_disorders","F32.89","other specified depressive episodes"
"12","mental_health_disorders","F32.9","major depressive disorder, single episode, unspecified"
"12","mental_health_disorders","F32.A","depression, unspecified"
"12","mental_health_disorders","F33","major depressive disorder, recurrent"
"12","mental_health_disorders","F33.0","major depressive disorder, recurrent, mild"
"12","mental_health_disorders","F33.1","major depressive disorder, recurrent, moderate"
"12","mental_health_disorders","F33.2","major depressive disorder, recurrent severe without psychotic features"
"12","mental_health_disorders","F33.3","major depressive disorder, recurrent, severe with psychotic symptoms"
"12","mental_health_disorders","F33.4","major depressive disorder, recurrent, in remission"
"12","mental_health_disorders","F33.40","major depressive disorder, recurrent, in remission, unspecified"
"12","mental_health_disorders","F33.41","major depressive disorder, recurrent, in partial remission"
"12","mental_health_disorders","F33.42","major depressive disorder, recurrent, in full remission"
"12","mental_health_disorders","F33.8","other recurrent depressive disorders"
"12","mental_health_disorders","F33.9","major depressive disorder, recurrent, unspecified"
"12","mental_health_disorders","F34","persistent mood [affective] disorders"
"12","mental_health_disorders","F34.0","cyclothymic disorder"
"12","mental_health_disorders","F34.1","dysthymic disorder"
"12","mental_health_disorders","F34.8","other persistent mood [affective] disorders"
"12","mental_health_disorders","F34.81","disruptive mood dysregulation disorder"
"12","mental_health_disorders","F34.89","other specified persistent mood disorders"
"12","mental_health_disorders","F34.9","persistent mood [affective] disorder, unspecified"
"12","mental_health_disorders","F39","unspecified mood [affective] disorder"
"12","mental_health_disorders","F40","phobic anxiety disorders"
"12","mental_health_disorders","F40.0","agoraphobia"
"12","mental_health_disorders","F40.00","agoraphobia, unspecified"
"12","mental_health_disorders","F40.01","agoraphobia with panic disorder"
"12","mental_health_disorders","F40.02","agoraphobia without panic disorder"
"12","mental_health_disorders","F40.1","social phobias"
"12","mental_health_disorders","F40.10","social phobia, unspecified"
"12","mental_health_disorders","F40.11","social phobia, generalized"
"12","mental_health_disorders","F40.2","specific (isolated) phobias"
"12","mental_health_disorders","F40.21","animal type phobia"
"12","mental_health_disorders","F40.210","arachnophobia"
"12","mental_health_disorders","F40.218","other animal type phobia"
"12","mental_health_disorders","F40.22","natural environment type phobia"
"12","mental_health_disorders","F40.220","fear of thunderstorms"
"12","mental_health_disorders","F40.228","other natural environment type phobia"
"12","mental_health_disorders","F40.23","blood, injection, injury type phobia"
"12","mental_health_disorders","F40.230","fear of blood"
"12","mental_health_disorders","F40.231","fear of injections and transfusions"
"12","mental_health_disorders","F40.232","fear of other medical care"
"12","mental_health_disorders","F40.233","fear of injury"
"12","mental_health_disorders","F40.24","situational type phobia"
"12","mental_health_disorders","F40.240","claustrophobia"
"12","mental_health_disorders","F40.241","acrophobia"
"12","mental_health_disorders","F40.242","fear of bridges"
"12","mental_health_disorders","F40.243","fear of flying"
"12","mental_health_disorders","F40.248","other situational type phobia"
"12","mental_health_disorders","F40.29","other specified phobia"
"12","mental_health_disorders","F40.290","androphobia"
"12","mental_health_disorders","F40.291","gynephobia"
"12","mental_health_disorders","F40.298","other specified phobia"
"12","mental_health_disorders","F40.8","other phobic anxiety disorders"
"12","mental_health_disorders","F40.9","phobic anxiety disorder, unspecified"
"12","mental_health_disorders","F41","other anxiety disorders"
"12","mental_health_disorders","F41.0","panic disorder [episodic paroxysmal anxiety]"
"12","mental_health_disorders","F41.1","generalized anxiety disorder"
"12","mental_health_disorders","F41.3","other mixed anxiety disorders"
"12","mental_health_disorders","F41.8","other specified anxiety disorders"
"12","mental_health_disorders","F41.9","anxiety disorder, unspecified"
"12","mental_health_disorders","F42","obsessive-compulsive disorder"
"12","mental_health_disorders","F42.2","mixed obsessional thoughts and acts"
"12","mental_health_disorders","F42.3","hoarding disorder"
"12","mental_health_disorders","F42.4","excoriation (skin-picking) disorder"
"12","mental_health_disorders","F42.8","other obsessive-compulsive disorder"
"12","mental_health_disorders","F42.9","obsessive-compulsive disorder, unspecified"
"12","mental_health_disorders","F43","reaction to severe stress, and adjustment disorders"
"12","mental_health_disorders","F43.0","acute stress reaction"
"12","mental_health_disorders","F43.1","post-traumatic stress disorder (ptsd)"
"12","mental_health_disorders","F43.10","post-traumatic stress disorder, unspecified"
"12","mental_health_disorders","F43.11","post-traumatic stress disorder, acute"
"12","mental_health_disorders","F43.12","post-traumatic stress disorder, chronic"
"12","mental_health_disorders","F43.2","adjustment disorders"
"12","mental_health_disorders","F43.20","adjustment disorder, unspecified"
"12","mental_health_disorders","F43.21","adjustment disorder with depressed mood"
"12","mental_health_disorders","F43.22","adjustment disorder with anxiety"
"12","mental_health_disorders","F43.23","adjustment disorder with mixed anxiety and depressed mood"
"12","mental_health_disorders","F43.24","adjustment disorder with disturbance of conduct"
"12","mental_health_disorders","F43.25","adjustment disorder with mixed disturbance of emotions and conduct"
"12","mental_health_disorders","F43.29","adjustment disorder with other symptoms"
"12","mental_health_disorders","F43.8","other reactions to severe stress"
"12","mental_health_disorders","F43.81","prolonged grief disorder"
"12","mental_health_disorders","F43.89","other reactions to severe stress"
"12","mental_health_disorders","F43.9","reaction to severe stress, unspecified"
"12","mental_health_disorders","F44","dissociative and conversion disorders"
"12","mental_health_disorders","F44.0","dissociative amnesia"
"12","mental_health_disorders","F44.1","dissociative fugue"
"12","mental_health_disorders","F44.2","dissociative stupor"
"12","mental_health_disorders","F44.4","conversion disorder with motor symptom or deficit"
"12","mental_health_disorders","F44.5","conversion disorder with seizures or convulsions"
"12","mental_health_disorders","F44.6","conversion disorder with sensory symptom or deficit"
"12","mental_health_disorders","F44.7","conversion disorder with mixed symptom presentation"
"12","mental_health_disorders","F44.8","other dissociative and conversion disorders"
"12","mental_health_disorders","F44.81","dissociative identity disorder"
"12","mental_health_disorders","F44.89","other dissociative and conversion disorders"
"12","mental_health_disorders","F44.9","dissociative and conversion disorder, unspecified"
"12","mental_health_disorders","F45","somatoform disorders"
"12","mental_health_disorders","F45.0","somatization disorder"
"12","mental_health_disorders","F45.1","undifferentiated somatoform disorder"
"12","mental_health_disorders","F45.2","hypochondriacal disorders"
"12","mental_health_disorders","F45.20","hypochondriacal disorder, unspecified"
"12","mental_health_disorders","F45.21","hypochondriasis"
"12","mental_health_disorders","F45.22","body dysmorphic disorder"
"12","mental_health_disorders","F45.29","other hypochondriacal disorders"
"12","mental_health_disorders","F45.4","pain disorders related to psychological factors"
"12","mental_health_disorders","F45.41","pain disorder exclusively related to psychological factors"
"12","mental_health_disorders","F45.42","pain disorder with related psychological factors"
"12","mental_health_disorders","F45.8","other somatoform disorders"
"12","mental_health_disorders","F45.9","somatoform disorder, unspecified"
"12","mental_health_disorders","F48","other nonpsychotic mental disorders"
"12","mental_health_disorders","F48.1","depersonalization-derealization syndrome"
"12","mental_health_disorders","F48.2","pseudobulbar affect"
"12","mental_health_disorders","F48.8","other specified nonpsychotic mental disorders"
"12","mental_health_disorders","F48.9","nonpsychotic mental disorder, unspecified"
